TimeStamp (sec), activityIdx, lapIdx, pointIdx, ElapsedTime (sec), Horizontal (meters), Stroke500mPace (sec/500m), Cadence (stokes/min), HRCur (bpm), Power (watts), Calories (kCal), Speed (m/sec), StrokeCount, StrokeDistance (meters), DriveLength (meters), DriveTime (ms), StrokeRecoveryTime (ms), WorkPerStroke (joules), AverageDriveForce (lbs), PeakDriveForce (lbs), DragFactor
1457612870.36232, 0, 1, 0, 0.8, 3.7, 110.69, 0, 111, 262, 0, 4.537, 1, 3.08, 1.33, 680, 0, 6553.5, 159.7, 271.9, 0
1457612872.04437, 0, 1, 1, 2.52, 12.4, 100.06, 35, 112, 355, 0, 5.021, 2, 8.63, 1.48, 620, 910, 609.8, 161.7, 260.1, 118
1457612874.08641, 0, 1, 2, 4.54, 22.7, 98.72, 30, 115, 369, 1, 5.09, 3, 10.25, 1.39, 560, 1250, 744.2, 142.8, 224.7, 119
1457612876.18422, 0, 1, 3, 6.65, 33.3, 99.42, 28, 119, 362, 2, 5.054, 4, 10.64, 1.42, 580, 1320, 761.3, 135.9, 218.5, 119
1457612878.2839, 0, 1, 4, 8.76, 43.9, 100.33, 29, 119, 352, 3, 5.008, 5, 10.48, 1.45, 590, 1290, 736.5, 136.4, 239.2, 119
1457612880.23462, 0, 1, 5, 10.7, 53.7, 99.41, 31, 123, 362, 4, 5.055, 6, 9.82, 1.39, 560, 1170, 703.2, 130.6, 232.8, 119
1457612882.20868, 0, 1, 6, 12.67, 63.5, 100.2, 30, 128, 353, 5, 5.014, 7, 9.91, 1.42, 580, 1180, 698.1, 127, 236.5, 119
1457612884.1939, 0, 1, 7, 14.65, 73.5, 100.73, 30, 129, 348, 6, 4.988, 8, 9.91, 1.42, 580, 1190, 690.5, 129.5, 232.3, 119
1457612886.20426, 0, 1, 8, 16.67, 83.5, 101.02, 30, 134, 345, 6, 4.973, 9, 9.97, 1.39, 570, 1220, 691, 130.3, 211.9, 119
1457612888.21432, 0, 1, 9, 18.67, 93.4, 101.26, 30, 137, 342, 7, 4.962, 10, 9.98, 1.42, 590, 1210, 688.2, 127.6, 205.9, 119
1457612890.22371, 0, 1, 10, 20.68, 103.3, 101.69, 30, 144, 338, 8, 4.94, 11, 9.91, 1.42, 590, 1200, 677.9, 123, 196.5, 120
1457612892.23376, 0, 1, 11, 22.7, 113.3, 102.2, 30, 148, 333, 9, 4.916, 12, 9.93, 1.42, 590, 1210, 672.3, 126.2, 205, 120
1457612894.23668, 0, 1, 12, 24.68, 123, 101.96, 30, 149, 335, 10, 4.927, 13, 9.77, 1.42, 590, 1170, 664.8, 123.5, 214.1, 120
1457612896.19438, 0, 1, 13, 26.66, 132.8, 101.69, 31, 153, 338, 10, 4.941, 14, 9.7, 1.42, 590, 1160, 663.6, 125.6, 219.2, 120
1457612898.2046, 0, 1, 14, 28.68, 142.8, 101.91, 30, 155, 336, 11, 4.93, 15, 9.93, 1.39, 580, 1220, 675.8, 131.1, 239.8, 120
1457612900.24204, 0, 1, 15, 30.69, 152.7, 101.71, 30, 155, 338, 12, 4.94, 16, 10, 1.42, 590, 1220, 683.8, 126.7, 228.3, 120
1457612902.27756, 0, 1, 16, 32.72, 162.7, 102.11, 30, 154, 334, 13, 4.92, 17, 10, 1.39, 580, 1240, 678.2, 130.5, 216.5, 120
1457612904.32101, 0, 1, 17, 34.77, 172.8, 102, 29, 157, 335, 14, 4.925, 18, 10.07, 1.42, 590, 1240, 684.4, 128.8, 228.2, 119
1457612906.33614, 0, 1, 18, 36.81, 182.8, 101.99, 30, 157, 335, 15, 4.926, 19, 9.99, 1.39, 580, 1240, 678.9, 129.3, 222.1, 119
1457612908.37484, 0, 1, 19, 38.84, 192.8, 102.13, 29, 156, 333, 15, 4.919, 20, 10.05, 1.42, 590, 1240, 681.2, 131, 228.4, 119
1457612910.44178, 0, 1, 20, 40.89, 202.9, 101.63, 29, 156, 338, 16, 4.943, 21, 10.13, 1.42, 590, 1250, 693.2, 129.6, 229.8, 119
1457612912.45592, 0, 1, 21, 42.9, 212.9, 101.51, 30, 156, 340, 17, 4.949, 22, 9.89, 1.42, 590, 1200, 679, 125.5, 215.3, 119
1457612914.43502, 0, 1, 22, 44.89, 222.7, 101.79, 30, 157, 337, 18, 4.935, 23, 9.81, 1.42, 590, 1180, 669.8, 122, 229.9, 118
1457612916.41565, 0, 1, 23, 46.89, 232.5, 102.22, 30, 159, 332, 19, 4.915, 24, 9.8, 1.42, 590, 1190, 663.2, 128, 208.3, 119
1457612918.39735, 0, 1, 24, 48.85, 242.3, 101.2, 30, 160, 343, 19, 4.965, 25, 9.82, 1.45, 600, 1170, 678.2, 126.5, 237.6, 119
1457612920.40316, 0, 1, 25, 50.84, 252.2, 100.91, 30, 159, 346, 20, 4.979, 26, 9.83, 1.42, 580, 1180, 682.8, 131, 244.1, 119
1457612922.38598, 0, 1, 26, 52.83, 262.2, 100.51, 30, 160, 350, 21, 4.999, 27, 10.04, 1.42, 580, 1220, 703.2, 133.1, 218.7, 118
1457612924.45576, 0, 1, 27, 54.85, 272.3, 100.3, 30, 160, 352, 22, 5.009, 28, 10.02, 1.42, 580, 1210, 704.8, 130.6, 246.7, 118
1457612926.37632, 0, 1, 28, 56.84, 282.2, 100.47, 30, 160, 350, 23, 5.001, 29, 9.95, 1.42, 580, 1200, 697, 133.5, 215.2, 118
1457612928.35735, 0, 1, 29, 58.81, 292.1, 100.08, 30, 162, 354, 24, 5.02, 30, 9.96, 1.42, 580, 1190, 703.4, 131, 240.6, 119
1457612930.3281, 0, 1, 30, 62.51, 302, 100.27, 30, 162, 354, 24, 5.011, 31, 9.8, 1.39, 570, 1180, 703.4, 133.7, 276.5, 118
1457612935.16292, 0, 1, 31, 67.32, 322.3, 129.8, 30, 162, 354, 25, 3.866, 33, 9.67, 0.85, 530, 1810, 703.4, 36.3, 55.8, 117
1457612937.68613, 0, 1, 32, 69.84, 330.5, 153.94, 30, 161, 354, 25, 3.258, 34, 8.24, 0.97, 690, 1640, 703.4, 36.8, 54.3, 119
1457612940.32373, 0, 1, 33, 72.48, 338.4, 166.59, 30, 162, 354, 25, 3.01, 35, 7.92, 1.03, 780, 1680, 703.4, 37.8, 52.7, 119
1457612945.63651, 0, 1, 34, 77.79, 353.5, 178.99, 30, 161, 354, 26, 2.801, 37, 7.42, 1.06, 850, 1610, 703.4, 38.5, 50.2, 120
1457612951.00517, 0, 1, 35, 83.15, 368.9, 171.71, 30, 159, 354, 26, 2.92, 39, 7.8, 1.12, 860, 1630, 703.4, 41.5, 58.2, 119
1457612958.95414, 0, 1, 36, 91.11, 392.8, 159.48, 30, 157, 354, 27, 3.144, 42, 7.78, 1.36, 840, 1450, 703.4, 97.5, 139.2, 119
1457612961.44703, 0, 2, 0, 0.81, 4.7, 107.99, 0, 157, 282, 0, 4.651, 1, 3.16, 0.37, 670, 0, 6553.5, 169.2, 273.9, 119
1457612963.40085, 0, 2, 1, 2.76, 14.3, 102.01, 31, 156, 335, 1, 4.925, 2, 9.62, 1.45, 590, 1140, 653.9, 144.1, 239, 119
1457612965.40796, 0, 2, 2, 4.76, 24.4, 99.06, 30, 156, 366, 2, 5.073, 3, 10.05, 1.39, 560, 1210, 724.8, 136, 225.3, 118
1457612967.40983, 0, 2, 3, 6.77, 34.5, 99.89, 30, 156, 356, 2, 5.03, 4, 10.18, 1.42, 580, 1240, 721.5, 129.7, 218.3, 119
1457612969.39701, 0, 2, 4, 8.76, 44.5, 100.36, 30, 156, 351, 3, 5.006, 5, 9.9, 1.42, 580, 1180, 695.2, 131.5, 209.3, 119
1457612971.37446, 0, 2, 5, 10.73, 54.4, 100.09, 30, 156, 354, 4, 5.02, 6, 9.9, 1.42, 580, 1180, 699.1, 130.4, 206.5, 118
1457612973.35798, 0, 2, 6, 12.73, 64.4, 100.4, 30, 156, 351, 5, 5.004, 7, 10.03, 1.42, 580, 1210, 703.8, 131.3, 242.2, 118
1457612975.3666, 0, 2, 7, 14.74, 74.5, 100.32, 30, 156, 352, 6, 5.008, 8, 10.03, 1.42, 580, 1220, 705, 135.1, 216.1, 118
1457612977.37016, 0, 2, 8, 16.73, 84.5, 100.14, 30, 157, 354, 7, 5.017, 9, 9.97, 1.39, 570, 1210, 702.8, 133.7, 227.5, 119
1457612979.35011, 0, 2, 9, 18.7, 94.4, 99.9, 30, 159, 356, 7, 5.029, 10, 9.91, 1.42, 580, 1180, 701.9, 132.8, 245.5, 119
1457612981.33495, 0, 2, 10, 20.69, 104.3, 100.06, 30, 162, 355, 8, 5.021, 11, 10.04, 1.42, 580, 1210, 709.4, 133.6, 240.9, 119
1457612983.37026, 0, 2, 11, 22.73, 114.5, 100.3, 29, 163, 352, 9, 5.009, 12, 10.2, 1.42, 580, 1240, 717.1, 131.8, 238.3, 120
1457612985.44456, 0, 2, 12, 24.8, 124.9, 100.47, 29, 163, 350, 10, 5.001, 13, 10.29, 1.45, 600, 1250, 720.7, 130.8, 209.4, 119
1457612987.45868, 0, 2, 13, 26.83, 135, 100.85, 29, 164, 346, 11, 4.982, 14, 10.19, 1.42, 580, 1250, 708.5, 129.1, 242, 119
1457612989.43728, 0, 2, 14, 28.8, 144.9, 100.82, 30, 166, 347, 12, 4.983, 15, 9.83, 1.42, 580, 1180, 683.7, 132.8, 234.3, 119
1457612991.44709, 0, 2, 15, 30.81, 154.9, 100.28, 30, 166, 352, 12, 5.01, 16, 10.06, 1.42, 580, 1220, 707.2, 129.8, 216.7, 119
1457612993.42795, 0, 2, 16, 32.78, 164.8, 100.67, 30, 166, 348, 13, 4.991, 17, 9.82, 1.39, 570, 1190, 685.6, 132.8, 231, 119
1457612995.40486, 0, 2, 17, 34.76, 174.7, 100.4, 31, 166, 351, 14, 5.004, 18, 9.83, 1.42, 580, 1170, 689.5, 128.4, 224, 119
1457612997.38378, 0, 2, 18, 36.72, 184.4, 100.81, 30, 166, 347, 15, 4.984, 19, 9.83, 1.39, 570, 1190, 684.1, 131.1, 212.8, 119
1457612999.33777, 0, 2, 19, 38.71, 194.3, 100.85, 30, 166, 346, 16, 4.982, 20, 9.92, 1.42, 590, 1190, 689.7, 125.3, 211.2, 120
1457613001.34415, 0, 2, 20, 40.71, 204.3, 101.11, 30, 166, 344, 17, 4.969, 21, 9.86, 1.42, 580, 1190, 682.3, 131.3, 238.3, 120
1457613003.32256, 0, 2, 21, 42.7, 214.2, 100.83, 30, 166, 346, 17, 4.983, 22, 9.92, 1.39, 570, 1210, 690, 129.8, 220.2, 119
1457613005.36518, 0, 2, 22, 44.72, 224.2, 101.4, 30, 167, 341, 18, 4.955, 23, 9.98, 1.39, 570, 1230, 686.3, 128.9, 212, 120
1457613007.37068, 0, 2, 23, 46.73, 234.2, 101.46, 30, 167, 340, 19, 4.952, 24, 9.99, 1.42, 580, 1220, 686.6, 136.1, 218.7, 119
1457613009.35811, 0, 2, 24, 48.72, 244.1, 100.42, 30, 168, 351, 20, 5.003, 25, 9.99, 1.42, 580, 1200, 700.9, 128.3, 232.8, 120
1457613011.42451, 0, 2, 25, 50.78, 254.3, 101.35, 29, 168, 341, 21, 4.957, 26, 10.15, 1.42, 590, 1240, 698.8, 124.2, 230.6, 119
1457613013.43494, 0, 2, 26, 52.78, 264.2, 101.98, 30, 168, 335, 22, 4.926, 27, 9.84, 1.42, 590, 1190, 668.9, 129.7, 229.8, 119
1457613015.38617, 0, 2, 27, 54.75, 274, 101.25, 30, 168, 342, 22, 4.962, 28, 9.77, 1.42, 590, 1170, 673.7, 127.3, 228.9, 119
1457613017.335, 0, 2, 28, 56.71, 283.7, 101.03, 30, 168, 344, 23, 4.973, 29, 9.83, 1.39, 570, 1200, 681.3, 131.5, 243, 119
1457613019.35046, 0, 2, 29, 58.73, 293.8, 100.87, 30, 168, 346, 24, 4.981, 30, 9.98, 1.45, 600, 1190, 693.6, 130.5, 232.2, 119
1457613021.41669, 0, 2, 30, 62.19, 303.6, 103.09, 30, 168, 346, 24, 4.873, 31, 9.84, 1.33, 590, 1220, 693.6, 88.1, 142.4, 119
1457613025.64471, 0, 2, 31, 66.41, 320.3, 139.03, 30, 168, 346, 25, 3.609, 33, 6.8, 0.2, 90, 1620, 693.6, 18.8, 21.9, 119
1457613028.73934, 0, 2, 32, 69.51, 330.2, 159.03, 30, 169, 346, 25, 3.153, 35, 7.99, 1, 730, 1640, 693.6, 36.2, 53.2, 119
1457613033.87002, 0, 2, 33, 74.63, 344.9, 177.8, 30, 169, 346, 25, 2.82, 37, 7.33, 1, 800, 1610, 693.6, 33.3, 45.3, 119
1457613039.05913, 0, 2, 34, 79.78, 358.7, 190.71, 30, 168, 346, 26, 2.628, 39, 6.77, 0.91, 800, 1600, 693.6, 30.8, 42.1, 119
1457613047.04038, 0, 2, 35, 87.8, 379.9, 186.73, 30, 165, 346, 26, 2.684, 42, 7.35, 1.15, 940, 1630, 693.6, 44.7, 58.7, 120
1457613049.67998, 0, 2, 36, 90.46, 388.1, 166.55, 30, 164, 346, 26, 3.01, 43, 8.02, 1.33, 900, 1580, 693.6, 83.7, 124.1, 119
1457613052.13985, 0, 3, 0, 0.79, 4.4, 107.97, 0, 163, 282, 0, 4.652, 1, 3.08, 0.31, 660, 0, 6553.5, 183.4, 270.2, 119
1457613054.02989, 0, 3, 1, 2.67, 13.8, 100.34, 32, 162, 352, 1, 5.007, 2, 9.41, 1.45, 580, 1080, 661.1, 151.6, 268.7, 121
1457613056.00593, 0, 3, 2, 4.66, 24.1, 96.9, 30, 162, 391, 2, 5.186, 3, 10.26, 1.42, 570, 1210, 772.7, 136.6, 227.9, 121
1457613058.04289, 0, 3, 3, 6.68, 34.4, 98.8, 30, 162, 368, 2, 5.085, 4, 10.32, 1.39, 560, 1260, 747.9, 136.3, 224.3, 121
1457613060.09013, 0, 3, 4, 8.74, 44.7, 100.06, 29, 162, 355, 3, 5.021, 5, 10.32, 1.42, 580, 1260, 729.1, 131.1, 230, 121
1457613062.09465, 0, 3, 5, 10.76, 54.8, 100.55, 30, 162, 349, 4, 4.997, 6, 10.1, 1.42, 580, 1220, 706.7, 131.3, 210.2, 119
1457613064.13741, 0, 3, 6, 12.8, 64.9, 101.19, 29, 163, 343, 5, 4.965, 7, 10.12, 1.39, 570, 1250, 698.8, 131.1, 207.2, 118
1457613066.20999, 0, 3, 7, 14.85, 75.1, 101.58, 29, 164, 339, 6, 4.946, 8, 10.1, 1.42, 590, 1240, 692.3, 131.5, 213.6, 118
1457613068.25016, 0, 3, 8, 16.89, 85.2, 101.29, 29, 165, 342, 7, 4.96, 9, 10.18, 1.42, 580, 1260, 701.8, 133.4, 211.7, 119
1457613070.32099, 0, 3, 9, 18.94, 95.4, 100.7, 30, 166, 348, 7, 4.989, 10, 10.12, 1.42, 580, 1240, 706, 134.8, 219.1, 119
1457613072.33077, 0, 3, 10, 20.97, 105.5, 100.57, 29, 166, 349, 8, 4.996, 11, 10.2, 1.42, 580, 1250, 713.5, 132.2, 240.7, 120
1457613074.40037, 0, 3, 11, 23.04, 115.8, 100.96, 29, 167, 345, 9, 4.976, 12, 10.22, 1.42, 590, 1250, 708.8, 130.5, 212.5, 120
1457613076.46218, 0, 3, 12, 25.07, 125.9, 101.22, 29, 168, 342, 10, 4.963, 13, 10.15, 1.42, 590, 1240, 700.3, 130.7, 216.8, 119
1457613078.47687, 0, 3, 13, 27.11, 136.1, 101.28, 29, 168, 342, 11, 4.961, 14, 10.14, 1.42, 580, 1250, 698.9, 135.2, 217.9, 119
1457613080.5209, 0, 3, 14, 29.17, 146.3, 100.68, 29, 168, 348, 12, 4.99, 15, 10.21, 1.42, 580, 1250, 712.2, 132.9, 221.7, 119
1457613082.52791, 0, 3, 15, 31.16, 156.3, 100.74, 30, 169, 347, 13, 4.987, 16, 9.98, 1.39, 570, 1220, 695.7, 133.6, 216.3, 119
1457613084.54147, 0, 3, 16, 33.19, 166.4, 100.59, 30, 169, 349, 13, 4.995, 17, 10.06, 1.42, 580, 1220, 703, 132.6, 224.7, 119
1457613086.52145, 0, 3, 17, 35.17, 176.3, 100.5, 30, 170, 350, 14, 4.999, 18, 9.97, 1.39, 570, 1220, 698.4, 135.5, 229.7, 119
1457613088.5571, 0, 3, 18, 37.21, 186.5, 100.45, 30, 170, 350, 15, 5.002, 19, 10.13, 1.39, 570, 1250, 710.3, 134.9, 237.8, 120
1457613090.60074, 0, 3, 19, 39.25, 196.7, 100.76, 29, 171, 347, 16, 4.986, 20, 10.22, 1.39, 570, 1270, 711.9, 135.3, 218.9, 119
1457613092.6413, 0, 3, 20, 41.27, 206.7, 100.8, 30, 172, 347, 17, 4.984, 21, 10.06, 1.39, 570, 1240, 700.4, 132.5, 234.3, 119
1457613094.68162, 0, 3, 21, 43.33, 216.9, 101.29, 29, 172, 342, 18, 4.96, 22, 10.13, 1.42, 590, 1240, 698.3, 126.2, 236.5, 119
1457613096.71382, 0, 3, 22, 45.35, 226.9, 101.8, 30, 171, 337, 18, 4.935, 23, 9.98, 1.42, 590, 1220, 681.1, 128.9, 215.2, 119
1457613098.72683, 0, 3, 23, 47.37, 236.9, 101.55, 30, 172, 339, 19, 4.947, 24, 10.05, 1.45, 600, 1220, 688.9, 127.8, 240.1, 118
1457613100.76693, 0, 3, 24, 49.42, 247.1, 101.46, 29, 172, 340, 20, 4.952, 25, 10.11, 1.42, 580, 1240, 694.5, 130.2, 236.9, 119
1457613102.8368, 0, 3, 25, 51.44, 257.1, 101.55, 30, 172, 339, 21, 4.947, 26, 10.04, 1.42, 590, 1230, 688.7, 127.5, 225.7, 119
1457613104.84744, 0, 3, 26, 53.48, 267.1, 101.91, 29, 172, 336, 22, 4.93, 27, 10.04, 1.39, 570, 1250, 683.9, 133.7, 225.5, 119
1457613106.89109, 0, 3, 27, 55.53, 277.3, 101.23, 29, 171, 342, 23, 4.963, 28, 10.21, 1.45, 600, 1240, 704.6, 128, 212.4, 120
1457613108.96228, 0, 3, 28, 57.6, 287.6, 101.66, 29, 171, 338, 23, 4.942, 29, 10.14, 1.42, 590, 1250, 694.1, 128, 236.7, 119
1457613111.03199, 0, 3, 29, 59.66, 297.8, 101.56, 29, 171, 339, 24, 4.947, 30, 10.28, 1.45, 590, 1270, 704.9, 141, 257.8, 119
1457613118.25765, 0, 3, 30, 67.43, 324.2, 166.29, 29, 172, 339, 25, 3.015, 33, 7.39, 0.91, 690, 1590, 704.9, 31.5, 51, 119
1457613120.77945, 0, 3, 31, 69.95, 331.3, 177.08, 29, 172, 339, 25, 2.831, 34, 7.11, 0.97, 770, 1560, 704.9, 36.5, 52.3, 118
1457613128.7019, 0, 3, 32, 77.83, 352.3, 195.08, 29, 171, 339, 25, 2.569, 37, 6.88, 0.94, 850, 1650, 704.9, 27, 38, 119
1457613131.40214, 0, 3, 33, 80.56, 359.1, 200.36, 29, 170, 339, 25, 2.501, 38, 6.81, 0.94, 870, 1700, 704.9, 26.2, 38.3, 116
1457613136.76717, 0, 3, 34, 85.94, 372.8, 193.29, 29, 167, 339, 25, 2.593, 40, 7.12, 1.12, 990, 1580, 704.9, 35, 45, 120
1457613139.53533, 0, 3, 35, 88.67, 380.4, 181.09, 29, 166, 339, 26, 2.768, 41, 7.57, 1.24, 970, 1600, 704.9, 54.1, 72.9, 119
1457613142.26288, 0, 4, 0, 0.74, 3.8, 108.97, 0, 165, 274, 0, 4.609, 1, 2.86, 1.48, 620, 0, 6553.5, 178.6, 278.5, 120
1457613144.12009, 0, 4, 1, 2.59, 12.9, 102.6, 33, 164, 329, 0, 4.897, 2, 8.97, 1.45, 590, 1030, 602.9, 151, 243.9, 121
1457613146.1288, 0, 4, 2, 4.56, 23, 97.84, 30, 164, 379, 1, 5.136, 3, 10.17, 1.42, 570, 1210, 751.9, 141.3, 232.6, 121
1457613148.10865, 0, 4, 3, 6.58, 33.3, 98.22, 30, 163, 375, 2, 5.116, 4, 10.33, 1.42, 570, 1240, 757.7, 135.7, 224.1, 121
1457613150.17582, 0, 4, 4, 8.64, 43.8, 99.29, 29, 164, 363, 3, 5.06, 5, 10.33, 1.42, 580, 1250, 741.3, 136.3, 250.7, 121
1457613152.21598, 0, 4, 5, 10.68, 54, 99.82, 29, 164, 357, 4, 5.034, 6, 10.32, 1.45, 590, 1240, 732.4, 132.5, 210, 121
1457613154.23021, 0, 4, 6, 12.72, 64.3, 100.3, 30, 165, 352, 5, 5.009, 7, 10.17, 1.42, 590, 1230, 715.2, 131.3, 223.3, 120
1457613156.33059, 0, 4, 7, 14.78, 74.5, 100.89, 29, 165, 346, 6, 4.98, 8, 10.31, 1.45, 600, 1260, 716.4, 127.9, 213.7, 120
1457613158.34065, 0, 4, 8, 16.82, 84.6, 101.23, 30, 166, 342, 7, 4.963, 9, 10.09, 1.42, 590, 1230, 696, 131.9, 229.7, 119
1457613160.40644, 0, 4, 9, 18.85, 94.7, 100.97, 29, 166, 345, 7, 4.976, 10, 10.14, 1.45, 600, 1230, 703.1, 130.5, 240.6, 119
1457613162.45439, 0, 4, 10, 20.9, 104.9, 100.78, 30, 168, 347, 8, 4.985, 11, 10.14, 1.42, 580, 1240, 705.8, 131.7, 239.8, 119
1457613164.49186, 0, 4, 11, 22.96, 115.2, 101.26, 29, 168, 342, 9, 4.961, 12, 10.28, 1.42, 590, 1270, 709, 130.5, 241.5, 119
1457613166.55666, 0, 4, 12, 25.02, 125.4, 101.41, 29, 168, 341, 10, 4.954, 13, 10.2, 1.45, 600, 1250, 701.7, 128.7, 245.2, 119
1457613168.62885, 0, 4, 13, 27.06, 135.5, 101.36, 29, 168, 341, 11, 4.957, 14, 10.12, 1.45, 600, 1230, 696.8, 128.2, 237.3, 119
1457613170.64373, 0, 4, 14, 29.12, 145.7, 101.3, 29, 170, 342, 12, 4.96, 15, 10.19, 1.45, 600, 1240, 702.5, 130.3, 233.3, 119
1457613172.67643, 0, 4, 15, 31.14, 155.7, 100.84, 30, 171, 346, 12, 4.982, 16, 10.05, 1.42, 580, 1220, 699.2, 132.7, 242.3, 119
1457613174.69487, 0, 4, 16, 33.17, 165.9, 100.83, 30, 170, 347, 13, 4.983, 17, 10.13, 1.39, 570, 1250, 704.7, 131.3, 231.8, 118
1457613176.76441, 0, 4, 17, 35.25, 176.1, 101.61, 29, 170, 339, 14, 4.945, 18, 10.18, 1.42, 590, 1260, 697.6, 131.8, 220.8, 119
1457613178.80467, 0, 4, 18, 37.27, 186.2, 101.26, 29, 171, 342, 15, 4.962, 19, 10.12, 1.42, 580, 1240, 698.1, 131.4, 222.7, 119
1457613180.84438, 0, 4, 19, 39.31, 196.3, 101.2, 29, 171, 343, 16, 4.964, 20, 10.13, 1.42, 580, 1240, 699.2, 133.1, 221.7, 119
1457613182.90645, 0, 4, 20, 41.36, 206.5, 100.76, 29, 172, 347, 17, 4.986, 21, 10.14, 1.42, 580, 1240, 706.1, 132, 220.2, 120
1457613184.9207, 0, 4, 21, 43.4, 216.7, 100.84, 29, 172, 346, 18, 4.982, 22, 10.15, 1.42, 580, 1240, 705.9, 130.8, 215.2, 120
1457613186.93557, 0, 4, 22, 45.42, 226.7, 101.23, 30, 172, 342, 18, 4.963, 23, 10.07, 1.39, 570, 1240, 695.1, 131.8, 220.8, 120
1457613189.00211, 0, 4, 23, 47.45, 236.8, 101.42, 30, 172, 340, 19, 4.954, 24, 10.07, 1.42, 590, 1230, 692.4, 127.4, 229.7, 120
1457613191.04444, 0, 4, 24, 49.51, 246.9, 102.01, 29, 173, 335, 20, 4.925, 25, 10.07, 1.42, 590, 1240, 684.3, 129.9, 216.6, 120
1457613193.08535, 0, 4, 25, 51.55, 257, 101.83, 29, 173, 336, 21, 4.934, 26, 10.07, 1.39, 580, 1250, 686.7, 129.5, 216.2, 119
1457613195.15224, 0, 4, 26, 53.62, 267.1, 102.31, 29, 174, 332, 22, 4.91, 27, 10.13, 1.42, 590, 1260, 684.4, 130.5, 244.9, 120
1457613197.19045, 0, 4, 27, 55.65, 277.2, 101.54, 29, 174, 339, 22, 4.948, 28, 10.07, 1.45, 600, 1220, 690.7, 128.1, 209.5, 119
1457613199.23513, 0, 4, 28, 57.69, 287.3, 101.58, 29, 174, 339, 23, 4.946, 29, 10.13, 1.45, 600, 1230, 694.3, 128.7, 211.2, 119
1457613201.3025, 0, 4, 29, 59.75, 297.6, 101.12, 29, 174, 344, 24, 4.969, 30, 10.2, 1.45, 590, 1240, 705.3, 134.5, 237, 119
1457613205.80519, 0, 4, 30, 64.85, 315.7, 121.6, 29, 173, 344, 25, 4.128, 31, 18.48, 0.56, 390, 3930, 705.3, 29.4, 44.7, 111
1457613208.2654, 0, 4, 31, 67.34, 323.1, 169.07, 29, 174, 344, 25, 2.966, 32, 7.34, 0.91, 690, 1610, 705.3, 30.8, 49.2, 118
1457613213.39545, 0, 4, 32, 72.47, 337.1, 187.36, 29, 173, 344, 25, 2.675, 34, 6.96, 0.94, 810, 1620, 705.3, 32.4, 48, 119
1457613230.04686, 0, 4, 33, 89.1, 382.3, 174.39, 29, 170, 344, 26, 2.875, 40, 9.16, 1.45, 1010, 1980, 705.3, 77.1, 110.9, 119
1457613232.55867, 0, 5, 0, 0.72, 3.6, 104.92, 0, 169, 307, 0, 4.788, 1, 2.79, 1.48, 580, 0, 6553.5, 175.8, 266.8, 119
1457613234.39617, 0, 5, 1, 2.57, 12.9, 101.22, 32, 168, 342, 1, 4.963, 2, 9.19, 1.42, 570, 1060, 634.3, 149.7, 247.5, 121
1457613236.37858, 0, 5, 2, 4.54, 23, 97.73, 31, 168, 381, 1, 5.142, 3, 10.1, 1.42, 570, 1190, 747.7, 137.1, 250, 120
1457613238.35622, 0, 5, 3, 6.53, 33.2, 98.53, 30, 168, 371, 2, 5.1, 4, 10.16, 1.42, 570, 1210, 740.3, 133.8, 245.7, 120
1457613240.39602, 0, 5, 4, 8.57, 43.4, 99.8, 29, 168, 357, 3, 5.034, 5, 10.3, 1.42, 580, 1260, 731.4, 131.7, 229.3, 120
1457613242.43101, 0, 5, 5, 10.62, 53.6, 100.48, 29, 168, 350, 4, 5, 6, 10.24, 1.45, 600, 1240, 717.2, 132.8, 247.9, 120
1457613244.50653, 0, 5, 6, 12.67, 63.9, 100.24, 29, 169, 353, 5, 5.012, 7, 10.29, 1.45, 590, 1250, 724.3, 133.1, 219.6, 118
1457613246.5478, 0, 5, 7, 14.72, 74.2, 100.45, 29, 169, 350, 6, 5.002, 8, 10.18, 1.42, 580, 1240, 713.3, 134.6, 242.4, 118
1457613248.58641, 0, 5, 8, 16.75, 84.4, 100.31, 29, 168, 352, 7, 5.009, 9, 10.24, 1.42, 580, 1260, 720, 132.7, 210.6, 118
1457613250.65672, 0, 5, 9, 18.84, 94.7, 100.94, 29, 170, 345, 7, 4.978, 10, 10.31, 1.45, 600, 1260, 715.9, 127.4, 201.6, 118
1457613252.69685, 0, 5, 10, 20.87, 104.8, 101.24, 29, 170, 342, 8, 4.963, 11, 10.17, 1.45, 600, 1240, 701.5, 131.8, 245.7, 118
1457613254.76778, 0, 5, 11, 22.94, 115.2, 100.87, 29, 171, 346, 9, 4.981, 12, 10.25, 1.42, 580, 1270, 712.2, 135.2, 213.9, 119
1457613256.80676, 0, 5, 12, 24.98, 125.4, 100.36, 29, 172, 351, 10, 5.006, 13, 10.2, 1.45, 590, 1230, 716, 131.8, 236.2, 119
1457613258.84759, 0, 5, 13, 27.01, 135.5, 100.46, 29, 172, 350, 11, 5.001, 14, 10.2, 1.42, 580, 1250, 714.7, 130.6, 217.6, 119
1457613260.91746, 0, 5, 14, 29.08, 145.8, 101.2, 29, 172, 343, 12, 4.965, 15, 10.19, 1.42, 580, 1260, 703.8, 134.6, 234.2, 119
1457613262.95701, 0, 5, 15, 31.11, 156, 100.51, 29, 172, 350, 13, 4.999, 16, 10.19, 1.45, 600, 1230, 713.2, 130.3, 242.5, 118
1457613264.97637, 0, 5, 16, 33.14, 166.1, 100.64, 30, 173, 348, 13, 4.992, 17, 10.1, 1.45, 600, 1220, 705.1, 129.8, 238.2, 119
1457613267.0045, 0, 5, 17, 35.17, 176.2, 100.73, 29, 174, 348, 14, 4.988, 18, 10.19, 1.42, 580, 1250, 710.2, 132.4, 218.5, 118
1457613269.1044, 0, 5, 18, 37.25, 186.5, 101.17, 29, 174, 343, 15, 4.966, 19, 10.33, 1.42, 580, 1280, 713.8, 131.8, 220.6, 119
1457613271.14647, 0, 5, 19, 39.31, 196.7, 101.61, 29, 175, 339, 16, 4.944, 20, 10.2, 1.42, 590, 1260, 698.4, 130.1, 242.2, 120
1457613273.2494, 0, 5, 20, 41.4, 207, 101.75, 29, 175, 337, 17, 4.937, 21, 10.29, 1.42, 590, 1280, 703, 130.8, 215.7, 120
1457613275.31057, 0, 5, 21, 43.47, 217.2, 101.92, 29, 175, 335, 18, 4.929, 22, 10.14, 1.42, 590, 1250, 690.5, 130.5, 214.4, 120
1457613277.3577, 0, 5, 22, 45.51, 227.3, 101.49, 29, 176, 340, 18, 4.95, 23, 10.14, 1.42, 590, 1250, 696.5, 133, 220.2, 119
1457613279.36818, 0, 5, 23, 47.54, 237.5, 101.06, 30, 176, 344, 19, 4.971, 24, 10.05, 1.42, 580, 1230, 696.2, 131.3, 249.2, 119
1457613281.40367, 0, 5, 24, 49.58, 247.6, 101.02, 29, 176, 345, 20, 4.973, 25, 10.2, 1.45, 600, 1240, 707, 129.6, 221.5, 119
1457613283.50794, 0, 5, 25, 51.67, 257.9, 101.38, 29, 176, 341, 21, 4.956, 26, 10.27, 1.45, 600, 1260, 706.3, 127, 243.1, 119
1457613285.6089, 0, 5, 26, 53.74, 268.1, 101.76, 29, 176, 337, 22, 4.937, 27, 10.2, 1.45, 600, 1250, 696.3, 127.9, 212.2, 119
1457613287.61793, 0, 5, 27, 55.8, 278.3, 101.58, 29, 177, 339, 23, 4.946, 28, 10.27, 1.48, 610, 1250, 704, 129.9, 235.5, 119
1457613289.71841, 0, 5, 28, 57.88, 288.7, 101.02, 29, 176, 345, 23, 4.973, 29, 10.26, 1.45, 600, 1250, 711.3, 130.6, 227.1, 118
1457613291.78384, 0, 5, 29, 59.94, 298.9, 101.14, 29, 175, 343, 24, 4.968, 30, 10.33, 1.45, 600, 1270, 714.2, 134, 218.2, 120
1457613299.07708, 0, 5, 30, 67.52, 325.2, 171.64, 29, 176, 343, 25, 2.921, 32, 7.55, 0.82, 660, 1780, 714.2, 29.1, 46.7, 115
1457613304.32679, 0, 5, 31, 72.77, 338.9, 197.06, 29, 176, 343, 25, 2.543, 34, 6.86, 0.97, 880, 1640, 714.2, 27, 40, 118
1457613309.81654, 0, 5, 32, 78.25, 352.4, 205.88, 29, 175, 343, 25, 2.434, 36, 6.77, 0.91, 870, 1760, 714.2, 24.3, 38.2, 117
1457613315.31091, 0, 5, 33, 83.77, 366, 201.26, 29, 174, 343, 25, 2.49, 38, 6.89, 1.09, 1000, 1610, 714.2, 31.2, 42.1, 119
1457613318.15913, 0, 5, 34, 86.6, 373.4, 192.84, 29, 173, 343, 25, 2.599, 39, 7.34, 1.15, 970, 1710, 714.2, 42.4, 56.7, 119
1457613320.82525, 0, 5, 35, 89.26, 381.6, 166.12, 29, 172, 343, 26, 3.018, 40, 8.07, 1.45, 920, 1560, 714.2, 100.2, 150.6, 120
1457613322.98929, 0, 6, 0, 0.78, 4, 105.64, 0, 171, 301, 0, 4.755, 1, 3.09, 0.43, 650, 0, 6553.5, 173.5, 275.5, 120
1457613324.87945, 0, 6, 1, 2.65, 13.4, 99.97, 32, 171, 356, 1, 5.026, 2, 9.42, 1.45, 580, 1080, 666.5, 148.1, 275.4, 120
1457613326.82621, 0, 6, 2, 4.61, 23.6, 97.12, 31, 170, 388, 1, 5.174, 3, 10.16, 1.45, 580, 1180, 762.1, 134.2, 257.4, 120
1457613328.8067, 0, 6, 3, 6.56, 33.5, 98.39, 31, 170, 373, 2, 5.107, 4, 9.93, 1.39, 560, 1180, 725.9, 127.4, 210.6, 120
1457613330.78703, 0, 6, 4, 8.56, 43.5, 100.13, 30, 170, 354, 3, 5.018, 5, 9.94, 1.45, 600, 1170, 700.9, 121.6, 231.3, 120
1457613332.76588, 0, 6, 5, 10.52, 53.3, 101.23, 30, 170, 342, 4, 4.963, 6, 9.8, 1.42, 590, 1170, 676, 127.6, 200.8, 120
1457613334.74553, 0, 6, 6, 12.51, 63.1, 101.37, 30, 171, 341, 5, 4.956, 7, 9.87, 1.39, 580, 1200, 679.2, 126.4, 213.1, 121
1457613336.72568, 0, 6, 7, 14.51, 73, 101.51, 30, 171, 340, 6, 4.949, 8, 9.88, 1.45, 600, 1180, 678.2, 127.2, 203.5, 121
1457613338.79689, 0, 6, 8, 16.52, 83, 101.31, 30, 172, 342, 6, 4.959, 9, 9.94, 1.42, 590, 1200, 685.2, 126.2, 214.9, 120
1457613340.78006, 0, 6, 9, 18.52, 92.9, 101.37, 30, 172, 341, 7, 4.956, 10, 9.94, 1.45, 600, 1190, 684.1, 127.7, 207.6, 120
1457613342.7598, 0, 6, 10, 20.52, 102.9, 101.14, 30, 173, 343, 8, 4.968, 11, 9.94, 1.39, 570, 1210, 687.1, 130.2, 225.9, 121
1457613344.77009, 0, 6, 11, 22.54, 112.9, 101.35, 30, 173, 341, 9, 4.957, 12, 10.02, 1.42, 590, 1220, 689.6, 131.2, 235.4, 120
1457613346.81052, 0, 6, 12, 24.59, 123.1, 100.98, 30, 173, 345, 10, 4.975, 13, 10.08, 1.45, 600, 1210, 699.3, 126.8, 209.8, 120
1457613348.79022, 0, 6, 13, 26.56, 132.8, 101.01, 30, 174, 345, 11, 4.974, 14, 9.86, 1.42, 590, 1180, 683.8, 128.6, 209.6, 120
1457613350.80092, 0, 6, 14, 28.57, 142.9, 100.95, 30, 174, 345, 11, 4.977, 15, 9.94, 1.42, 590, 1200, 689.7, 130.2, 214.9, 120
1457613352.78026, 0, 6, 15, 30.56, 152.8, 100.79, 30, 174, 347, 12, 4.985, 16, 10.01, 1.42, 580, 1210, 696.7, 135, 231.4, 120
1457613354.81761, 0, 6, 16, 32.56, 162.8, 100.02, 30, 174, 355, 13, 5.023, 17, 10.01, 1.42, 580, 1200, 707.7, 131.4, 243.4, 121
1457613356.80195, 0, 6, 17, 34.57, 172.9, 100.26, 30, 175, 352, 14, 5.011, 18, 10.03, 1.42, 580, 1200, 705.6, 129.5, 215.1, 121
1457613358.80809, 0, 6, 18, 36.56, 182.9, 100.56, 30, 175, 349, 15, 4.996, 19, 10.02, 1.45, 600, 1190, 700.8, 131.2, 219.4, 120
1457613360.7937, 0, 6, 19, 38.56, 192.9, 100.14, 30, 175, 354, 16, 5.017, 20, 9.94, 1.42, 580, 1190, 701.2, 135, 232.5, 121
1457613362.73542, 0, 6, 20, 40.52, 202.8, 99.76, 30, 176, 358, 16, 5.036, 21, 9.95, 1.39, 570, 1200, 706.9, 131.2, 240.7, 121
1457613364.75141, 0, 6, 21, 42.51, 212.7, 100.19, 30, 176, 353, 17, 5.015, 22, 9.95, 1.42, 580, 1190, 701.1, 130.7, 217.3, 121
1457613366.75674, 0, 6, 22, 44.51, 222.8, 100.39, 30, 177, 351, 18, 5.005, 23, 9.95, 1.42, 580, 1190, 698.3, 128.2, 206.6, 120
1457613368.71067, 0, 6, 23, 46.48, 232.5, 100.92, 30, 177, 346, 19, 4.979, 24, 9.86, 1.42, 590, 1180, 684.6, 126.5, 202.3, 119
1457613370.69044, 0, 6, 24, 48.47, 242.4, 101.12, 30, 177, 344, 20, 4.969, 25, 9.82, 1.42, 580, 1180, 679.1, 127.8, 236.4, 117
1457613372.69374, 0, 6, 25, 50.45, 252.3, 101.21, 30, 177, 343, 21, 4.964, 26, 9.86, 1.42, 580, 1190, 680.7, 128.2, 235, 118
1457613374.62332, 0, 6, 26, 52.41, 262, 100.8, 31, 177, 347, 21, 4.984, 27, 9.8, 1.42, 580, 1170, 682, 129.1, 235.1, 118
1457613376.65392, 0, 6, 27, 54.42, 272.1, 100.73, 30, 177, 348, 22, 4.988, 28, 9.95, 1.42, 580, 1200, 693.6, 129.7, 237.8, 118
1457613378.64095, 0, 6, 28, 56.41, 282, 100.78, 30, 177, 347, 23, 4.985, 29, 9.95, 1.45, 600, 1190, 693.1, 127.6, 212.2, 119
1457613380.59194, 0, 6, 29, 58.36, 291.8, 100.29, 31, 178, 352, 24, 5.01, 30, 9.82, 1.42, 580, 1170, 690.3, 128.9, 239.6, 118
1457613382.5934, 0, 6, 30, 62.16, 301.6, 101.36, 31, 178, 352, 24, 4.956, 31, 9.71, 1.39, 580, 1170, 690.3, 118.7, 215.6, 119
1457613391.53989, 0, 6, 31, 71.07, 331.5, 183.17, 31, 178, 352, 25, 2.737, 34, 11.46, 0.88, 790, 3220, 690.3, 29.8, 49.6, 118
1457613394.14728, 0, 6, 32, 73.72, 338.3, 197.98, 31, 178, 352, 25, 2.531, 35, 6.72, 0.91, 830, 1650, 690.3, 30.1, 45.1, 116
1457613402.24791, 0, 6, 33, 81.8, 358.9, 193.4, 31, 176, 352, 25, 2.591, 38, 7.08, 1.03, 920, 1640, 690.3, 28.2, 38.9, 117
1457613405.09485, 0, 6, 34, 84.64, 366.1, 196.83, 31, 176, 352, 25, 2.546, 39, 7.23, 1.06, 970, 1690, 690.3, 27.6, 38.4, 119
1457613408.07235, 0, 6, 35, 87.64, 373.9, 193.29, 31, 175, 352, 25, 2.593, 40, 7.76, 1.27, 1060, 1780, 690.3, 42.9, 52.3, 117
1457613410.91767, 0, 6, 36, 90.47, 382.7, 165.69, 31, 175, 352, 25, 3.026, 41, 8.62, 1.45, 900, 1760, 690.3, 107.9, 161.2, 119
1457613413.44606, 0, 7, 0, 0.78, 3.8, 106.38, 0, 174, 295, 0, 4.722, 1, 3.08, 0.43, 650, 0, 6553.5, 178.2, 259.1, 119
1457613415.36313, 0, 7, 1, 2.7, 13.5, 99.93, 31, 173, 356, 1, 5.028, 2, 9.6, 1.45, 580, 1120, 680.2, 150.2, 278.6, 119
1457613417.3135, 0, 7, 2, 4.64, 23.6, 96.94, 31, 173, 390, 1, 5.184, 3, 10.12, 1.42, 560, 1190, 762.2, 136.5, 253, 119
1457613419.35244, 0, 7, 3, 6.66, 33.9, 98.37, 30, 172, 373, 2, 5.108, 4, 10.21, 1.42, 570, 1220, 746.1, 128.7, 218.6, 119
1457613421.3252, 0, 7, 4, 8.65, 43.9, 99.99, 30, 173, 355, 3, 5.025, 5, 10.06, 1.45, 600, 1200, 712, 127, 239.2, 120
1457613423.33975, 0, 7, 5, 10.67, 53.9, 100.77, 30, 172, 347, 4, 4.986, 6, 10, 1.42, 590, 1210, 696.7, 126.1, 206.6, 119
1457613425.3828, 0, 7, 6, 12.71, 64, 101.6, 29, 173, 339, 5, 4.945, 7, 10.06, 1.42, 590, 1230, 689.2, 132.8, 231.3, 119
1457613427.39226, 0, 7, 7, 14.72, 74, 100.93, 30, 173, 345, 6, 4.978, 8, 10.06, 1.42, 590, 1220, 698.6, 128.3, 205.2, 120
1457613429.34327, 0, 7, 8, 16.66, 83.7, 100.74, 31, 173, 347, 6, 4.987, 9, 9.71, 1.42, 590, 1150, 676.5, 127.8, 223.1, 119
1457613431.29317, 0, 7, 9, 18.63, 93.6, 100.68, 31, 174, 348, 7, 4.99, 10, 9.76, 1.42, 580, 1160, 681.1, 127.4, 234.7, 119
1457613433.27301, 0, 7, 10, 20.6, 103.4, 100.66, 30, 175, 348, 8, 4.991, 11, 9.84, 1.45, 600, 1160, 686.8, 127.7, 211.2, 119
1457613435.19441, 0, 7, 11, 22.52, 113, 100.16, 31, 175, 354, 9, 5.016, 12, 9.7, 1.39, 570, 1160, 683.5, 132.4, 226.3, 119
1457613437.14408, 0, 7, 12, 24.47, 122.8, 99.94, 31, 175, 356, 10, 5.028, 13, 9.77, 1.42, 580, 1150, 691.7, 129.2, 235.4, 119
1457613439.11591, 0, 7, 13, 26.43, 132.6, 100.38, 31, 176, 351, 11, 5.005, 14, 9.84, 1.39, 570, 1190, 690.6, 131, 230, 119
1457613441.07055, 0, 7, 14, 28.39, 142.4, 100.37, 31, 176, 351, 11, 5.006, 15, 9.77, 1.42, 580, 1160, 685.9, 131.2, 234.3, 120
1457613443.04902, 0, 7, 15, 30.38, 152.4, 100, 30, 176, 355, 12, 5.024, 16, 9.92, 1.42, 580, 1180, 701.6, 128.6, 231.3, 119
1457613445.00313, 0, 7, 16, 32.32, 162.2, 100.13, 31, 177, 354, 13, 5.018, 17, 9.76, 1.42, 580, 1160, 688.2, 135.1, 217.6, 119
1457613446.95552, 0, 7, 17, 34.27, 172, 99.5, 31, 177, 361, 14, 5.05, 18, 9.9, 1.42, 580, 1170, 707.4, 130.2, 214.9, 118
1457613448.92626, 0, 7, 18, 36.23, 181.9, 99.86, 31, 177, 357, 15, 5.031, 19, 9.89, 1.42, 580, 1180, 701.8, 133.4, 217.8, 120
1457613450.85441, 0, 7, 19, 38.18, 191.8, 99.25, 31, 177, 363, 16, 5.062, 20, 9.85, 1.39, 560, 1180, 706.9, 137.6, 239.2, 119
1457613452.82632, 0, 7, 20, 40.15, 201.8, 98.96, 30, 178, 367, 16, 5.078, 21, 9.99, 1.42, 570, 1190, 721.8, 136.8, 227, 120
1457613454.8073, 0, 7, 21, 42.1, 211.7, 98.77, 31, 178, 369, 17, 5.087, 22, 9.93, 1.42, 570, 1170, 719.8, 133.2, 215.8, 120
1457613456.73314, 0, 7, 22, 44.07, 221.7, 98.89, 31, 178, 367, 18, 5.081, 23, 9.93, 1.42, 570, 1170, 718, 136, 224.4, 120
1457613458.68363, 0, 7, 23, 46.01, 231.6, 98.69, 31, 178, 370, 19, 5.091, 24, 9.94, 1.42, 580, 1170, 721.8, 131.4, 215.3, 119
1457613460.67109, 0, 7, 24, 48, 241.6, 99.66, 30, 178, 359, 20, 5.042, 25, 9.99, 1.42, 580, 1190, 711.2, 127.2, 227.6, 119
1457613462.73005, 0, 7, 25, 50.03, 251.7, 101.13, 29, 179, 343, 21, 4.968, 26, 10.13, 1.45, 600, 1220, 700.4, 124.3, 213.5, 119
1457613464.77364, 0, 7, 26, 52.1, 261.9, 101.84, 29, 179, 336, 21, 4.933, 27, 10.2, 1.45, 600, 1250, 695.8, 125.6, 237.9, 119
1457613466.84438, 0, 7, 27, 54.16, 272, 102.15, 29, 179, 333, 22, 4.918, 28, 10.13, 1.45, 610, 1240, 686.7, 126.6, 234.1, 120
1457613468.90701, 0, 7, 28, 56.23, 282.2, 102.15, 29, 179, 333, 23, 4.918, 29, 10.14, 1.45, 610, 1240, 687.2, 121.9, 232.5, 119
1457613470.95438, 0, 7, 29, 58.28, 292.2, 102.68, 29, 179, 328, 24, 4.893, 30, 10.06, 1.45, 610, 1230, 674.9, 123.9, 219.9, 119
1457613473.02439, 0, 7, 30, 62.12, 301.9, 106.4, 29, 179, 328, 24, 4.721, 31, 9.68, 1.21, 580, 1250, 674.9, 54.6, 103.6, 119
1457613480.0974, 0, 7, 31, 69.16, 324.2, 176.91, 29, 179, 328, 24, 2.834, 33, 12.94, 0.82, 740, 3660, 674.9, 26.5, 38.9, 119
1457613482.70949, 0, 7, 32, 71.79, 330.7, 201.79, 29, 178, 328, 24, 2.483, 34, 6.54, 0.88, 830, 1650, 674.9, 26, 40.8, 120
1457613488.14499, 0, 7, 33, 77.22, 343.8, 210.08, 29, 178, 328, 24, 2.385, 36, 6.42, 0.97, 930, 1610, 674.9, 27.8, 39.6, 117
1457613490.7806, 0, 7, 34, 79.87, 350.2, 206.52, 29, 177, 328, 24, 2.426, 37, 6.43, 0.97, 920, 1570, 674.9, 26.3, 38.5, 119
1457613499.51101, 0, 7, 35, 88.59, 372.1, 194.2, 29, 176, 328, 24, 2.581, 40, 7.7, 1.24, 1060, 1780, 674.9, 38.6, 54.7, 119
1457613502.36367, 0, 7, 36, 91.43, 380.8, 168.11, 29, 175, 328, 25, 2.982, 41, 8.51, 1.42, 860, 1790, 674.9, 126.5, 192.6, 119
1457613504.61311, 0, 8, 0, 0.76, 3.8, 102.93, 0, 174, 326, 0, 4.88, 1, 3.01, 0.37, 610, 0, 6553.5, 170.3, 255, 119
1457613506.5352, 0, 8, 1, 2.73, 13.7, 100.46, 30, 174, 350, 1, 5.001, 2, 9.92, 1.45, 590, 1180, 695.4, 148, 257.6, 120
1457613508.60605, 0, 8, 2, 4.79, 24.2, 98.36, 29, 173, 373, 1, 5.108, 3, 10.46, 1.42, 580, 1260, 764.8, 132.2, 232, 120
1457613510.67338, 0, 8, 3, 6.85, 34.6, 100.16, 29, 173, 354, 2, 5.016, 4, 10.39, 1.45, 600, 1260, 732.4, 128.2, 236.1, 121
1457613512.71579, 0, 8, 4, 8.91, 44.8, 101.14, 29, 173, 343, 3, 4.967, 5, 10.24, 1.45, 610, 1240, 708, 127.3, 208, 120
1457613514.81576, 0, 8, 5, 11, 55.1, 101.54, 29, 173, 339, 4, 4.948, 6, 10.31, 1.45, 600, 1270, 707, 129.6, 237.5, 120
1457613516.88627, 0, 8, 6, 13.08, 65.4, 101.64, 29, 173, 338, 5, 4.943, 7, 10.31, 1.45, 610, 1260, 705.4, 129.2, 217.2, 120
1457613519.01165, 0, 8, 7, 15.2, 75.9, 101.67, 28, 174, 338, 6, 4.941, 8, 10.46, 1.48, 620, 1280, 715.4, 128.6, 233.6, 120
1457613521.08277, 0, 8, 8, 17.27, 86.1, 101.39, 29, 174, 341, 7, 4.955, 9, 10.15, 1.45, 610, 1230, 698.5, 126, 231, 120
1457613523.09783, 0, 8, 9, 19.27, 96.1, 101.33, 30, 174, 341, 7, 4.958, 10, 10.01, 1.45, 600, 1200, 689.5, 128.2, 219.5, 121
1457613525.13614, 0, 8, 10, 21.31, 106.2, 101.28, 29, 175, 342, 8, 4.96, 11, 10.09, 1.45, 610, 1220, 695.8, 124.6, 232.2, 120
1457613527.1704, 0, 8, 11, 23.35, 116.3, 101.76, 30, 175, 337, 9, 4.937, 12, 10.01, 1.45, 610, 1210, 683.8, 122.3, 208.5, 120
1457613529.18721, 0, 8, 12, 25.37, 126.2, 102.26, 30, 176, 332, 10, 4.913, 13, 9.93, 1.42, 590, 1210, 671.4, 129.2, 208.8, 120
1457613531.2286, 0, 8, 13, 27.4, 136.2, 101.73, 29, 176, 337, 11, 4.939, 14, 10.09, 1.42, 590, 1240, 689.2, 129.1, 234.2, 120
1457613533.25917, 0, 8, 14, 29.43, 146.2, 101.45, 30, 176, 340, 12, 4.952, 15, 10.02, 1.42, 590, 1220, 688.5, 132, 213.3, 121
1457613535.30491, 0, 8, 15, 31.46, 156.4, 100.75, 30, 177, 347, 12, 4.987, 16, 10.1, 1.45, 600, 1210, 703.8, 131.5, 242.5, 121
1457613537.32075, 0, 8, 16, 33.5, 166.6, 100.57, 29, 176, 349, 13, 4.996, 17, 10.17, 1.42, 580, 1240, 710.8, 133.5, 239.6, 120
1457613539.357, 0, 8, 17, 35.54, 176.8, 100.46, 29, 177, 350, 14, 5.001, 18, 10.21, 1.45, 600, 1230, 715.7, 133.6, 218.6, 119
1457613541.39515, 0, 8, 18, 37.56, 186.9, 100.13, 30, 177, 354, 15, 5.018, 19, 10.2, 1.42, 580, 1240, 719.4, 134, 220.8, 119
1457613543.40162, 0, 8, 19, 39.6, 197.1, 100.33, 29, 177, 352, 16, 5.008, 20, 10.18, 1.42, 580, 1240, 715.5, 128.3, 238.9, 117
1457613545.41689, 0, 8, 20, 41.61, 207.1, 101.13, 30, 178, 343, 17, 4.968, 21, 10.01, 1.42, 580, 1220, 692.3, 131.2, 229, 118
1457613547.427, 0, 8, 21, 43.63, 217.2, 100.78, 30, 178, 347, 17, 4.985, 22, 10.04, 1.45, 600, 1200, 698.9, 129.5, 220.4, 119
1457613549.43285, 0, 8, 22, 45.62, 227.2, 100.4, 30, 178, 351, 18, 5.004, 23, 9.98, 1.42, 580, 1200, 700.1, 130.7, 234.2, 119
1457613551.47759, 0, 8, 23, 47.65, 237.3, 100.75, 30, 179, 347, 19, 4.987, 24, 10.12, 1.45, 600, 1220, 705.4, 129.3, 213.9, 119
1457613553.57839, 0, 8, 24, 49.7, 247.4, 101.23, 29, 179, 342, 20, 4.963, 25, 10.13, 1.42, 590, 1240, 698.9, 125.5, 239.4, 119
1457613555.55853, 0, 8, 25, 51.73, 257.5, 101.61, 29, 179, 339, 21, 4.945, 26, 10.06, 1.45, 600, 1220, 689.1, 134.1, 227.7, 119
1457613557.59751, 0, 8, 26, 53.77, 267.7, 100.45, 29, 179, 350, 22, 5.002, 27, 10.19, 1.45, 590, 1230, 714.5, 130.2, 218.8, 118
1457613559.63355, 0, 8, 27, 55.82, 277.9, 101.02, 29, 179, 345, 23, 4.973, 28, 10.18, 1.42, 580, 1250, 705.3, 130.3, 242.3, 119
1457613561.70795, 0, 8, 28, 57.88, 288.1, 100.95, 29, 179, 345, 23, 4.977, 29, 10.19, 1.45, 590, 1240, 707, 133.4, 229.8, 119
1457613563.68779, 0, 8, 29, 59.84, 298, 99.65, 30, 179, 359, 24, 5.042, 30, 9.97, 1.45, 580, 1180, 710.2, 140.9, 240.7, 120
1457613571.15091, 0, 8, 30, 61.07, 322.6, 185.7, 30, 180, 359, 29, 2.699, 31, 1.91, 2.37, 700, 1180, 710.2, 30, 52.7, 120
1457613579.01316, 0, 8, 31, 68.95, 342.8, 198.88, 30, 178, 359, 28, 2.52, 34, 6.84, 1.06, 960, 1610, 710.2, 30.7, 41.9, 116
1457613581.7113, 0, 8, 32, 71.63, 349.7, 195.9, 30, 178, 359, 28, 2.558, 35, 6.84, 1, 900, 1590, 710.2, 28.8, 39.5, 118
1457613587.92096, 0, 8, 33, 77.83, 365.3, 200.56, 30, 177, 359, 28, 2.499, 37, 8.31, 1.18, 1060, 2110, 710.2, 36.4, 49.5, 118
1457613590.87013, 0, 8, 34, 80.78, 373, 190.88, 30, 176, 359, 28, 2.626, 38, 7.75, 1.06, 930, 1850, 710.2, 35.7, 48.3, 118
1457613593.53575, 0, 8, 35, 83.44, 381, 171.78, 30, 176, 359, 28, 2.919, 39, 7.75, 1.36, 870, 1610, 710.2, 106.2, 147.5, 118
1457613595.63708, 0, 9, 0, 0.76, 3.8, 105.21, 0, 175, 305, 0, 4.775, 1, 3, 0.31, 620, 0, 6553.5, 177.7, 251, 118
1457613597.5219, 0, 9, 1, 2.64, 13.4, 99.62, 32, 175, 359, 1, 5.043, 2, 9.46, 1.45, 580, 1080, 673.9, 148.1, 227.8, 120
1457613599.4209, 0, 9, 2, 4.53, 23.2, 96.21, 32, 174, 399, 1, 5.224, 3, 9.94, 1.42, 560, 1140, 759.7, 145.4, 265.8, 120
1457613601.36622, 0, 9, 3, 6.47, 33.4, 96.14, 31, 174, 400, 2, 5.227, 4, 10.15, 1.42, 560, 1180, 776.7, 141.6, 237.9, 119
1457613603.25503, 0, 9, 4, 8.4, 43.4, 96.76, 31, 174, 392, 3, 5.194, 5, 9.99, 1.42, 560, 1160, 754.9, 140.2, 251.6, 120
1457613605.20774, 0, 9, 5, 10.34, 53.5, 96.94, 31, 174, 390, 4, 5.184, 6, 10.08, 1.42, 560, 1180, 758.8, 142.5, 241.5, 120
1457613607.18934, 0, 9, 6, 12.31, 63.7, 96.95, 31, 175, 390, 5, 5.183, 7, 10.15, 1.42, 560, 1190, 764.2, 143.9, 231.1, 120
1457613609.04941, 0, 9, 7, 14.19, 73.5, 96.48, 32, 175, 396, 6, 5.209, 8, 9.86, 1.39, 540, 1140, 749.2, 145.4, 229, 120
1457613610.96543, 0, 9, 8, 16.08, 83.3, 96.16, 32, 175, 400, 7, 5.226, 9, 9.85, 1.39, 540, 1140, 753.7, 143, 262.6, 120
1457613612.82953, 0, 9, 9, 17.96, 93.2, 96.11, 32, 176, 400, 8, 5.229, 10, 9.78, 1.42, 560, 1110, 749.3, 141.9, 240.8, 120
1457613614.6896, 0, 9, 10, 19.81, 102.9, 95.69, 32, 176, 406, 9, 5.252, 11, 9.78, 1.42, 550, 1110, 755.6, 145.6, 230.8, 119
1457613616.5197, 0, 9, 11, 21.67, 112.7, 95.35, 32, 177, 410, 9, 5.271, 12, 9.77, 1.39, 540, 1110, 760.3, 147.2, 236.7, 119
1457613618.38149, 0, 9, 12, 23.51, 122.4, 95.03, 33, 178, 414, 10, 5.289, 13, 9.75, 1.39, 540, 1110, 764.5, 146.5, 229.5, 119
1457613620.24157, 0, 9, 13, 25.37, 132.3, 95.03, 33, 178, 414, 11, 5.289, 14, 9.74, 1.39, 540, 1100, 763.2, 144.7, 263.4, 118
1457613622.09248, 0, 9, 14, 27.21, 142, 95.39, 32, 178, 410, 12, 5.268, 15, 9.73, 1.39, 540, 1110, 756.9, 145, 239.9, 119
1457613623.92935, 0, 9, 15, 29.07, 151.8, 95.23, 32, 179, 412, 13, 5.277, 16, 9.77, 1.39, 540, 1110, 762, 145, 233.3, 119
1457613625.7626, 0, 9, 16, 30.9, 161.5, 95.25, 32, 179, 411, 14, 5.276, 17, 9.76, 1.39, 540, 1110, 761.1, 147.9, 267.9, 118
1457613627.59008, 0, 9, 17, 32.72, 171.1, 94.64, 33, 179, 419, 15, 5.311, 18, 9.67, 1.42, 550, 1070, 763.9, 145.2, 225.7, 119
1457613629.45548, 0, 9, 18, 34.57, 181, 94.63, 33, 180, 420, 16, 5.311, 19, 9.75, 1.39, 530, 1100, 770.3, 147.5, 259.3, 119
1457613631.31028, 0, 9, 19, 36.43, 190.8, 94.89, 32, 180, 416, 16, 5.297, 20, 9.83, 1.39, 540, 1120, 772.3, 145.5, 261.7, 119
1457613633.14098, 0, 9, 20, 38.25, 200.4, 95.01, 33, 180, 415, 17, 5.29, 21, 9.69, 1.39, 540, 1090, 760, 146.5, 267.4, 120
1457613634.97054, 0, 9, 21, 40.1, 210.3, 94.66, 33, 181, 419, 18, 5.309, 22, 9.77, 1.42, 550, 1090, 771.9, 143.7, 261.2, 119
1457613636.85597, 0, 9, 22, 41.98, 220.2, 95.17, 32, 181, 412, 19, 5.28, 23, 9.91, 1.42, 550, 1120, 774.3, 141.7, 261.5, 119
1457613638.72087, 0, 9, 23, 43.86, 230, 95.81, 32, 181, 404, 20, 5.245, 24, 9.82, 1.39, 540, 1130, 757.2, 145.4, 256.9, 119
1457613640.63721, 0, 9, 24, 45.76, 239.9, 96.15, 32, 182, 400, 21, 5.227, 25, 9.92, 1.39, 550, 1150, 759, 139.5, 251.8, 120
1457613642.49317, 0, 9, 25, 47.58, 249.5, 96.07, 33, 182, 401, 22, 5.231, 26, 9.64, 1.42, 560, 1080, 739, 144.1, 230.8, 120
1457613644.30097, 0, 9, 26, 49.43, 259.3, 95.26, 33, 181, 411, 23, 5.276, 27, 9.7, 1.42, 550, 1080, 756.2, 144.8, 232.6, 119
1457613646.19388, 0, 9, 27, 51.31, 269.2, 95.24, 32, 182, 412, 24, 5.277, 28, 9.96, 1.42, 550, 1140, 777.4, 143.3, 223, 119
1457613648.05107, 0, 9, 28, 53.18, 279, 95.65, 32, 182, 406, 24, 5.254, 29, 9.83, 1.39, 540, 1130, 759.9, 143.1, 220.9, 119
1457613649.94103, 0, 9, 29, 55.06, 288.8, 95.82, 32, 182, 404, 25, 5.245, 30, 9.76, 1.39, 540, 1120, 752.5, 146.9, 256.9, 119
1457613651.7675, 0, 9, 30, 56.89, 298.5, 94.94, 33, 183, 415, 26, 5.293, 31, 9.76, 1.45, 560, 1080, 766.3, 145.1, 260.8, 119
1457613658.88268, 0, 9, 31, 58, 323.5, 182.56, 33, 182, 415, 31, 2.746, 32, 1.91, 2.37, 690, 1080, 766.3, 27.3, 46.7, 119
1457613661.46215, 0, 9, 32, 60.57, 330.2, 192, 33, 183, 415, 31, 2.61, 33, 6.67, 0.71, 630, 1760, 766.3, 27.7, 49.8, 115
1457613669.35318, 0, 9, 33, 68.45, 349.2, 215.11, 33, 180, 415, 30, 2.329, 36, 6.15, 1, 980, 1500, 766.3, 27.5, 43.7, 117
