TimeStamp (sec), activityIdx, lapIdx, pointIdx, ElapsedTime (sec), Horizontal (meters), Stroke500mPace (sec/500m), Cadence (strokes/min), HRCur (bpm), Power (watts), Calories (kCal), Speed (m/sec), StrokeCount, StrokeDistance (meters), DriveLength (meters), DriveTime (ms), StrokeRecoveryTime (ms), WorkPerStroke (joules), AverageDriveForce (lbs), PeakDriveForce (lbs), DragFactor, ElapsedTimeAtDrive (sec), HorizontalAtDrive (meters), WorkoutType, IntervalType, WorkoutState, RowingState, WorkoutDurationType, WorkoutIntervalCount
1496171056.3832107, 0, 0, 0, 1.29, 4.1, 160.58, 0, 103, 85, 0, 3.123, 1, 3.5, 1.42, 1120, 0, 0, 74, 113.9, 0, 0, 0, 3, 1, 1, 1, 128, 0
1496171059.287521, 0, 0, 1, 4.24, 14.6, 141.3, 20, 108, 125, 0, 3.551, 2, 10.5, 1.42, 890, 1890, 370.7, 80.5, 135, 97, 1.29, 4.1, 3, 1, 1, 1, 128, 0
1496171062.6753604, 0, 0, 2, 7.63, 26.3, 145.88, 18, 110, 114, 1, 3.439, 3, 11.44, 1.42, 820, 2320, 379, 75, 129, 97, 4.24, 14.6, 3, 1, 1, 1, 128, 0
1496171065.8670802, 0, 0, 3, 10.8, 37.5, 141.76, 19, 113, 124, 2, 3.539, 4, 11.43, 1.39, 770, 2260, 401.1, 84.7, 144.5, 96, 7.63, 26.3, 3, 1, 1, 1, 128, 0
1496171069.0071902, 0, 0, 4, 13.95, 49.1, 137, 19, 114, 138, 2, 3.662, 5, 11.49, 1.39, 760, 2190, 431.7, 81.8, 145.1, 96, 10.8, 37.5, 3, 1, 1, 1, 128, 0
1496171072.069061, 0, 0, 5, 17, 60.3, 136.01, 19, 118, 141, 3, 3.689, 6, 11.41, 1.39, 760, 2150, 435, 74.5, 129.4, 96, 13.95, 49.1, 3, 1, 1, 1, 128, 0
1496171075.0974407, 0, 0, 6, 20.06, 71.5, 137.21, 20, 120, 137, 4, 3.657, 7, 11, 1.39, 770, 2050, 412.2, 74.3, 130, 96, 17, 60.3, 3, 1, 1, 1, 128, 0
1496171078.1850407, 0, 0, 7, 23.09, 82.6, 137.35, 20, 121, 137, 4, 3.653, 8, 11.01, 1.39, 760, 2060, 411.7, 75.8, 137.5, 96, 20.06, 71.5, 3, 1, 1, 1, 128, 0
1496171081.0676298, 0, 0, 8, 26.03, 93.4, 136.46, 21, 122, 139, 5, 3.677, 9, 10.73, 1.39, 760, 1970, 406.6, 73.5, 126.3, 96, 23.09, 82.6, 3, 1, 1, 1, 128, 0
1496171084.0352597, 0, 0, 9, 28.96, 104.1, 137.16, 20, 122, 137, 5, 3.658, 10, 11.01, 1.39, 760, 2060, 412.8, 76.7, 130.8, 96, 26.03, 93.4, 3, 1, 1, 1, 128, 0
1496171087.07272, 0, 0, 10, 32, 115.2, 137.09, 20, 122, 137, 6, 3.66, 11, 11.15, 1.36, 740, 2110, 418.5, 77.4, 141.2, 96, 28.96, 104.1, 3, 1, 1, 1, 128, 0
1496171090.0969498, 0, 0, 11, 35.06, 126.4, 136.98, 20, 122, 138, 7, 3.663, 12, 11.01, 1.36, 740, 2080, 413.8, 78.7, 136.1, 96, 32, 115.2, 3, 1, 1, 1, 128, 0
1496171093.1682203, 0, 0, 12, 38.1, 137.6, 136.95, 19, 123, 138, 7, 3.664, 13, 11.34, 1.39, 760, 2150, 426.5, 78.6, 144.1, 96, 35.06, 126.4, 3, 1, 1, 1, 128, 0
1496171096.2155907, 0, 0, 13, 41.14, 148.8, 136.1, 20, 125, 140, 8, 3.687, 14, 11.21, 1.42, 770, 2080, 426.8, 79, 136.9, 96, 38.1, 137.6, 3, 1, 1, 1, 128, 0
1496171099.1250606, 0, 0, 14, 44.07, 159.7, 134.33, 21, 126, 146, 9, 3.735, 15, 10.87, 1.33, 700, 2020, 424.9, 86.5, 152, 96, 41.14, 148.8, 3, 1, 1, 1, 128, 0
1496171102.1859503, 0, 0, 15, 47.13, 171.2, 134.25, 20, 127, 146, 9, 3.738, 16, 11.49, 1.33, 720, 2170, 449.6, 80.6, 138.7, 97, 44.07, 159.7, 3, 1, 1, 1, 128, 0
1496171105.21753, 0, 0, 16, 50.17, 182.5, 135.31, 20, 128, 143, 10, 3.708, 17, 11.29, 1.36, 730, 2130, 435, 82.5, 149.8, 96, 47.13, 171.2, 3, 1, 1, 1, 128, 0
1496171108.48409, 0, 0, 17, 53.45, 194.6, 135.69, 19, 129, 142, 11, 3.698, 18, 11.81, 1.39, 750, 2260, 452.6, 83.6, 150.3, 96, 50.17, 182.5, 3, 1, 1, 1, 128, 0
1496171111.5756001, 0, 0, 18, 56.5, 206, 134.59, 19, 130, 145, 11, 3.728, 19, 11.61, 1.39, 740, 2190, 452.2, 89.2, 163.5, 96, 53.45, 194.6, 3, 1, 1, 1, 128, 0
1496171114.72397, 0, 0, 19, 59.67, 217.9, 132.93, 19, 131, 151, 12, 3.775, 20, 11.76, 1.39, 740, 2190, 469.3, 81.1, 140.7, 97, 56.5, 206, 3, 1, 1, 1, 128, 0
1496171117.7562096, 0, 0, 20, 62.71, 229.4, 133.65, 20, 132, 148, 13, 3.755, 21, 11.43, 1.36, 720, 2140, 451.2, 88.3, 157.2, 96, 59.67, 217.9, 3, 1, 1, 1, 128, 0
1496171120.6974294, 0, 0, 21, 65.64, 240.4, 132.47, 20, 134, 152, 14, 3.788, 22, 11.35, 1.36, 720, 2090, 456.3, 81.1, 144.8, 96, 62.71, 229.4, 3, 1, 1, 1, 128, 0
1496171123.7544494, 0, 0, 22, 68.69, 251.9, 133.93, 20, 135, 147, 14, 3.747, 23, 11.35, 1.36, 730, 2120, 446.3, 81.6, 144.7, 96, 65.64, 240.4, 3, 1, 1, 1, 128, 0
1496171126.9338496, 0, 0, 23, 71.85, 263.7, 134.67, 19, 135, 145, 15, 3.726, 24, 11.48, 1.36, 730, 2170, 446.6, 83.4, 152.3, 96, 68.69, 251.9, 3, 1, 1, 1, 128, 0
1496171129.9337091, 0, 0, 24, 74.89, 275, 134.92, 20, 136, 144, 16, 3.719, 25, 11.42, 1.33, 710, 2170, 442.4, 82.9, 144.5, 96, 71.85, 263.7, 3, 1, 1, 1, 128, 0
1496171133.1153197, 0, 0, 25, 78.05, 286.7, 135.56, 19, 136, 142, 16, 3.701, 26, 11.56, 1.36, 730, 2200, 443.6, 81.1, 140.4, 96, 74.89, 275, 3, 1, 1, 1, 128, 0
1496171136.14648, 0, 0, 26, 81.11, 297.9, 136.51, 19, 136, 139, 17, 3.675, 27, 11.48, 1.36, 740, 2200, 434.4, 82.7, 147.7, 96, 78.05, 286.7, 3, 1, 1, 1, 128, 0
1496171139.20324, 0, 0, 27, 84.15, 309.2, 135.3, 20, 136, 143, 18, 3.708, 28, 11.29, 1.36, 730, 2130, 434.9, 84, 150.2, 97, 81.11, 297.9, 3, 1, 1, 1, 128, 0
1496171142.26492, 0, 0, 28, 87.2, 320.5, 134.68, 19, 136, 145, 18, 3.726, 29, 11.49, 1.36, 730, 2170, 447, 82.8, 156.4, 96, 84.15, 309.2, 3, 1, 1, 1, 128, 0
1496171145.4167697, 0, 0, 29, 90.36, 332.3, 135.06, 19, 137, 144, 19, 3.715, 30, 11.49, 1.33, 710, 2190, 444.2, 84.7, 147.9, 96, 87.2, 320.5, 3, 1, 1, 1, 128, 0
1496171148.4473798, 0, 0, 30, 93.4, 343.6, 135.05, 19, 137, 144, 20, 3.715, 31, 11.48, 1.36, 730, 2170, 444.2, 82, 150.6, 96, 90.36, 332.3, 3, 1, 1, 1, 128, 0
1496171151.6246192, 0, 0, 31, 96.58, 355.3, 135.68, 19, 137, 142, 20, 3.698, 32, 11.54, 1.36, 740, 2200, 442.3, 81.4, 146.4, 96, 93.4, 343.6, 3, 1, 1, 1, 128, 0
1496171154.658739, 0, 0, 32, 99.62, 366.6, 135.74, 20, 138, 141, 21, 3.696, 33, 11.29, 1.36, 740, 2130, 432, 80.4, 142.2, 97, 96.58, 355.3, 3, 1, 1, 1, 128, 0
1496171157.8349793, 0, 0, 33, 102.78, 378.3, 135.91, 19, 137, 141, 22, 3.692, 34, 11.57, 1.39, 750, 2190, 441.8, 79.9, 147.8, 96, 99.62, 366.6, 3, 1, 1, 1, 128, 0
1496171160.863109, 0, 0, 34, 105.83, 389.5, 135.95, 19, 137, 141, 22, 3.691, 35, 11.35, 1.39, 750, 2130, 433.3, 81.6, 149, 96, 102.78, 378.3, 3, 1, 1, 1, 128, 0
1496171163.9232395, 0, 0, 35, 108.88, 400.9, 134.93, 20, 137, 144, 23, 3.719, 36, 11.28, 1.36, 730, 2120, 437.2, 81.4, 144.2, 97, 105.83, 389.5, 3, 1, 1, 1, 128, 0
1496171166.95344, 0, 0, 36, 111.93, 412.2, 134.79, 20, 136, 145, 24, 3.723, 37, 11.22, 1.36, 730, 2100, 435.6, 81.7, 148.6, 96, 108.88, 400.9, 3, 1, 1, 1, 128, 0
1496171169.8949196, 0, 0, 37, 114.85, 423.2, 134.18, 20, 136, 146, 24, 3.74, 38, 11.07, 1.39, 740, 2030, 433.8, 80.1, 143.9, 96, 111.93, 412.2, 3, 1, 1, 1, 128, 0
1496171172.9583192, 0, 0, 38, 117.89, 434.5, 134.8, 20, 137, 144, 25, 3.722, 39, 11.36, 1.33, 720, 2150, 440.8, 80.5, 146, 97, 114.85, 423.2, 3, 1, 1, 1, 128, 0
1496171175.9828885, 0, 0, 39, 120.94, 445.8, 135.08, 20, 137, 144, 26, 3.715, 40, 11.22, 1.39, 750, 2090, 433.8, 82.5, 151.6, 97, 117.89, 434.5, 3, 1, 1, 1, 128, 0
1496171179.042528, 0, 0, 40, 123.99, 457.2, 134.44, 19, 137, 146, 26, 3.732, 41, 11.49, 1.36, 730, 2160, 448.4, 86.4, 157.8, 96, 120.94, 445.8, 3, 1, 1, 1, 128, 0
1496171182.1029282, 0, 0, 41, 127.03, 468.7, 132.99, 20, 137, 150, 27, 3.773, 42, 11.41, 1.36, 720, 2120, 455.1, 85.7, 152.5, 96, 123.99, 457.2, 3, 1, 1, 1, 128, 0
1496171185.1328878, 0, 0, 42, 130.09, 480.2, 132.77, 20, 138, 151, 28, 3.779, 43, 11.63, 1.39, 730, 2160, 465.2, 89.4, 157.6, 96, 127.03, 468.7, 3, 1, 1, 1, 128, 0
1496171188.1947477, 0, 0, 43, 133.13, 491.8, 131.85, 19, 139, 154, 29, 3.806, 44, 11.76, 1.36, 720, 2190, 477.3, 87.3, 153.3, 96, 130.09, 480.2, 3, 1, 1, 1, 128, 0
1496171191.344037, 0, 0, 44, 136.29, 503.8, 132.59, 19, 140, 152, 29, 3.785, 45, 11.76, 1.36, 720, 2210, 472, 85.9, 155, 97, 133.13, 491.8, 3, 1, 1, 1, 128, 0
1496171194.5252872, 0, 0, 45, 139.45, 515.6, 133.79, 19, 141, 148, 30, 3.751, 46, 11.98, 1.36, 720, 2280, 472, 87, 156.8, 96, 136.29, 503.8, 3, 1, 1, 1, 128, 0
1496171197.6751876, 0, 0, 46, 142.62, 527.5, 133.74, 19, 142, 148, 31, 3.752, 47, 11.62, 1.36, 720, 2190, 458.4, 86.5, 152.1, 96, 139.45, 515.6, 3, 1, 1, 1, 128, 0
1496171200.704658, 0, 0, 47, 145.67, 539.1, 132.85, 19, 142, 151, 31, 3.777, 48, 11.62, 1.39, 730, 2170, 464.6, 91.4, 159.5, 96, 142.62, 527.5, 3, 1, 1, 1, 128, 0
1496171203.767858, 0, 0, 48, 148.71, 550.6, 131.35, 19, 143, 156, 32, 3.821, 49, 11.83, 1.36, 710, 2210, 483.8, 88.3, 152.9, 96, 145.67, 539.1, 3, 1, 1, 1, 128, 0
1496171206.8222282, 0, 0, 49, 151.77, 562.3, 131.63, 20, 144, 155, 33, 3.812, 50, 11.35, 1.33, 700, 2100, 462, 86.3, 158.4, 96, 148.71, 550.6, 3, 1, 1, 1, 128, 0
1496171209.8560278, 0, 0, 50, 154.8, 573.8, 132.53, 20, 144, 152, 33, 3.786, 51, 11.55, 1.39, 730, 2130, 464, 85.9, 147.9, 96, 151.77, 562.3, 3, 1, 1, 1, 128, 0
1496171213.0350475, 0, 0, 51, 157.97, 585.7, 133.14, 19, 144, 150, 34, 3.769, 52, 12.11, 1.42, 760, 2270, 481.8, 84.8, 159.4, 96, 154.8, 573.8, 3, 1, 1, 1, 128, 0
1496171216.1842074, 0, 0, 52, 161.14, 597.7, 133.13, 19, 144, 150, 35, 3.769, 53, 11.82, 1.39, 730, 2220, 470.6, 89.1, 161.9, 96, 157.97, 585.7, 3, 1, 1, 1, 128, 0
1496171219.362407, 0, 0, 53, 164.3, 609.7, 132.06, 19, 144, 154, 36, 3.8, 54, 11.96, 1.42, 750, 2220, 484, 87.6, 160.8, 96, 161.14, 597.7, 3, 1, 1, 1, 128, 0
1496171222.512557, 0, 0, 54, 167.46, 621.8, 131.93, 19, 144, 154, 36, 3.804, 55, 11.9, 1.36, 710, 2230, 482.3, 88.4, 163.8, 96, 164.3, 609.7, 3, 1, 1, 1, 128, 0
1496171225.5740473, 0, 0, 55, 170.51, 633.2, 132.58, 19, 143, 152, 37, 3.785, 56, 11.76, 1.36, 720, 2200, 472, 86.9, 155.3, 96, 167.46, 621.8, 3, 1, 1, 1, 128, 0
1496171228.6325972, 0, 0, 56, 173.56, 644.8, 132.47, 19, 143, 152, 38, 3.788, 57, 11.69, 1.39, 730, 2170, 470, 87, 155.1, 96, 170.51, 633.2, 3, 1, 1, 1, 128, 0
1496171231.7845979, 0, 0, 57, 176.72, 656.8, 132.09, 19, 143, 154, 38, 3.799, 58, 11.9, 1.39, 730, 2220, 481.3, 90.8, 169.7, 96, 173.56, 644.8, 3, 1, 1, 1, 128, 0
1496171234.8429575, 0, 0, 58, 179.77, 668.5, 131.28, 19, 143, 156, 39, 3.822, 59, 11.76, 1.36, 710, 2180, 481.5, 87.3, 156.7, 96, 176.72, 656.8, 3, 1, 1, 1, 128, 0
1496171237.9917471, 0, 0, 59, 182.93, 680.5, 132.1, 19, 144, 154, 40, 3.799, 60, 11.82, 1.36, 710, 2220, 478, 89.7, 162.9, 96, 179.77, 668.5, 3, 1, 1, 1, 128, 0
1496171241.1440978, 0, 0, 60, 186.09, 692.5, 132.46, 19, 145, 152, 41, 3.788, 61, 11.89, 1.33, 700, 2260, 478.2, 90.3, 161.4, 97, 182.93, 680.5, 3, 1, 1, 1, 128, 0
1496171244.3218975, 0, 0, 61, 189.25, 704.5, 132.46, 19, 145, 152, 41, 3.788, 62, 11.84, 1.36, 720, 2220, 476.1, 87.3, 165.2, 96, 186.09, 692.5, 3, 1, 1, 1, 128, 0
1496171247.3532279, 0, 0, 62, 192.31, 716, 132.54, 19, 146, 152, 42, 3.786, 63, 11.76, 1.42, 750, 2170, 472.3, 87.1, 165.1, 96, 189.25, 704.5, 3, 1, 1, 1, 128, 0
1496171250.5616882, 0, 0, 63, 195.47, 728.1, 131.93, 19, 145, 154, 43, 3.804, 64, 11.82, 1.39, 730, 2190, 479.1, 85.5, 159.9, 97, 192.31, 716, 3, 1, 1, 1, 128, 0
1496171253.4500883, 0, 0, 64, 198.4, 739.2, 131.74, 20, 146, 155, 43, 3.809, 65, 11.36, 1.36, 710, 2090, 461.6, 86.6, 155.3, 96, 195.47, 728.1, 3, 1, 1, 1, 128, 0
1496171256.5014188, 0, 0, 65, 201.44, 750.8, 132.11, 19, 145, 154, 44, 3.798, 66, 11.69, 1.36, 710, 2180, 472.6, 89.8, 164.3, 96, 198.4, 739.2, 3, 1, 1, 1, 128, 0
1496171259.6836092, 0, 0, 66, 204.6, 762.8, 131.9, 19, 145, 154, 45, 3.805, 67, 11.76, 1.36, 720, 2190, 477.1, 85.2, 158.6, 96, 201.44, 750.8, 3, 1, 1, 1, 128, 0
1496171262.7113893, 0, 0, 67, 207.65, 774.3, 133.1, 19, 145, 150, 46, 3.77, 68, 11.62, 1.36, 720, 2180, 462.8, 87.8, 161.5, 96, 204.6, 762.8, 3, 1, 1, 1, 128, 0
1496171265.86145, 0, 0, 68, 210.82, 786.3, 132.94, 19, 145, 151, 46, 3.775, 69, 11.76, 1.36, 720, 2210, 469.4, 88.1, 157, 96, 207.65, 774.3, 3, 1, 1, 1, 128, 0
1496171268.9251392, 0, 0, 69, 213.87, 797.8, 132.84, 19, 145, 151, 47, 3.778, 70, 11.82, 1.39, 740, 2210, 472.5, 86.3, 150.8, 96, 210.82, 786.3, 3, 1, 1, 1, 128, 0
1496171272.071109, 0, 0, 70, 217.03, 809.8, 132.45, 19, 144, 152, 48, 3.789, 71, 11.69, 1.42, 750, 2150, 470, 86, 152.9, 96, 213.87, 797.8, 3, 1, 1, 1, 128, 0
1496171275.131009, 0, 0, 71, 220.07, 821.3, 131.87, 20, 144, 154, 48, 3.805, 72, 11.55, 1.36, 710, 2140, 468.7, 85.1, 157, 97, 217.03, 809.8, 3, 1, 1, 1, 128, 0
1496171278.182259, 0, 0, 72, 223.12, 832.8, 133.3, 19, 144, 149, 49, 3.764, 73, 11.7, 1.33, 710, 2220, 464.5, 86.6, 160, 96, 220.07, 821.3, 3, 1, 1, 1, 128, 0
1496171281.343219, 0, 0, 73, 226.29, 844.7, 133.95, 19, 144, 147, 50, 3.746, 74, 11.75, 1.39, 740, 2210, 462, 85.4, 149.2, 96, 223.12, 832.8, 3, 1, 1, 1, 128, 0
1496171284.493189, 0, 0, 74, 229.45, 856.5, 133.83, 19, 144, 148, 51, 3.749, 75, 11.83, 1.39, 740, 2230, 465.9, 82.1, 152.3, 96, 226.29, 844.7, 3, 1, 1, 1, 128, 0
1496171287.6765096, 0, 0, 75, 232.62, 868.3, 134.83, 19, 143, 144, 51, 3.722, 76, 11.75, 1.39, 740, 2230, 455.8, 86, 156.5, 96, 229.45, 856.5, 3, 1, 1, 1, 128, 0
1496171290.8455393, 0, 0, 76, 235.77, 880.1, 134.47, 19, 143, 146, 52, 3.732, 77, 12.02, 1.36, 730, 2310, 469.1, 87.9, 160.4, 96, 232.62, 868.3, 3, 1, 1, 1, 128, 0
1496171294.1538696, 0, 0, 77, 239.05, 892.4, 134.19, 19, 144, 146, 53, 3.739, 78, 11.96, 1.39, 740, 2270, 468.4, 87.4, 164, 96, 235.77, 880.1, 3, 1, 1, 1, 128, 0
1496171297.2741086, 0, 0, 78, 242.22, 904.2, 133.89, 18, 144, 147, 53, 3.748, 79, 12.16, 1.39, 740, 2320, 478.6, 87.5, 163.5, 96, 239.05, 892.4, 3, 1, 1, 1, 128, 0
1496171300.463739, 0, 0, 79, 245.39, 916.1, 133.63, 19, 144, 148, 54, 3.755, 80, 11.97, 1.36, 720, 2280, 472.7, 87.8, 163.4, 96, 242.22, 904.2, 3, 1, 1, 1, 128, 0
1496171303.6008687, 0, 0, 80, 248.55, 928, 133.49, 19, 144, 149, 55, 3.759, 81, 11.75, 1.36, 720, 2220, 465.2, 87.7, 163.6, 96, 245.39, 916.1, 3, 1, 1, 1, 128, 0
1496171306.6618488, 0, 0, 81, 251.59, 939.6, 132.37, 20, 144, 153, 55, 3.791, 82, 11.55, 1.39, 730, 2130, 465, 88.9, 170.2, 96, 248.55, 928, 3, 1, 1, 1, 128, 0
1496171309.810779, 0, 0, 82, 254.76, 951.6, 132.12, 19, 144, 153, 56, 3.798, 83, 11.96, 1.36, 720, 2250, 483.3, 87.2, 151.4, 96, 251.59, 939.6, 3, 1, 1, 1, 128, 0
1496171312.990739, 0, 0, 83, 257.93, 963.5, 133.11, 19, 145, 150, 57, 3.77, 84, 11.82, 1.36, 720, 2230, 470.6, 89.1, 160.7, 96, 254.76, 951.6, 3, 1, 1, 1, 128, 0
1496171316.1405885, 0, 0, 84, 261.09, 975.5, 132.42, 19, 145, 152, 58, 3.789, 85, 11.9, 1.39, 730, 2220, 478.6, 88.3, 167.3, 96, 257.93, 963.5, 3, 1, 1, 1, 128, 0
1496171319.2056584, 0, 0, 85, 264.13, 987, 132.51, 19, 146, 152, 58, 3.787, 86, 11.9, 1.36, 720, 2240, 478.1, 88.4, 157.1, 96, 261.09, 975.5, 3, 1, 1, 1, 128, 0
1496171322.6510484, 0, 1, 86, 267.57, 1000.1, 132.83, 19, 147, 151, 59, 3.778, 87, 12.17, 1.39, 730, 2310, 486.8, 90.7, 167.1, 96, 264.13, 987, 3, 1, 1, 1, 128, 0
1496171325.4101381, 0, 1, 87, 270.34, 1010.7, 130.77, 21, 148, 158, 60, 3.838, 88, 11.14, 1.36, 710, 2010, 459.6, 82, 149.4, 96, 267.57, 1000.1, 3, 1, 1, 1, 128, 1
1496171328.4417474, 0, 1, 88, 273.38, 1022.2, 132.93, 20, 148, 151, 60, 3.775, 89, 11.41, 1.36, 720, 2110, 455.4, 80.9, 142.7, 96, 270.34, 1010.7, 3, 1, 1, 1, 128, 1
1496171331.3805475, 0, 1, 89, 276.32, 1033.2, 133.13, 20, 149, 150, 61, 3.769, 90, 11.08, 1.39, 730, 2020, 441, 86.8, 151.8, 96, 273.38, 1022.2, 3, 1, 1, 1, 128, 1
1496171334.3141575, 0, 1, 90, 279.26, 1044.4, 131.88, 20, 148, 154, 62, 3.805, 91, 11.42, 1.33, 700, 2120, 463.2, 84.4, 144.1, 96, 276.32, 1033.2, 3, 1, 1, 1, 128, 1
1496171337.2301967, 0, 1, 91, 282.18, 1055.5, 131.93, 20, 149, 154, 63, 3.804, 92, 11.14, 1.39, 720, 2020, 451.4, 89.9, 160.1, 96, 279.26, 1044.4, 3, 1, 1, 1, 128, 1
1496171340.0532262, 0, 1, 92, 284.99, 1066.4, 129.72, 21, 149, 162, 63, 3.869, 93, 10.99, 1.33, 690, 1960, 460.9, 86.6, 151.9, 96, 282.18, 1055.5, 3, 1, 1, 1, 128, 1
1496171343.0821054, 0, 1, 93, 288.03, 1078.1, 130.65, 20, 149, 159, 64, 3.841, 94, 11.41, 1.39, 730, 2060, 471.8, 84.5, 150.6, 96, 284.99, 1066.4, 3, 1, 1, 1, 128, 1
1496171346.0510156, 0, 1, 94, 290.97, 1089.3, 131.55, 20, 149, 156, 65, 3.815, 95, 11.41, 1.36, 710, 2100, 465.3, 87.5, 163.1, 96, 288.03, 1078.1, 3, 1, 1, 1, 128, 1
1496171348.9597256, 0, 1, 95, 293.9, 1100.5, 130.67, 21, 149, 159, 65, 3.84, 96, 11.21, 1.36, 710, 2030, 463.3, 83.2, 149.6, 96, 290.97, 1089.3, 3, 1, 1, 1, 128, 1
1496171352.0452852, 0, 1, 96, 296.94, 1112.1, 132.27, 20, 149, 153, 66, 3.794, 97, 11.55, 1.39, 730, 2130, 465.8, 87.4, 157.9, 96, 293.9, 1100.5, 3, 1, 1, 1, 128, 1
1496171355.0500855, 0, 1, 97, 299.99, 1123.7, 131.62, 20, 149, 155, 67, 3.813, 98, 11.48, 1.36, 710, 2110, 467.5, 83.7, 154.3, 96, 296.94, 1112.1, 3, 1, 1, 1, 128, 1
1496171357.9793956, 0, 1, 98, 302.92, 1134.8, 132.21, 20, 149, 153, 67, 3.795, 99, 11.21, 1.33, 690, 2080, 452.3, 93.7, 168.8, 96, 299.99, 1123.7, 3, 1, 1, 1, 128, 1
1496171361.019426, 0, 1, 99, 305.97, 1146.5, 130.88, 20, 149, 158, 68, 3.834, 100, 11.61, 1.33, 690, 2150, 478.4, 85.3, 155.9, 96, 302.92, 1134.8, 3, 1, 1, 1, 128, 1
1496171364.0801365, 0, 1, 100, 309.01, 1158.1, 132.4, 20, 149, 153, 69, 3.79, 101, 11.34, 1.36, 710, 2100, 456.5, 87.9, 155.5, 96, 305.97, 1146.5, 3, 1, 1, 1, 128, 1
1496171367.0494468, 0, 1, 101, 311.94, 1169.2, 131.66, 20, 150, 155, 69, 3.812, 102, 11.42, 1.36, 710, 2100, 464.7, 87.7, 160.8, 96, 309.01, 1158.1, 3, 1, 1, 1, 128, 1
1496171370.0524073, 0, 1, 102, 314.99, 1180.9, 131.28, 20, 150, 156, 70, 3.822, 103, 11.48, 1.36, 710, 2110, 469.9, 91.3, 161.8, 96, 311.94, 1169.2, 3, 1, 1, 1, 128, 1
1496171373.1093965, 0, 1, 103, 318.03, 1192.6, 130.49, 20, 150, 159, 71, 3.846, 104, 11.69, 1.36, 710, 2150, 484.5, 88.9, 159.1, 97, 314.99, 1180.9, 3, 1, 1, 1, 128, 1
1496171376.1414566, 0, 1, 104, 321.09, 1204.3, 130.86, 20, 151, 158, 72, 3.835, 105, 11.63, 1.36, 710, 2140, 479.4, 89, 151.3, 97, 318.03, 1192.6, 3, 1, 1, 1, 128, 1
1496171379.1716866, 0, 1, 105, 324.12, 1215.9, 131.05, 20, 152, 157, 72, 3.829, 106, 11.7, 1.36, 700, 2170, 480.6, 92.6, 167.5, 96, 321.09, 1204.3, 3, 1, 1, 1, 128, 1
1496171382.1402466, 0, 1, 106, 327.06, 1227.2, 130.15, 20, 152, 161, 73, 3.856, 107, 11.62, 1.36, 700, 2130, 484, 91, 163.6, 96, 324.12, 1215.9, 3, 1, 1, 1, 128, 1
1496171385.1747863, 0, 1, 107, 330.1, 1239, 130.05, 20, 152, 161, 74, 3.859, 108, 11.76, 1.42, 740, 2130, 490.5, 90.2, 168.8, 96, 327.06, 1227.2, 3, 1, 1, 1, 128, 1
1496171388.251176, 0, 1, 108, 333.15, 1250.8, 129.25, 20, 151, 164, 74, 3.883, 109, 11.76, 1.39, 720, 2140, 496.9, 90.1, 157, 96, 330.1, 1239, 3, 1, 1, 1, 128, 1
1496171391.2913866, 0, 1, 109, 336.2, 1262.7, 129.65, 20, 151, 162, 75, 3.871, 110, 11.82, 1.39, 720, 2160, 496.2, 92.2, 170.7, 96, 333.15, 1250.8, 3, 1, 1, 1, 128, 1
1496171394.3216465, 0, 1, 110, 339.25, 1274.5, 129.17, 20, 151, 164, 76, 3.885, 111, 11.82, 1.39, 710, 2150, 500, 90, 170.9, 96, 336.2, 1262.7, 3, 1, 1, 1, 128, 1
1496171397.3492162, 0, 1, 111, 342.3, 1286.4, 129.19, 20, 150, 164, 77, 3.885, 112, 11.48, 1.39, 700, 2060, 485.3, 93.2, 166.9, 96, 339.25, 1274.5, 3, 1, 1, 1, 128, 1
1496171400.2897556, 0, 1, 112, 345.22, 1297.8, 128.3, 20, 150, 168, 77, 3.912, 113, 11.61, 1.42, 710, 2050, 497.9, 90.7, 159.6, 96, 342.3, 1286.4, 3, 1, 1, 1, 128, 1
1496171403.219755, 0, 1, 113, 348.16, 1309.2, 128.92, 20, 150, 165, 78, 3.893, 114, 11.55, 1.36, 700, 2050, 490.2, 88.9, 160.7, 96, 345.22, 1297.8, 3, 1, 1, 1, 128, 1
1496171406.2640052, 0, 1, 114, 351.2, 1321, 129.43, 20, 150, 163, 79, 3.877, 115, 11.62, 1.39, 720, 2100, 489.6, 91.1, 166.7, 96, 348.16, 1309.2, 3, 1, 1, 1, 128, 1
1496171409.3185556, 0, 1, 115, 354.24, 1332.8, 129.19, 20, 150, 164, 79, 3.885, 116, 11.83, 1.39, 710, 2150, 500.4, 89.6, 165.8, 96, 351.2, 1321, 3, 1, 1, 1, 128, 1
1496171412.2592854, 0, 1, 116, 357.17, 1344.1, 129.94, 20, 151, 161, 80, 3.862, 117, 11.56, 1.36, 710, 2110, 482.9, 87.5, 161.5, 96, 354.24, 1332.8, 3, 1, 1, 1, 128, 1
1496171415.3187747, 0, 1, 117, 360.23, 1355.9, 130.31, 20, 152, 160, 81, 3.851, 118, 11.35, 1.36, 710, 2060, 471.5, 88.4, 160.9, 96, 357.17, 1344.1, 3, 1, 1, 1, 128, 1
1496171418.2308242, 0, 1, 118, 363.15, 1367.1, 130.93, 20, 152, 158, 82, 3.833, 119, 11.61, 1.36, 710, 2140, 477.9, 84.6, 156.7, 96, 360.23, 1355.9, 3, 1, 1, 1, 128, 1
1496171421.2587943, 0, 1, 119, 366.19, 1378.7, 131.87, 20, 152, 154, 82, 3.805, 120, 11.34, 1.39, 730, 2070, 460, 83.6, 152.7, 96, 363.15, 1367.1, 3, 1, 1, 1, 128, 1
1496171424.171065, 0, 1, 120, 369.12, 1389.8, 131.7, 21, 152, 155, 83, 3.81, 121, 11.14, 1.36, 710, 2030, 453.1, 85.5, 148.9, 96, 366.19, 1378.7, 3, 1, 1, 1, 128, 1
1496171427.1425257, 0, 1, 121, 372.05, 1401, 131.66, 20, 152, 155, 84, 3.812, 122, 11.42, 1.39, 730, 2080, 464.7, 84.7, 157.7, 96, 369.12, 1389.8, 3, 1, 1, 1, 128, 1
1496171430.059565, 0, 1, 122, 374.99, 1412.3, 131.01, 20, 152, 157, 84, 3.831, 123, 11.21, 1.39, 720, 2020, 460.9, 87.7, 153, 96, 372.05, 1401, 3, 1, 1, 1, 128, 1
1496171432.9790154, 0, 1, 123, 377.91, 1423.5, 130.01, 21, 152, 161, 85, 3.86, 124, 11.28, 1.39, 720, 2020, 470.8, 84.4, 158.4, 97, 374.99, 1412.3, 3, 1, 1, 1, 128, 1
1496171435.8981552, 0, 1, 124, 380.84, 1434.8, 130.19, 21, 151, 160, 86, 3.855, 125, 11.08, 1.39, 720, 1970, 461.4, 86.2, 163.5, 96, 377.91, 1423.5, 3, 1, 1, 1, 128, 1
1496171438.7210855, 0, 1, 125, 383.65, 1445.7, 129.83, 21, 151, 162, 86, 3.866, 126, 11.14, 1.36, 710, 1980, 466.3, 87, 161.1, 96, 380.84, 1434.8, 3, 1, 1, 1, 128, 1
1496171441.7488964, 0, 1, 126, 386.71, 1457.5, 130.37, 20, 151, 160, 87, 3.849, 127, 11.56, 1.36, 710, 2120, 479.8, 88.7, 157.5, 97, 383.65, 1445.7, 3, 1, 1, 1, 128, 1
1496171444.6902568, 0, 1, 127, 389.63, 1468.8, 130.04, 20, 151, 161, 88, 3.859, 128, 11.36, 1.39, 720, 2040, 473.8, 86, 153.6, 96, 386.71, 1457.5, 3, 1, 1, 1, 128, 1
1496171447.6277964, 0, 1, 128, 392.56, 1480, 130.13, 21, 151, 161, 88, 3.856, 129, 11.27, 1.36, 700, 2040, 469.7, 89.5, 164.5, 96, 389.63, 1468.8, 3, 1, 1, 1, 128, 1
1496171450.661877, 0, 1, 129, 395.61, 1491.8, 130.33, 20, 152, 160, 89, 3.851, 130, 11.55, 1.36, 710, 2110, 479.8, 89.6, 161.9, 96, 392.56, 1480, 3, 1, 1, 1, 128, 1
1496171453.597577, 0, 1, 130, 398.53, 1503.1, 129.92, 20, 151, 161, 90, 3.863, 131, 11.56, 1.39, 720, 2090, 483.1, 90.9, 160.6, 96, 395.61, 1491.8, 3, 1, 1, 1, 128, 1
1496171456.629717, 0, 1, 131, 401.58, 1514.9, 129.36, 20, 152, 164, 91, 3.879, 132, 11.62, 1.36, 700, 2110, 489.8, 88.9, 163, 96, 398.53, 1503.1, 3, 1, 1, 1, 128, 1
1496171459.5759778, 0, 1, 132, 404.51, 1526.3, 129.67, 20, 152, 162, 91, 3.87, 133, 11.48, 1.36, 700, 2090, 481.7, 92.1, 165.7, 96, 401.58, 1514.9, 3, 1, 1, 1, 128, 1
1496171462.5108776, 0, 1, 133, 407.43, 1537.6, 128.98, 20, 152, 165, 92, 3.891, 134, 11.49, 1.36, 700, 2050, 487.3, 87, 160.7, 96, 404.51, 1526.3, 3, 1, 1, 1, 128, 1
1496171465.4498277, 0, 1, 134, 410.37, 1549, 129.73, 20, 153, 162, 93, 3.869, 135, 11.35, 1.39, 710, 2040, 476, 92.1, 166.1, 96, 407.43, 1537.6, 3, 1, 1, 1, 128, 1
1496171468.507487, 0, 1, 135, 413.42, 1561, 128.46, 20, 153, 167, 93, 3.907, 136, 11.56, 1.39, 710, 2050, 494.2, 89.6, 161.8, 96, 410.37, 1549, 3, 1, 1, 1, 128, 1
1496171471.3022876, 0, 1, 136, 416.24, 1571.9, 128.73, 21, 154, 166, 94, 3.899, 137, 11.34, 1.36, 700, 2010, 483, 89, 155.5, 96, 413.42, 1561, 3, 1, 1, 1, 128, 1
1496171474.3488572, 0, 1, 137, 419.28, 1583.7, 129.76, 20, 154, 162, 95, 3.868, 138, 11.63, 1.36, 710, 2120, 487.2, 86.2, 147.3, 96, 416.24, 1571.9, 3, 1, 1, 1, 128, 1
1496171477.3872478, 0, 1, 138, 422.33, 1595.4, 130.63, 20, 155, 159, 96, 3.842, 139, 11.49, 1.39, 720, 2090, 475, 91.7, 161.4, 96, 419.28, 1583.7, 3, 1, 1, 1, 128, 1
1496171480.3523285, 0, 1, 139, 425.25, 1606.7, 129.51, 20, 154, 163, 96, 3.875, 140, 11.63, 1.36, 700, 2120, 489.1, 90.2, 160.8, 97, 422.33, 1595.4, 3, 1, 1, 1, 128, 1
1496171483.3788295, 0, 1, 140, 428.29, 1618.5, 129.78, 20, 154, 162, 97, 3.867, 141, 11.7, 1.36, 700, 2150, 490.2, 92.6, 157.4, 96, 425.25, 1606.7, 3, 1, 1, 1, 128, 1
1496171486.4172297, 0, 1, 141, 431.35, 1630.4, 129.33, 20, 154, 164, 98, 3.881, 142, 11.56, 1.39, 720, 2080, 487.6, 89.6, 167.7, 96, 428.29, 1618.5, 3, 1, 1, 1, 128, 1
1496171489.3551197, 0, 1, 142, 434.28, 1641.7, 129.5, 20, 155, 163, 98, 3.875, 143, 11.69, 1.36, 700, 2140, 491.8, 89.8, 169.9, 96, 431.35, 1630.4, 3, 1, 1, 1, 128, 1
1496171492.270869, 0, 1, 143, 437.21, 1653, 129.54, 20, 155, 163, 99, 3.874, 144, 11.42, 1.36, 700, 2070, 480.1, 90.9, 162.2, 96, 434.28, 1641.7, 3, 1, 1, 1, 128, 1
1496171495.2122986, 0, 1, 144, 440.13, 1664.4, 129.17, 21, 155, 164, 100, 3.885, 145, 11.35, 1.36, 700, 2020, 480.1, 91.1, 166.6, 96, 437.21, 1653, 3, 1, 1, 1, 128, 1
1496171498.237088, 0, 1, 145, 443.17, 1676.2, 129.29, 20, 155, 164, 101, 3.882, 146, 11.56, 1.33, 690, 2110, 487.9, 88.5, 162, 96, 440.13, 1664.4, 3, 1, 1, 1, 128, 1
1496171501.1765683, 0, 1, 146, 446.12, 1687.6, 129.74, 21, 154, 162, 101, 3.868, 147, 11.28, 1.39, 700, 2040, 472.7, 93.9, 166.9, 96, 443.17, 1676.2, 3, 1, 1, 1, 128, 1
1496171504.0887887, 0, 1, 147, 449.05, 1699.1, 128.47, 20, 155, 167, 102, 3.907, 148, 11.55, 1.36, 700, 2050, 494, 91.1, 161.3, 97, 446.12, 1687.6, 3, 1, 1, 1, 128, 1
1496171507.0262585, 0, 1, 148, 451.96, 1710.4, 128.61, 20, 155, 166, 103, 3.902, 149, 11.57, 1.39, 720, 2050, 493.4, 88.1, 164.2, 96, 449.05, 1699.1, 3, 1, 1, 1, 128, 1
1496171509.9703383, 0, 1, 149, 454.9, 1721.8, 129.09, 20, 155, 165, 103, 3.888, 150, 11.49, 1.36, 700, 2060, 486.5, 92.1, 174.4, 96, 451.96, 1710.4, 3, 1, 1, 1, 128, 1
1496171513.0343387, 0, 1, 150, 457.94, 1733.7, 129.04, 20, 155, 165, 104, 3.889, 151, 11.68, 1.36, 700, 2130, 495, 92.7, 177.3, 96, 454.9, 1721.8, 3, 1, 1, 1, 128, 1
1496171515.9436085, 0, 1, 151, 460.88, 1745.2, 128.44, 20, 155, 167, 105, 3.907, 152, 11.49, 1.39, 710, 2030, 491.4, 89.5, 168.5, 96, 457.94, 1733.7, 3, 1, 1, 1, 128, 1
1496171518.883538, 0, 1, 152, 463.8, 1756.6, 128.17, 21, 155, 168, 106, 3.916, 153, 11.42, 1.42, 710, 2010, 490.5, 91, 159.7, 96, 460.88, 1745.2, 3, 1, 1, 1, 128, 1
1496171521.786388, 0, 1, 153, 466.73, 1768.1, 127.62, 21, 155, 170, 106, 3.933, 154, 11.28, 1.39, 690, 1960, 488.5, 90.2, 159.5, 96, 463.8, 1756.6, 3, 1, 1, 1, 128, 1
1496171524.7263985, 0, 1, 154, 469.66, 1779.6, 128.02, 21, 156, 169, 107, 3.92, 155, 11.42, 1.42, 710, 1990, 491.8, 89.8, 164.8, 96, 466.73, 1768.1, 3, 1, 1, 1, 128, 1
1496171527.5497482, 0, 1, 155, 472.48, 1790.7, 127.8, 21, 155, 170, 108, 3.927, 156, 11.34, 1.42, 710, 1970, 489.8, 90.5, 161.7, 96, 469.66, 1779.6, 3, 1, 1, 1, 128, 1
1496171530.456158, 0, 1, 156, 475.41, 1802.3, 127.44, 21, 156, 171, 108, 3.938, 157, 11.27, 1.42, 710, 1940, 489.6, 87, 155.7, 96, 472.48, 1790.7, 3, 1, 1, 1, 128, 1
1496171533.3066869, 0, 1, 157, 478.22, 1813.2, 128.62, 21, 155, 166, 109, 3.902, 158, 11.41, 1.36, 700, 2010, 486.5, 88.6, 164.8, 96, 475.41, 1802.3, 3, 1, 1, 1, 128, 1
1496171536.2157764, 0, 1, 158, 481.15, 1824.6, 128.98, 21, 155, 165, 110, 3.891, 159, 11.2, 1.36, 700, 1980, 475.1, 86.3, 150.3, 96, 478.22, 1813.2, 3, 1, 1, 1, 128, 1
1496171539.0381668, 0, 1, 159, 483.96, 1835.5, 129.32, 21, 155, 164, 110, 3.881, 160, 11.07, 1.36, 700, 1950, 467.1, 89.4, 172.1, 97, 481.15, 1824.6, 3, 1, 1, 1, 128, 1
1496171541.9456365, 0, 1, 160, 486.88, 1846.8, 129.06, 21, 154, 165, 111, 3.889, 161, 11.3, 1.36, 700, 2000, 478.5, 84.2, 162.3, 97, 483.96, 1835.5, 3, 1, 1, 1, 128, 1
1496171544.7735667, 0, 1, 161, 489.69, 1857.7, 129.83, 21, 154, 162, 112, 3.866, 162, 10.87, 1.39, 720, 1890, 455.3, 82.1, 157.7, 96, 486.88, 1846.8, 3, 1, 1, 1, 128, 1
1496171547.7055464, 0, 1, 162, 492.63, 1869, 130.71, 21, 154, 159, 113, 3.839, 163, 11, 1.36, 710, 1970, 454.3, 83.5, 149.1, 97, 489.69, 1857.7, 3, 1, 1, 1, 128, 1
1496171550.527166, 0, 1, 163, 495.44, 1879.8, 130.57, 21, 154, 159, 113, 3.844, 164, 11.09, 1.39, 720, 1980, 458.9, 86.9, 164.8, 97, 492.63, 1869, 3, 1, 1, 1, 128, 1
1496171553.4656851, 0, 1, 164, 498.37, 1891.1, 130.07, 21, 155, 161, 114, 3.858, 165, 11.01, 1.36, 710, 1970, 459.3, 82.5, 148.3, 96, 495.44, 1879.8, 3, 1, 1, 1, 128, 1
1496171556.255305, 0, 1, 165, 501.17, 1901.8, 130.95, 21, 155, 158, 115, 3.832, 166, 11.01, 1.36, 710, 1980, 453, 85.9, 159.5, 96, 498.37, 1891.1, 3, 1, 1, 1, 128, 1
1496171559.1655047, 0, 1, 166, 504.11, 1913.1, 130.63, 21, 155, 159, 115, 3.842, 167, 11, 1.36, 710, 1970, 455, 82.5, 145.6, 96, 501.17, 1901.8, 3, 1, 1, 1, 128, 1
1496171561.9855742, 0, 1, 167, 506.93, 1923.9, 131.05, 21, 155, 157, 116, 3.829, 168, 10.94, 1.39, 730, 1950, 449.3, 82.9, 142.7, 96, 504.11, 1913.1, 3, 1, 1, 1, 128, 1
1496171564.925084, 0, 1, 168, 509.85, 1935.1, 130.99, 21, 155, 158, 117, 3.831, 169, 11.07, 1.39, 730, 1980, 455.3, 83.8, 154.7, 96, 506.93, 1923.9, 3, 1, 1, 1, 128, 1
1496171567.748704, 0, 1, 169, 512.67, 1946, 130.57, 21, 155, 159, 117, 3.844, 170, 11.07, 1.39, 720, 1980, 458.3, 89.2, 153.9, 97, 509.85, 1935.1, 3, 1, 1, 1, 128, 1
1496171570.6798239, 0, 1, 170, 515.59, 1957.3, 129.24, 21, 155, 164, 118, 3.883, 171, 11.36, 1.39, 720, 2010, 479.9, 86.5, 159.7, 96, 512.67, 1946, 3, 1, 1, 1, 128, 1
1496171573.4796734, 0, 1, 171, 518.41, 1968.3, 129.14, 21, 155, 164, 119, 3.886, 172, 11.01, 1.36, 700, 1930, 465.7, 86.3, 161, 96, 515.59, 1957.3, 3, 1, 1, 1, 128, 1
1496171576.5057135, 0, 1, 172, 521.45, 1980.1, 129.33, 20, 156, 164, 119, 3.88, 173, 11.41, 1.42, 730, 2010, 481.4, 86.1, 161.2, 96, 518.41, 1968.3, 3, 1, 1, 1, 128, 1
1496171579.3550339, 0, 1, 173, 524.26, 1991, 128.99, 21, 156, 165, 120, 3.891, 174, 11.14, 1.39, 710, 1950, 472.4, 89.3, 152.8, 96, 521.45, 1980.1, 3, 1, 1, 1, 128, 1
1496171582.2713938, 0, 2, 174, 527.19, 2002.5, 128.21, 21, 156, 168, 121, 3.914, 175, 11.27, 1.39, 710, 1970, 484, 86.6, 156.6, 96, 524.26, 1991, 3, 1, 1, 1, 128, 2
1496171585.084674, 0, 2, 175, 530, 2013.4, 128.74, 21, 156, 166, 121, 3.898, 176, 11.07, 1.36, 700, 1940, 471.1, 84.3, 159.3, 96, 527.19, 2002.5, 3, 1, 1, 1, 128, 2
1496171587.9094746, 0, 2, 176, 532.82, 2024.3, 129.68, 21, 156, 162, 122, 3.87, 177, 11.14, 1.39, 720, 1960, 467.4, 88.1, 161.2, 96, 530, 2013.4, 3, 1, 1, 1, 128, 2
1496171590.816494, 0, 2, 177, 535.75, 2035.9, 128.23, 21, 155, 168, 123, 3.914, 178, 11.07, 1.42, 710, 1920, 475, 90.7, 164, 96, 532.82, 2024.3, 3, 1, 1, 1, 128, 2
1496171593.6343646, 0, 2, 178, 538.57, 2046.9, 127.53, 21, 155, 171, 123, 3.935, 179, 11.06, 1.36, 690, 1910, 480.1, 86.1, 145.1, 97, 535.75, 2035.9, 3, 1, 1, 1, 128, 2
1496171596.4542649, 0, 2, 179, 541.37, 2057.9, 128.32, 21, 155, 168, 124, 3.911, 180, 11.15, 1.39, 710, 1940, 477.9, 88.2, 160.7, 96, 538.57, 2046.9, 3, 1, 1, 1, 128, 2
1496171599.2784152, 0, 2, 180, 544.18, 2068.9, 128.04, 21, 155, 169, 125, 3.92, 181, 11.21, 1.42, 710, 1960, 482.5, 93, 164, 96, 541.37, 2057.9, 3, 1, 1, 1, 128, 2
1496171602.1844964, 0, 2, 181, 547.12, 2080.5, 126.88, 21, 156, 173, 126, 3.956, 182, 11.28, 1.39, 690, 1950, 494.5, 88, 161.2, 96, 544.18, 2068.9, 3, 1, 1, 1, 128, 2
1496171605.0040662, 0, 2, 182, 549.93, 2091.5, 127.87, 21, 156, 169, 126, 3.925, 183, 11.27, 1.42, 710, 1950, 486.6, 91.5, 155.1, 96, 547.12, 2080.5, 3, 1, 1, 1, 128, 2
1496171607.9143965, 0, 2, 183, 552.86, 2103.1, 127.14, 21, 156, 172, 127, 3.948, 184, 11.34, 1.42, 710, 1950, 495.2, 87.1, 155.4, 96, 549.93, 2091.5, 3, 1, 1, 1, 128, 2
1496171610.7665565, 0, 2, 184, 555.67, 2114.1, 127.89, 21, 156, 169, 128, 3.924, 185, 11.27, 1.42, 710, 1950, 486.3, 89.2, 161, 96, 552.86, 2103.1, 3, 1, 1, 1, 128, 2
1496171613.680527, 0, 2, 185, 558.6, 2125.6, 127.94, 21, 156, 169, 128, 3.923, 186, 11.21, 1.36, 700, 1950, 483.4, 87.5, 156, 96, 555.67, 2114.1, 3, 1, 1, 1, 128, 2
1496171616.464677, 0, 2, 186, 561.41, 2136.6, 128.41, 21, 157, 167, 129, 3.908, 187, 11.13, 1.39, 710, 1940, 476.4, 87.1, 153.4, 96, 558.6, 2125.6, 3, 1, 1, 1, 128, 2
1496171619.2869868, 0, 2, 187, 564.23, 2147.7, 127.85, 22, 157, 169, 130, 3.925, 188, 10.93, 1.39, 690, 1900, 471.7, 93.6, 167.5, 96, 561.41, 2136.6, 3, 1, 1, 1, 128, 2
1496171622.106137, 0, 2, 188, 567.04, 2158.8, 126.77, 21, 157, 174, 130, 3.959, 189, 11.12, 1.39, 690, 1910, 488.4, 87.1, 149.6, 96, 564.23, 2147.7, 3, 1, 1, 1, 128, 2
1496171624.9238775, 0, 2, 189, 569.86, 2169.9, 127.54, 21, 157, 171, 131, 3.935, 190, 11.27, 1.42, 700, 1950, 489, 91.8, 164.5, 96, 567.04, 2158.8, 3, 1, 1, 1, 128, 2
1496171627.7467973, 0, 2, 190, 572.67, 2181, 126.65, 21, 156, 174, 132, 3.963, 191, 11.21, 1.42, 700, 1920, 493, 91.8, 174.1, 96, 569.86, 2169.9, 3, 1, 1, 1, 128, 2
1496171630.5649874, 0, 2, 191, 575.48, 2192.3, 125.91, 21, 156, 177, 133, 3.986, 192, 11.27, 1.42, 700, 1920, 501.9, 93, 167.5, 96, 572.67, 2181, 3, 1, 1, 1, 128, 2
1496171633.5054579, 0, 2, 192, 578.4, 2203.9, 126.24, 21, 157, 176, 133, 3.976, 193, 11.48, 1.42, 710, 1970, 508.4, 87.5, 165.9, 96, 575.48, 2192.3, 3, 1, 1, 1, 128, 2
1496171636.3266175, 0, 2, 193, 581.21, 2215, 127.07, 21, 157, 173, 134, 3.95, 194, 11.21, 1.42, 700, 1920, 490, 92.1, 163.1, 96, 578.4, 2203.9, 3, 1, 1, 1, 128, 2
1496171639.1157076, 0, 2, 194, 584.03, 2226.2, 126.28, 21, 156, 176, 135, 3.974, 195, 11.14, 1.39, 690, 1910, 493.2, 87.7, 166.9, 96, 581.21, 2215, 3, 1, 1, 1, 128, 2
1496171641.9351082, 0, 2, 195, 586.84, 2237.2, 127.4, 21, 156, 171, 135, 3.939, 196, 11.13, 1.42, 700, 1910, 484, 89.2, 160.2, 96, 584.03, 2226.2, 3, 1, 1, 1, 128, 2
1496171644.7278485, 0, 2, 196, 589.66, 2248.4, 127.03, 21, 155, 173, 136, 3.951, 197, 11.06, 1.42, 710, 1880, 483.6, 86.2, 151.5, 96, 586.84, 2237.2, 3, 1, 1, 1, 128, 2
1496171647.4235384, 0, 2, 197, 592.34, 2259, 126.5, 22, 155, 175, 137, 3.967, 198, 10.66, 1.42, 700, 1780, 470.1, 91.6, 166.9, 96, 589.66, 2248.4, 3, 1, 1, 1, 128, 2
1496171650.243969, 0, 2, 198, 595.16, 2270.3, 125.31, 22, 155, 180, 137, 4.005, 199, 11.08, 1.42, 700, 1860, 497.8, 89.6, 166, 96, 592.34, 2259, 3, 1, 1, 1, 128, 2
1496171652.950839, 0, 2, 199, 597.86, 2281.1, 125.41, 22, 156, 180, 138, 4.002, 200, 10.94, 1.39, 680, 1840, 490.8, 90.7, 158.7, 96, 595.16, 2270.3, 3, 1, 1, 1, 128, 2
1496171655.6138692, 0, 2, 200, 600.55, 2291.9, 125.25, 22, 156, 180, 139, 4.007, 201, 10.8, 1.39, 680, 1810, 485.8, 91, 163.4, 96, 597.86, 2281.1, 3, 1, 1, 1, 128, 2
1496171658.3185687, 0, 2, 201, 603.24, 2302.7, 124.98, 22, 157, 181, 140, 4.016, 202, 10.92, 1.42, 690, 1820, 493.7, 91.1, 162.3, 96, 600.55, 2291.9, 3, 1, 1, 1, 128, 2
1496171661.1404388, 0, 2, 202, 606.06, 2314.1, 124.75, 22, 157, 182, 140, 4.023, 203, 11.07, 1.42, 690, 1850, 501.9, 93, 170.9, 96, 603.24, 2302.7, 3, 1, 1, 1, 128, 2
1496171663.8333685, 0, 2, 203, 608.75, 2324.9, 124.15, 22, 157, 185, 141, 4.043, 204, 10.87, 1.39, 680, 1810, 497.8, 90.5, 155.3, 96, 606.06, 2314.1, 3, 1, 1, 1, 128, 2
1496171666.5248585, 0, 2, 204, 611.44, 2335.8, 124.42, 22, 158, 184, 142, 4.034, 205, 11.01, 1.42, 690, 1830, 502, 92.7, 163.4, 96, 608.75, 2324.9, 3, 1, 1, 1, 128, 2
1496171669.2274883, 0, 2, 205, 614.15, 2346.8, 123.97, 22, 158, 186, 142, 4.049, 206, 10.93, 1.42, 690, 1800, 502, 90.1, 163, 96, 611.44, 2335.8, 3, 1, 1, 1, 128, 2
1496171671.9035182, 0, 2, 206, 616.84, 2357.7, 123.83, 23, 158, 187, 143, 4.053, 207, 10.59, 1.42, 690, 1720, 487.6, 87.6, 155.2, 96, 614.15, 2346.8, 3, 1, 1, 1, 128, 2
1496171674.5142987, 0, 2, 207, 619.41, 2368, 124.5, 22, 158, 184, 144, 4.032, 208, 10.8, 1.42, 690, 1780, 491.7, 87.8, 161, 96, 616.84, 2357.7, 3, 1, 1, 1, 128, 2
1496171677.1870284, 0, 2, 208, 622.12, 2378.9, 124.94, 22, 159, 182, 144, 4.017, 209, 10.87, 1.42, 690, 1800, 491.7, 90.2, 163.8, 96, 619.41, 2368, 3, 1, 1, 1, 128, 2
1496171679.8829489, 0, 2, 209, 624.81, 2389.8, 124.55, 23, 159, 183, 145, 4.03, 210, 10.65, 1.39, 670, 1760, 484.7, 90.3, 165.7, 96, 622.12, 2378.9, 3, 1, 1, 1, 128, 2
1496171682.5830483, 0, 2, 210, 627.5, 2400.6, 124.98, 22, 160, 181, 146, 4.016, 211, 10.72, 1.36, 660, 1800, 484.6, 88.7, 146.8, 97, 624.81, 2389.8, 3, 1, 1, 1, 128, 2
1496171685.2852883, 0, 2, 211, 630.2, 2411.3, 125.99, 22, 160, 177, 146, 3.984, 212, 11.02, 1.42, 700, 1850, 490, 88.6, 164.4, 96, 627.5, 2400.6, 3, 1, 1, 1, 128, 2
1496171688.0731082, 0, 2, 212, 633.01, 2422.6, 125.71, 22, 160, 178, 147, 3.993, 213, 10.8, 1.42, 700, 1800, 482.5, 91.6, 165.4, 96, 630.2, 2411.3, 3, 1, 1, 1, 128, 2
1496171690.7729383, 0, 2, 213, 635.7, 2433.4, 124.82, 22, 160, 182, 148, 4.021, 214, 11, 1.42, 690, 1830, 498.5, 89.8, 169.1, 96, 633.01, 2422.6, 3, 1, 1, 1, 128, 2
1496171693.4725883, 0, 2, 214, 638.4, 2444.2, 125.09, 22, 161, 181, 149, 4.012, 215, 10.86, 1.42, 700, 1800, 490, 87.6, 158.8, 96, 635.7, 2433.4, 3, 1, 1, 1, 128, 2
1496171696.1724288, 0, 2, 215, 641.09, 2455, 125.44, 22, 161, 179, 149, 4.001, 216, 10.88, 1.42, 700, 1810, 487.9, 89.7, 156.3, 97, 638.4, 2444.2, 3, 1, 1, 1, 128, 2
1496171698.874909, 0, 2, 216, 643.79, 2465.8, 125.42, 22, 161, 180, 150, 4.002, 217, 10.88, 1.39, 680, 1830, 488, 88.1, 162.3, 96, 641.09, 2455, 3, 1, 1, 1, 128, 2
1496171701.6629992, 0, 2, 217, 646.6, 2477, 126.02, 22, 161, 177, 151, 3.983, 218, 10.86, 1.42, 700, 1820, 482.8, 91.7, 173.6, 96, 643.79, 2465.8, 3, 1, 1, 1, 128, 2
1496171704.3640394, 0, 2, 218, 649.29, 2487.8, 125.24, 22, 161, 180, 151, 4.008, 219, 10.86, 1.39, 680, 1820, 488.9, 86.3, 157.9, 96, 646.6, 2477, 3, 1, 1, 1, 128, 2
1496171707.069609, 0, 2, 219, 651.99, 2498.5, 126.07, 22, 161, 177, 152, 3.981, 220, 10.86, 1.45, 710, 1800, 482, 90.3, 169.6, 96, 649.29, 2487.8, 3, 1, 1, 1, 128, 2
1496171709.767609, 0, 2, 220, 654.68, 2509.3, 124.98, 22, 161, 181, 153, 4.016, 221, 10.93, 1.39, 680, 1840, 494, 92.6, 161.5, 96, 651.99, 2498.5, 3, 1, 1, 1, 128, 2
1496171712.462259, 0, 2, 221, 657.37, 2520.1, 125.08, 22, 161, 181, 153, 4.013, 222, 10.8, 1.33, 670, 1810, 487.1, 84.8, 146.8, 97, 654.68, 2509.3, 3, 1, 1, 1, 128, 2
1496171715.2823284, 0, 2, 222, 660.19, 2531.3, 126.98, 22, 161, 173, 154, 3.953, 223, 10.88, 1.42, 700, 1850, 476.1, 90.1, 163.7, 96, 657.37, 2520.1, 3, 1, 1, 1, 128, 2
1496171717.9832785, 0, 2, 223, 662.89, 2542, 126.03, 22, 160, 177, 155, 3.983, 224, 10.94, 1.42, 700, 1840, 486, 90.5, 165.5, 96, 660.19, 2531.3, 3, 1, 1, 1, 128, 2
1496171720.6820784, 0, 2, 224, 665.58, 2552.8, 125.03, 22, 160, 181, 155, 4.014, 225, 10.81, 1.42, 690, 1790, 488, 90.8, 160.4, 97, 662.89, 2542, 3, 1, 1, 1, 128, 2
1496171723.3860183, 0, 2, 225, 668.28, 2563.7, 124.65, 22, 160, 183, 156, 4.027, 226, 10.95, 1.39, 670, 1840, 497.5, 93.3, 164.9, 96, 665.58, 2552.8, 3, 1, 1, 1, 128, 2
1496171726.1721575, 0, 2, 226, 671.09, 2575, 124.8, 22, 161, 182, 157, 4.022, 227, 11.08, 1.39, 680, 1870, 502.1, 90.7, 158.6, 96, 668.28, 2563.7, 3, 1, 1, 1, 128, 2
1496171728.842397, 0, 2, 227, 673.79, 2585.9, 124.7, 22, 161, 183, 158, 4.025, 228, 10.87, 1.45, 710, 1790, 493.4, 91.2, 166.9, 96, 671.09, 2575, 3, 1, 1, 1, 128, 2
1496171731.5432575, 0, 2, 228, 676.48, 2596.8, 123.74, 22, 161, 187, 158, 4.057, 229, 10.87, 1.42, 690, 1790, 501.2, 90.6, 163.7, 96, 673.79, 2585.9, 3, 1, 1, 1, 128, 2
1496171734.2423074, 0, 2, 229, 679.18, 2607.7, 124.2, 22, 162, 185, 159, 4.041, 230, 10.94, 1.42, 690, 1810, 500.8, 89.9, 158.6, 97, 676.48, 2596.8, 3, 1, 1, 1, 128, 2
1496171736.9453282, 0, 2, 230, 681.86, 2618.5, 124.47, 22, 161, 184, 160, 4.033, 231, 11.02, 1.42, 690, 1830, 502, 93.5, 164.2, 96, 679.18, 2607.7, 3, 1, 1, 1, 128, 2
1496171739.6416879, 0, 2, 231, 684.57, 2629.5, 123.6, 23, 162, 188, 160, 4.061, 232, 10.8, 1.39, 670, 1780, 498.8, 93.3, 172.5, 96, 681.86, 2618.5, 3, 1, 1, 1, 128, 2
1496171742.4618578, 0, 2, 232, 687.38, 2640.9, 124.12, 22, 162, 185, 161, 4.044, 233, 11.15, 1.42, 690, 1860, 510.8, 89.2, 160, 96, 684.57, 2629.5, 3, 1, 1, 1, 128, 2
1496171745.1508875, 0, 2, 233, 690.07, 2651.7, 124.96, 22, 162, 182, 162, 4.017, 234, 11.08, 1.42, 690, 1860, 500.7, 92.8, 163.4, 97, 687.38, 2640.9, 3, 1, 1, 1, 128, 2
1496171747.9706576, 0, 2, 234, 692.88, 2663, 124.85, 21, 162, 182, 162, 4.02, 235, 11.29, 1.42, 690, 1910, 511.1, 91, 164.7, 96, 690.07, 2651.7, 3, 1, 1, 1, 128, 2
1496171750.6825075, 0, 2, 235, 695.58, 2673.8, 124.67, 22, 162, 183, 163, 4.026, 236, 11, 1.45, 700, 1820, 499.5, 91.5, 170.1, 96, 692.88, 2663, 3, 1, 1, 1, 128, 2
1496171753.3516273, 0, 2, 236, 698.27, 2684.8, 123.7, 23, 163, 187, 164, 4.058, 237, 10.79, 1.42, 690, 1770, 497.9, 89.2, 161.8, 96, 695.58, 2673.8, 3, 1, 1, 1, 128, 2
1496171756.0550377, 0, 2, 237, 700.97, 2695.6, 124.56, 22, 162, 183, 165, 4.03, 238, 10.92, 1.45, 710, 1790, 497, 85.6, 167.8, 96, 698.27, 2684.8, 3, 1, 1, 1, 128, 2
1496171758.8437774, 0, 2, 238, 703.78, 2706.9, 125.4, 22, 162, 180, 165, 4.003, 239, 11.01, 1.42, 690, 1850, 494, 92, 166.4, 96, 700.97, 2695.6, 3, 1, 1, 1, 128, 2
1496171761.543617, 0, 2, 239, 706.48, 2717.8, 124.72, 22, 162, 183, 166, 4.025, 240, 10.93, 1.42, 690, 1820, 496.2, 91.7, 165.7, 96, 703.78, 2706.9, 3, 1, 1, 1, 128, 2
1496171764.271307, 0, 2, 240, 709.17, 2728.6, 124.49, 22, 161, 184, 167, 4.032, 241, 11, 1.39, 670, 1850, 500.9, 93.4, 171.7, 96, 706.48, 2717.8, 3, 1, 1, 1, 128, 2
1496171767.0615964, 0, 2, 241, 711.99, 2740, 124.22, 22, 162, 185, 167, 4.041, 242, 11.07, 1.45, 710, 1830, 506.6, 89.4, 163.9, 96, 709.17, 2728.6, 3, 1, 1, 1, 128, 2
1496171769.6452265, 0, 2, 242, 714.56, 2750.4, 123.95, 22, 161, 186, 168, 4.05, 243, 10.81, 1.42, 690, 1770, 496.5, 91.4, 164.3, 96, 711.99, 2740, 3, 1, 1, 1, 128, 2
1496171772.5535855, 0, 2, 243, 717.49, 2762.2, 125.23, 21, 161, 180, 169, 4.008, 244, 11.28, 1.36, 670, 1940, 507.9, 86.7, 152.8, 96, 714.56, 2750.4, 3, 1, 1, 1, 128, 2
1496171775.4915156, 0, 2, 244, 720.41, 2773.5, 128.68, 20, 161, 166, 170, 3.9, 245, 11.62, 1.39, 720, 2050, 495.3, 83.8, 155.6, 96, 717.49, 2762.2, 3, 1, 1, 1, 128, 2
1496171778.315015, 0, 2, 245, 723.24, 2784.5, 129.38, 21, 161, 163, 170, 3.879, 246, 11.14, 1.45, 730, 1940, 469.6, 88.8, 149.6, 96, 720.41, 2773.5, 3, 1, 1, 1, 128, 2
1496171781.1311448, 0, 2, 246, 726.04, 2795.5, 127.5, 22, 161, 171, 171, 3.936, 247, 10.85, 1.36, 690, 1850, 471.1, 83.6, 147.7, 96, 723.24, 2784.5, 3, 1, 1, 1, 128, 2
1496171783.9429643, 0, 2, 247, 728.85, 2806.5, 128.74, 21, 161, 166, 172, 3.898, 248, 11.07, 1.39, 710, 1930, 471.4, 88.2, 158.5, 96, 726.04, 2795.5, 3, 1, 1, 1, 128, 2
1496171786.8624742, 0, 2, 248, 731.78, 2818, 128.27, 21, 161, 168, 172, 3.913, 249, 11.27, 1.39, 710, 1970, 483.5, 87.9, 157.2, 96, 728.85, 2806.5, 3, 1, 1, 1, 128, 2
1496171789.711084, 0, 2, 249, 734.59, 2829, 128.02, 21, 161, 169, 173, 3.92, 250, 11.21, 1.39, 710, 1950, 482.5, 85.9, 159.6, 96, 731.78, 2818, 3, 1, 1, 1, 128, 2
1496171792.500584, 0, 2, 250, 737.41, 2840, 128.46, 21, 161, 167, 174, 3.907, 251, 11.07, 1.39, 710, 1920, 473.3, 87.4, 157.2, 97, 734.59, 2829, 3, 1, 1, 1, 128, 2
1496171795.4110732, 0, 2, 251, 740.33, 2851.5, 127.86, 21, 162, 169, 174, 3.925, 252, 11.15, 1.39, 710, 1930, 481.3, 86.7, 158, 96, 737.41, 2840, 3, 1, 1, 1, 128, 2
1496171798.2323136, 0, 2, 252, 743.16, 2862.5, 128.64, 21, 162, 166, 175, 3.901, 253, 11.14, 1.36, 700, 1960, 475, 84.5, 156.8, 96, 740.33, 2851.5, 3, 1, 1, 1, 128, 2
1496171801.0507932, 0, 2, 253, 745.96, 2873.3, 129.78, 21, 161, 162, 176, 3.867, 254, 11, 1.36, 710, 1940, 460.9, 84.6, 160.3, 96, 743.16, 2862.5, 3, 1, 1, 1, 128, 2
1496171803.9606035, 0, 2, 254, 748.89, 2884.6, 129.82, 21, 161, 162, 176, 3.866, 255, 11.2, 1.39, 720, 1980, 469.1, 84.9, 164.5, 96, 745.96, 2873.3, 3, 1, 1, 1, 128, 2
1496171806.8106534, 0, 2, 255, 751.71, 2895.5, 129.56, 22, 161, 163, 177, 3.874, 256, 10.79, 1.39, 720, 1860, 453.6, 81.2, 157.4, 96, 748.89, 2884.6, 3, 1, 1, 1, 128, 2
1496171809.7205727, 0, 2, 256, 754.64, 2906.8, 130.31, 21, 160, 160, 178, 3.851, 257, 11.22, 1.42, 740, 1990, 466, 81.3, 153.3, 96, 751.71, 2895.5, 3, 1, 1, 1, 128, 2
1496171812.5129323, 0, 2, 257, 757.45, 2917.6, 130.48, 21, 159, 159, 178, 3.846, 258, 10.87, 1.42, 740, 1880, 450.4, 78.8, 146.5, 96, 754.64, 2906.8, 3, 1, 1, 1, 128, 2
1496171815.3307726, 0, 2, 258, 760.26, 2928.4, 130.83, 21, 159, 158, 179, 3.836, 259, 10.85, 1.39, 720, 1930, 447.4, 83.8, 150.9, 96, 757.45, 2917.6, 3, 1, 1, 1, 128, 2
1496171818.1507525, 0, 2, 259, 763.06, 2939.2, 130.76, 21, 159, 158, 180, 3.838, 260, 10.86, 1.36, 710, 1940, 448.3, 77.8, 137.7, 96, 760.26, 2928.4, 3, 1, 1, 1, 128, 2
1496171820.9737222, 0, 2, 260, 765.89, 2949.9, 132.07, 21, 158, 154, 180, 3.8, 261, 10.8, 1.39, 730, 1930, 436.7, 82.6, 154.9, 96, 763.06, 2939.2, 3, 1, 1, 1, 128, 2
1496171823.7804518, 0, 2, 261, 768.69, 2960.6, 131.21, 21, 158, 157, 181, 3.825, 262, 10.72, 1.36, 710, 1910, 439.4, 80.3, 142.1, 96, 765.89, 2949.9, 3, 1, 1, 1, 128, 2
1496171826.7006018, 0, 2, 262, 771.62, 2971.8, 131.44, 21, 158, 156, 182, 3.818, 263, 10.87, 1.39, 730, 1940, 444, 83.1, 144.3, 96, 768.69, 2960.6, 3, 1, 1, 1, 128, 2
1496171829.522862, 0, 2, 263, 774.44, 2982.6, 130.64, 21, 157, 159, 182, 3.841, 264, 10.87, 1.39, 730, 1920, 449.5, 80.4, 145.5, 96, 771.62, 2971.8, 3, 1, 1, 1, 128, 2
1496171834.1155722, 0, 3, 264, 779, 3000, 131.32, 21, 157, 156, 183, 3.822, 265, 10.94, 1.36, 710, 1970, 447.7, 83.2, 159, 96, 774.44, 2982.6, 3, 1, 1, 1, 128, 3
1496171835.192042, 0, 3, 265, 780.06, 3004.1, 130.92, 21, 157, 158, 184, 3.833, 266, 10.87, 1.39, 730, 1930, 447.5, 81.9, 143.6, 96, 779, 3000, 3, 1, 1, 1, 128, 3
1496171838.0719116, 0, 3, 266, 783, 3015.5, 130.6, 21, 157, 159, 184, 3.842, 267, 10.87, 1.39, 720, 1920, 449.7, 84.3, 151.3, 96, 780.06, 3004.1, 3, 1, 1, 1, 128, 3
1496171840.8905416, 0, 3, 267, 785.81, 3026.3, 130.13, 21, 157, 161, 185, 3.856, 268, 11.15, 1.39, 720, 1990, 464.4, 84.1, 156.7, 96, 783, 3015.5, 3, 1, 1, 1, 128, 3
1496171843.8004813, 0, 3, 268, 788.72, 3037.5, 130.54, 21, 157, 159, 186, 3.844, 269, 10.94, 1.33, 690, 1970, 453.1, 82, 147, 96, 785.81, 3026.3, 3, 1, 1, 1, 128, 3
1496171846.6258013, 0, 3, 269, 791.55, 3048.3, 131.82, 21, 157, 155, 186, 3.807, 270, 10.87, 1.36, 720, 1960, 441.5, 79.9, 140.6, 96, 788.72, 3037.5, 3, 1, 1, 1, 128, 3
1496171849.3244216, 0, 3, 270, 794.24, 3058.5, 132, 22, 157, 154, 187, 3.802, 271, 10.47, 1.33, 700, 1870, 423.8, 81.5, 140.1, 96, 791.55, 3048.3, 3, 1, 1, 1, 128, 3
1496171852.2605906, 0, 3, 271, 797.16, 3069.6, 131.97, 21, 158, 154, 188, 3.802, 272, 10.8, 1.36, 720, 1940, 437.7, 79.1, 143.1, 96, 794.24, 3058.5, 3, 1, 1, 1, 128, 3
1496171855.0799406, 0, 3, 272, 799.99, 3080.3, 132.82, 21, 158, 151, 188, 3.778, 273, 10.79, 1.36, 720, 1950, 431.4, 81.8, 149.8, 96, 797.16, 3069.6, 3, 1, 1, 1, 128, 3
1496171857.8721004, 0, 3, 273, 802.79, 3090.9, 132.14, 21, 158, 153, 189, 3.798, 274, 10.78, 1.36, 710, 1940, 435.7, 82.3, 145.1, 96, 799.99, 3080.3, 3, 1, 1, 1, 128, 3
1496171860.6956403, 0, 3, 274, 805.61, 3101.6, 131.6, 21, 158, 155, 190, 3.813, 275, 10.79, 1.39, 730, 1920, 439.6, 80.2, 143, 97, 802.79, 3090.9, 3, 1, 1, 1, 128, 3
1496171863.6297603, 0, 3, 275, 808.53, 3112.8, 131.8, 21, 157, 155, 190, 3.808, 276, 10.95, 1.36, 710, 1980, 444.7, 83.5, 145, 96, 805.61, 3101.6, 3, 1, 1, 1, 128, 3
1496171866.53988, 0, 3, 276, 811.47, 3124, 131.63, 21, 157, 155, 191, 3.812, 277, 11, 1.39, 730, 1970, 447.8, 81.2, 145.1, 96, 808.53, 3112.8, 3, 1, 1, 1, 128, 3
1496171869.3613503, 0, 3, 277, 814.27, 3134.7, 131.65, 21, 157, 155, 192, 3.812, 278, 10.93, 1.36, 720, 1970, 445, 82.2, 148.7, 96, 811.47, 3124, 3, 1, 1, 1, 128, 3
1496171872.1833198, 0, 3, 278, 817.1, 3145.5, 131.17, 21, 158, 157, 192, 3.826, 279, 10.88, 1.39, 730, 1930, 446, 83.6, 151.5, 96, 814.27, 3134.7, 3, 1, 1, 1, 128, 3
1496171875.00527, 0, 3, 279, 819.9, 3156.3, 130.1, 21, 158, 161, 193, 3.857, 280, 10.81, 1.39, 720, 1880, 450.4, 80.2, 145.5, 96, 817.1, 3145.5, 3, 1, 1, 1, 128, 3
1496171877.81787, 0, 3, 280, 822.71, 3167.1, 130.59, 21, 159, 159, 194, 3.843, 281, 10.79, 1.39, 720, 1900, 446.5, 81.4, 153.1, 96, 819.9, 3156.3, 3, 1, 1, 1, 128, 3
1496171880.6133993, 0, 3, 281, 825.52, 3177.9, 130.64, 21, 160, 159, 194, 3.841, 282, 10.86, 1.39, 730, 1920, 449, 83.2, 157.7, 96, 822.71, 3167.1, 3, 1, 1, 1, 128, 3
1496171883.5494795, 0, 3, 282, 828.46, 3189.3, 130.03, 21, 160, 161, 195, 3.86, 283, 11, 1.36, 700, 1970, 459.2, 90.9, 160.1, 96, 825.52, 3177.9, 3, 1, 1, 1, 128, 3
1496171886.3733096, 0, 3, 283, 831.27, 3200.3, 128.21, 21, 160, 168, 196, 3.915, 284, 11.22, 1.42, 730, 1940, 481.5, 85.9, 161.5, 96, 828.46, 3189.3, 3, 1, 1, 1, 128, 3
1496171889.2795696, 0, 3, 284, 834.19, 3211.7, 128.17, 21, 159, 168, 196, 3.916, 285, 11.21, 1.42, 730, 1930, 481.6, 84, 155.7, 96, 831.27, 3200.3, 3, 1, 1, 1, 128, 3
1496171892.0994895, 0, 3, 285, 837.02, 3222.8, 128.18, 21, 159, 168, 197, 3.915, 286, 11.06, 1.45, 720, 1900, 474.9, 89.9, 164.6, 96, 834.19, 3211.7, 3, 1, 1, 1, 128, 3
1496171894.8917797, 0, 3, 286, 839.82, 3233.9, 127, 21, 158, 173, 198, 3.952, 287, 11.2, 1.42, 710, 1910, 489.9, 86.2, 161.1, 96, 837.02, 3222.8, 3, 1, 1, 1, 128, 3
1496171897.73944, 0, 3, 287, 842.63, 3244.9, 127.71, 21, 157, 170, 198, 3.93, 288, 11.06, 1.42, 710, 1890, 478.5, 88.6, 159.4, 96, 839.82, 3233.9, 3, 1, 1, 1, 128, 3
1496171900.7693503, 0, 3, 288, 845.68, 3256.8, 128.39, 20, 156, 167, 199, 3.909, 289, 11.75, 1.42, 730, 2060, 503, 83.1, 156.3, 96, 842.63, 3244.9, 3, 1, 1, 1, 128, 3
1496171903.8043802, 0, 3, 289, 848.73, 3268.5, 131.03, 19, 156, 157, 200, 3.83, 290, 11.81, 1.39, 730, 2180, 485.3, 87.6, 155.8, 96, 845.68, 3256.8, 3, 1, 1, 1, 128, 3
1496171906.8592908, 0, 3, 290, 851.78, 3280.2, 130.88, 20, 156, 158, 201, 3.834, 291, 11.67, 1.39, 720, 2140, 480.8, 89.8, 163.5, 96, 848.73, 3268.5, 3, 1, 1, 1, 128, 3
1496171909.799121, 0, 3, 291, 854.71, 3291.5, 129.87, 20, 156, 162, 201, 3.864, 292, 11.34, 1.36, 700, 2050, 474.4, 89.5, 164, 96, 851.78, 3280.2, 3, 1, 1, 1, 128, 3
1496171912.8311203, 0, 3, 292, 857.74, 3303.2, 130.1, 20, 155, 161, 202, 3.857, 293, 11.7, 1.36, 710, 2140, 487.5, 87.9, 161.6, 96, 854.71, 3291.5, 3, 1, 1, 1, 128, 3
1496171915.7714, 0, 3, 293, 860.67, 3314.5, 130.27, 20, 155, 160, 203, 3.852, 294, 11.34, 1.39, 720, 2040, 471.7, 85.4, 164.9, 96, 857.74, 3303.2, 3, 1, 1, 1, 128, 3
1496171918.8288202, 0, 3, 294, 863.72, 3326.2, 131.01, 20, 154, 157, 203, 3.831, 295, 11.47, 1.36, 710, 2100, 471.6, 85, 154.4, 96, 860.67, 3314.5, 3, 1, 1, 1, 128, 3
1496171921.7427604, 0, 3, 295, 866.66, 3337.4, 131.45, 20, 154, 156, 204, 3.818, 296, 11.27, 1.39, 730, 2040, 460.2, 86.4, 155.9, 96, 863.72, 3326.2, 3, 1, 1, 1, 128, 3
1496171924.6825607, 0, 3, 296, 869.58, 3348.6, 130.63, 20, 154, 159, 205, 3.842, 297, 11.55, 1.39, 720, 2110, 477.4, 92.9, 169.7, 96, 866.66, 3337.4, 3, 1, 1, 1, 128, 3
1496171927.7363913, 0, 3, 297, 872.63, 3360.4, 129.44, 20, 154, 163, 206, 3.877, 298, 11.69, 1.39, 720, 2110, 492.2, 86.5, 151.9, 96, 869.58, 3348.6, 3, 1, 1, 1, 128, 3
1496171930.7686615, 0, 3, 298, 875.67, 3372.3, 129.61, 20, 154, 163, 206, 3.872, 299, 11.49, 1.45, 730, 2050, 482.5, 90.1, 169.5, 96, 872.63, 3360.4, 3, 1, 1, 1, 128, 3
1496171933.679112, 0, 3, 299, 878.6, 3383.6, 129.15, 20, 154, 164, 207, 3.886, 300, 11.61, 1.33, 680, 2110, 491.3, 92, 164.9, 96, 875.67, 3372.3, 3, 1, 1, 1, 128, 3
1496171936.738912, 0, 3, 300, 881.65, 3395.5, 129.53, 20, 154, 163, 208, 3.874, 301, 11.63, 1.36, 700, 2120, 489, 89.4, 170.2, 96, 878.6, 3383.6, 3, 1, 1, 1, 128, 3
1496171939.5588822, 0, 3, 301, 884.47, 3406.4, 129.21, 21, 155, 164, 208, 3.884, 302, 11, 1.36, 700, 1930, 464.9, 83.1, 148.5, 96, 881.65, 3395.5, 3, 1, 1, 1, 128, 3
1496171942.4689121, 0, 3, 302, 887.4, 3417.7, 130.48, 21, 155, 159, 209, 3.846, 303, 11.21, 1.36, 700, 2030, 464.4, 90.5, 173.6, 96, 884.47, 3406.4, 3, 1, 1, 1, 128, 3
1496171945.4086816, 0, 3, 303, 890.32, 3428.9, 129.7, 20, 155, 162, 210, 3.869, 304, 11.48, 1.42, 740, 2050, 481.6, 81.7, 159.3, 96, 887.4, 3417.7, 3, 1, 1, 1, 128, 3
1496171948.2336013, 0, 3, 304, 893.13, 3439.7, 130.92, 21, 155, 158, 210, 3.833, 305, 10.94, 1.36, 720, 1950, 450.2, 73.3, 140.4, 96, 890.32, 3428.9, 3, 1, 1, 1, 128, 3
1496171951.1388416, 0, 3, 305, 896.07, 3450.7, 134.36, 21, 155, 146, 211, 3.735, 306, 10.65, 1.33, 720, 1950, 416.3, 73.5, 132.2, 96, 893.13, 3439.7, 3, 1, 1, 1, 128, 3
1496171954.0823822, 0, 3, 306, 899, 3461.6, 134.82, 21, 154, 144, 212, 3.722, 307, 10.87, 1.42, 740, 1990, 421.8, 93.8, 168.7, 97, 896.07, 3450.7, 3, 1, 1, 1, 128, 3
1496171956.7782319, 0, 3, 307, 901.69, 3472.1, 128.57, 22, 154, 167, 212, 3.904, 308, 10.81, 1.36, 700, 1870, 461.4, 85.9, 159.6, 96, 899, 3461.6, 3, 1, 1, 1, 128, 3
1496171959.601832, 0, 3, 308, 904.5, 3483, 129.02, 21, 153, 165, 213, 3.89, 309, 11.01, 1.36, 700, 1930, 466.7, 84.8, 161.6, 96, 901.69, 3472.1, 3, 1, 1, 1, 128, 3
1496171962.5422223, 0, 3, 309, 907.43, 3494.3, 130.24, 21, 154, 160, 214, 3.853, 310, 11.15, 1.36, 710, 2000, 463.7, 79.3, 148.3, 96, 904.5, 3483, 3, 1, 1, 1, 128, 3
1496171965.3300023, 0, 3, 310, 910.25, 3505.1, 131.92, 22, 154, 154, 214, 3.804, 311, 10.59, 1.36, 720, 1880, 429.4, 77.1, 146.2, 96, 907.43, 3494.3, 3, 1, 1, 1, 128, 3
1496171968.2678227, 0, 3, 311, 913.17, 3516.1, 132.76, 21, 155, 151, 215, 3.78, 312, 10.94, 1.42, 750, 1960, 437.9, 84.6, 161.1, 96, 910.25, 3505.1, 3, 1, 1, 1, 128, 3
1496171971.0602324, 0, 3, 312, 915.99, 3526.9, 130.58, 21, 155, 159, 216, 3.843, 313, 10.86, 1.39, 730, 1920, 449.4, 79.9, 148.3, 96, 913.17, 3516.1, 3, 1, 1, 1, 128, 3
1496171973.9091718, 0, 3, 313, 918.81, 3537.7, 131.63, 21, 155, 155, 216, 3.812, 314, 10.99, 1.36, 710, 1990, 447.7, 82.6, 157, 96, 915.99, 3526.9, 3, 1, 1, 1, 128, 3
1496171976.9377015, 0, 3, 314, 921.84, 3549.3, 131.49, 20, 154, 156, 217, 3.816, 315, 11.29, 1.42, 740, 2030, 460.5, 88.4, 164, 96, 918.81, 3537.7, 3, 1, 1, 1, 128, 3
1496171979.7918513, 0, 3, 315, 924.65, 3560.2, 129.29, 21, 154, 164, 218, 3.881, 316, 11.29, 1.39, 720, 1990, 476.4, 89.2, 169.7, 96, 921.84, 3549.3, 3, 1, 1, 1, 128, 3
1496171982.7879412, 0, 3, 316, 927.71, 3572.2, 128.61, 20, 154, 166, 219, 3.902, 317, 11.49, 1.42, 710, 2030, 490.1, 90.4, 159.3, 96, 924.65, 3560.2, 3, 1, 1, 1, 128, 3
1496171985.7278607, 0, 3, 317, 930.64, 3583.6, 128.53, 20, 154, 167, 219, 3.905, 318, 11.49, 1.36, 700, 2030, 490.8, 89.3, 169.4, 96, 927.71, 3572.2, 3, 1, 1, 1, 128, 3
1496171988.705621, 0, 3, 318, 933.57, 3594.9, 129.29, 20, 154, 164, 220, 3.882, 319, 11.62, 1.39, 720, 2100, 490.4, 90.5, 165.2, 96, 930.64, 3583.6, 3, 1, 1, 1, 128, 3
1496171991.6378016, 0, 3, 319, 936.5, 3606.3, 128.77, 20, 154, 166, 221, 3.898, 320, 11.55, 1.39, 710, 2050, 491.5, 89.1, 160.6, 96, 933.57, 3594.9, 3, 1, 1, 1, 128, 3
1496171994.5195413, 0, 3, 320, 939.43, 3617.8, 128.34, 21, 155, 168, 221, 3.911, 321, 11.21, 1.39, 710, 1960, 480.2, 87.6, 164.4, 96, 936.5, 3606.3, 3, 1, 1, 1, 128, 3
1496171997.456921, 0, 3, 321, 942.35, 3629.3, 128.58, 20, 155, 167, 222, 3.903, 322, 11.48, 1.42, 710, 2030, 490, 93.6, 167.7, 96, 939.43, 3617.8, 3, 1, 1, 1, 128, 3
1496172000.3675506, 0, 3, 322, 945.28, 3640.7, 127.81, 20, 155, 170, 223, 3.927, 323, 11.55, 1.36, 700, 2030, 499, 87.2, 161.5, 96, 942.35, 3629.3, 3, 1, 1, 1, 128, 3
1496172003.3071506, 0, 3, 323, 948.21, 3652.2, 128.9, 21, 155, 165, 223, 3.893, 324, 11.28, 1.39, 720, 1980, 478.9, 88.5, 173.2, 96, 945.28, 3640.7, 3, 1, 1, 1, 128, 3
1496172006.1176999, 0, 3, 324, 951.02, 3663.1, 128.59, 21, 156, 167, 224, 3.903, 325, 11.13, 1.36, 700, 1950, 474.9, 84.7, 154.2, 96, 948.21, 3652.2, 3, 1, 1, 1, 128, 3
1496172009.0683603, 0, 3, 325, 953.96, 3674.4, 129.99, 20, 155, 161, 225, 3.861, 326, 11.35, 1.39, 720, 2040, 473.9, 86.5, 160.1, 96, 951.02, 3663.1, 3, 1, 1, 1, 128, 3
1496172012.0072207, 0, 3, 326, 956.88, 3685.7, 129.79, 21, 155, 162, 226, 3.867, 327, 11.15, 1.39, 730, 1960, 467, 81.4, 145.7, 97, 953.96, 3674.4, 3, 1, 1, 1, 128, 3
1496172014.917461, 0, 3, 327, 959.82, 3697, 130.84, 21, 155, 158, 226, 3.836, 328, 11.02, 1.39, 730, 1960, 454, 78.3, 147.7, 97, 956.88, 3685.7, 3, 1, 1, 1, 128, 3
1496172017.6111417, 0, 3, 328, 962.5, 3707.3, 130.93, 22, 155, 158, 227, 3.833, 329, 10.67, 1.42, 740, 1860, 439.3, 85.8, 159.5, 96, 959.82, 3697, 3, 1, 1, 1, 128, 3
1496172020.527182, 0, 3, 329, 965.43, 3718.7, 129.2, 21, 156, 164, 228, 3.884, 330, 11.07, 1.39, 710, 1940, 467.9, 88.8, 155.3, 96, 962.5, 3707.3, 3, 1, 1, 1, 128, 3
1496172023.466932, 0, 3, 330, 968.36, 3730.1, 128.68, 20, 155, 166, 228, 3.9, 331, 11.42, 1.42, 710, 2020, 486.6, 91, 172.1, 97, 965.43, 3718.7, 3, 1, 1, 1, 128, 3
1496172026.2920115, 0, 3, 331, 971.19, 3741.2, 127.68, 21, 155, 170, 229, 3.931, 332, 11.42, 1.42, 710, 1990, 494.5, 90.6, 164.2, 96, 968.36, 3730.1, 3, 1, 1, 1, 128, 3
1496172029.2068317, 0, 3, 332, 974.11, 3752.7, 127.98, 21, 156, 169, 230, 3.922, 333, 11.42, 1.39, 690, 2010, 491.9, 91.9, 163.8, 97, 971.19, 3741.2, 3, 1, 1, 1, 128, 3
1496172032.136682, 0, 3, 333, 977.04, 3764.2, 127.88, 21, 156, 169, 230, 3.925, 334, 11.42, 1.39, 690, 2010, 492.8, 92.7, 165, 96, 974.11, 3752.7, 3, 1, 1, 1, 128, 3
1496172035.0465524, 0, 3, 334, 979.96, 3775.7, 127.88, 21, 156, 169, 231, 3.925, 335, 11.4, 1.36, 690, 2000, 492.1, 89.6, 173.7, 96, 977.04, 3764.2, 3, 1, 1, 1, 128, 3
1496172037.9885426, 0, 3, 335, 982.9, 3787.2, 128.44, 20, 156, 167, 232, 3.908, 336, 11.49, 1.42, 710, 2030, 491.4, 90, 158.4, 96, 979.96, 3775.7, 3, 1, 1, 1, 128, 3
1496172040.9265924, 0, 3, 336, 985.82, 3798.6, 128.22, 20, 156, 168, 233, 3.914, 337, 11.48, 1.42, 730, 1990, 492.8, 86.2, 159.9, 96, 982.9, 3787.2, 3, 1, 1, 1, 128, 3
1496172043.8627226, 0, 3, 337, 988.75, 3810, 128.76, 20, 156, 166, 233, 3.898, 338, 11.41, 1.42, 710, 2020, 485.6, 90.2, 174.8, 96, 985.82, 3798.6, 3, 1, 1, 1, 128, 3
1496172046.7811024, 0, 3, 338, 991.69, 3821.5, 128.39, 20, 156, 167, 234, 3.909, 339, 11.61, 1.45, 730, 2030, 497.2, 91.5, 170.6, 96, 988.75, 3810, 3, 1, 1, 1, 128, 3
1496172049.8362625, 0, 3, 339, 994.73, 3833.5, 127.87, 20, 155, 169, 235, 3.925, 340, 11.62, 1.42, 710, 2040, 501.5, 90.5, 152.3, 96, 991.69, 3821.5, 3, 1, 1, 1, 128, 3
1496172052.747573, 0, 3, 340, 997.67, 3845, 127.75, 21, 155, 170, 235, 3.929, 341, 11.41, 1.39, 690, 2000, 493.4, 93.3, 167.3, 96, 994.73, 3833.5, 3, 1, 1, 1, 128, 3
1496172055.6862638, 0, 3, 341, 1000.58, 3856.4, 127.83, 20, 156, 170, 236, 3.926, 342, 11.63, 1.39, 690, 2060, 502.1, 91.2, 165.5, 96, 997.67, 3845, 3, 1, 1, 1, 128, 3
1496172058.6281037, 0, 3, 342, 1003.51, 3867.8, 128.62, 20, 155, 166, 237, 3.902, 343, 11.68, 1.42, 710, 2070, 498.2, 93.8, 177.8, 96, 1000.58, 3856.4, 3, 1, 1, 1, 128, 3
1496172061.6567633, 0, 3, 343, 1006.57, 3879.9, 127.84, 20, 156, 169, 238, 3.926, 344, 11.55, 1.36, 680, 2050, 498.9, 92.4, 164.3, 96, 1003.51, 3867.8, 3, 1, 1, 1, 128, 3
1496172064.479474, 0, 3, 344, 1009.38, 3890.8, 128.51, 21, 156, 167, 238, 3.905, 345, 11.42, 1.36, 700, 2010, 487.9, 87.1, 148.1, 96, 1006.57, 3879.9, 3, 1, 1, 1, 128, 3
1496172067.4176636, 0, 3, 345, 1012.3, 3902.2, 129.21, 21, 156, 164, 239, 3.884, 346, 11.21, 1.39, 720, 1970, 473.7, 85.5, 154.2, 96, 1009.38, 3890.8, 3, 1, 1, 1, 128, 3
1496172070.227174, 0, 3, 346, 1015.13, 3913.1, 129.57, 21, 157, 163, 240, 3.873, 347, 11, 1.33, 680, 1960, 462.5, 89.8, 178.2, 97, 1012.3, 3902.2, 3, 1, 1, 1, 128, 3
1496172073.147765, 0, 3, 347, 1018.04, 3924.5, 128.88, 21, 157, 165, 240, 3.894, 348, 11.29, 1.39, 710, 1990, 479.7, 88.5, 157.1, 96, 1015.13, 3913.1, 3, 1, 1, 1, 128, 3
1496172075.9683251, 0, 3, 348, 1020.87, 3935.6, 128.02, 21, 157, 169, 241, 3.92, 349, 11.14, 1.45, 720, 1920, 479.5, 89.2, 160.4, 96, 1018.04, 3924.5, 3, 1, 1, 1, 128, 3
1496172078.8988152, 0, 3, 349, 1023.78, 3947, 128.1, 21, 156, 168, 242, 3.918, 350, 11.41, 1.36, 700, 2000, 490.9, 85, 152.5, 96, 1020.87, 3935.6, 3, 1, 1, 1, 128, 3
1496172081.8204253, 0, 3, 350, 1026.71, 3958.3, 129.63, 21, 157, 163, 242, 3.871, 351, 11.15, 1.36, 700, 1990, 468, 87.1, 160.8, 97, 1023.78, 3947, 3, 1, 1, 1, 128, 3
1496172084.7263753, 0, 3, 351, 1029.64, 3969.7, 129.5, 20, 157, 163, 243, 3.875, 352, 11.36, 1.39, 720, 2040, 477.9, 90.3, 169.8, 96, 1026.71, 3958.3, 3, 1, 1, 1, 128, 3
1496172087.6673846, 0, 3, 352, 1032.58, 3981.1, 128.94, 20, 156, 165, 244, 3.892, 353, 11.42, 1.36, 700, 2030, 484.7, 87.3, 158.2, 96, 1029.64, 3969.7, 3, 1, 1, 1, 128, 3
1496172090.4855945, 0, 3, 353, 1035.39, 3992, 129.41, 21, 156, 163, 245, 3.878, 354, 11.15, 1.36, 700, 1970, 469.6, 86.8, 158, 96, 1032.58, 3981.1, 3, 1, 1, 1, 128, 3
1496172093.3978138, 0, 4, 354, 1038.31, 4003.3, 129.52, 21, 157, 163, 245, 3.875, 355, 11.14, 1.39, 720, 1960, 468.4, 83.2, 158.9, 96, 1035.39, 3992, 3, 1, 1, 1, 128, 4
1496172096.577554, 0, 4, 355, 1041.48, 4015.3, 132.6, 19, 156, 152, 246, 3.784, 356, 11.96, 1.36, 720, 2260, 479.9, 83.3, 152.5, 97, 1038.31, 4003.3, 3, 1, 1, 1, 128, 4
1496172099.7261138, 0, 4, 356, 1044.64, 4027.2, 134.05, 19, 156, 147, 247, 3.743, 357, 11.84, 1.42, 760, 2220, 465, 85.3, 157.3, 96, 1041.48, 4015.3, 3, 1, 1, 1, 128, 4
1496172102.908534, 0, 4, 357, 1047.81, 4039, 133.55, 19, 156, 149, 247, 3.757, 358, 11.82, 1.36, 730, 2240, 467.5, 83.5, 151.1, 96, 1044.64, 4027.2, 3, 1, 1, 1, 128, 4
1496172106.0854542, 0, 4, 358, 1050.97, 4050.8, 134.79, 19, 156, 144, 248, 3.723, 359, 11.74, 1.39, 750, 2220, 455.9, 80.3, 146.5, 96, 1047.81, 4039, 3, 1, 1, 1, 128, 4
1496172109.1206844, 0, 4, 359, 1054.02, 4062.2, 134.89, 19, 155, 144, 249, 3.72, 360, 11.56, 1.42, 760, 2160, 448, 82.4, 154.5, 96, 1050.97, 4050.8, 3, 1, 1, 1, 128, 4
1496172112.2970152, 0, 4, 360, 1057.19, 4073.9, 134.74, 19, 156, 145, 250, 3.724, 361, 11.9, 1.45, 790, 2220, 462.2, 78.4, 145.5, 96, 1054.02, 4062.2, 3, 1, 1, 1, 128, 4
1496172115.4454556, 0, 4, 361, 1060.34, 4085.7, 135.06, 19, 156, 144, 250, 3.715, 362, 11.47, 1.45, 790, 2110, 443.6, 76.5, 143.6, 96, 1057.19, 4073.9, 3, 1, 1, 1, 128, 4
1496172118.4755154, 0, 4, 362, 1063.4, 4097, 135.2, 20, 156, 143, 251, 3.711, 363, 11.35, 1.39, 750, 2120, 437.8, 80.2, 145.5, 96, 1060.34, 4085.7, 3, 1, 1, 1, 128, 4
1496172121.6646452, 0, 4, 363, 1066.56, 4108.6, 136.13, 19, 155, 140, 252, 3.686, 364, 11.82, 1.42, 770, 2250, 450, 80.4, 147, 97, 1063.4, 4097, 3, 1, 1, 1, 128, 4
1496172124.8050754, 0, 4, 364, 1069.72, 4120.5, 134.68, 19, 155, 145, 252, 3.726, 365, 11.63, 1.45, 770, 2160, 452.1, 87.9, 167, 96, 1066.56, 4108.6, 3, 1, 1, 1, 128, 4
1496172127.993195, 0, 4, 365, 1072.89, 4132.4, 132.6, 19, 155, 152, 253, 3.784, 366, 12.16, 1.42, 750, 2280, 487.7, 91.2, 163.5, 97, 1069.72, 4120.5, 3, 1, 1, 1, 128, 4
1496172131.1967752, 0, 4, 366, 1076.06, 4144.6, 131.14, 19, 155, 157, 254, 3.827, 367, 12.12, 1.39, 730, 2260, 497, 85.5, 150.9, 96, 1072.89, 4132.4, 3, 1, 1, 1, 128, 4
1496172134.3180754, 0, 4, 367, 1079.21, 4156.5, 132.54, 19, 155, 152, 254, 3.786, 368, 11.89, 1.39, 730, 2230, 477.7, 91.5, 171.1, 96, 1076.06, 4144.6, 3, 1, 1, 1, 128, 4
1496172137.470235, 0, 4, 368, 1082.37, 4168.6, 131.26, 19, 154, 157, 255, 3.823, 369, 11.96, 1.39, 730, 2220, 489.7, 91.4, 169.8, 96, 1079.21, 4156.5, 3, 1, 1, 1, 128, 4
1496172140.5588453, 0, 4, 369, 1085.42, 4180.3, 130.53, 19, 154, 159, 256, 3.845, 370, 11.97, 1.42, 740, 2190, 495.6, 86, 164.2, 96, 1082.37, 4168.6, 3, 1, 1, 1, 128, 4
1496172143.6767352, 0, 4, 370, 1088.59, 4192.5, 131.11, 19, 154, 157, 257, 3.827, 371, 11.81, 1.42, 740, 2160, 484.8, 87.9, 167.8, 96, 1085.42, 4180.3, 3, 1, 1, 1, 128, 4
1496172146.7358646, 0, 4, 371, 1091.63, 4204.2, 130.65, 19, 154, 159, 257, 3.841, 372, 11.88, 1.39, 720, 2190, 490.9, 92.9, 168.8, 96, 1088.59, 4192.5, 3, 1, 1, 1, 128, 4
1496172149.916085, 0, 4, 372, 1094.8, 4216.5, 129.46, 19, 154, 163, 258, 3.877, 373, 12.02, 1.42, 730, 2190, 506.2, 89, 161.8, 96, 1091.63, 4204.2, 3, 1, 1, 1, 128, 4
1496172152.9448254, 0, 4, 373, 1097.85, 4228.2, 129.81, 20, 154, 162, 259, 3.866, 374, 11.82, 1.39, 720, 2160, 495.1, 88.1, 157.6, 96, 1094.8, 4216.5, 3, 1, 1, 1, 128, 4
1496172155.9748251, 0, 4, 374, 1100.89, 4239.9, 130.46, 20, 155, 159, 260, 3.847, 375, 11.63, 1.39, 730, 2110, 482, 83.7, 157.7, 96, 1097.85, 4228.2, 3, 1, 1, 1, 128, 4
1496172158.9228644, 0, 4, 375, 1103.82, 4251.1, 131.63, 20, 155, 155, 260, 3.812, 376, 11.41, 1.39, 730, 2080, 464.6, 84.2, 161.7, 96, 1100.89, 4239.9, 3, 1, 1, 1, 128, 4
1496172162.001844, 0, 4, 376, 1106.86, 4262.6, 132.27, 20, 156, 153, 261, 3.794, 377, 11.61, 1.39, 740, 2140, 468.3, 82.1, 150.6, 96, 1103.82, 4251.1, 3, 1, 1, 1, 128, 4
1496172165.0061736, 0, 4, 377, 1109.92, 4274.2, 132.33, 20, 156, 153, 262, 3.792, 378, 11.34, 1.42, 750, 2060, 457, 85.5, 157.3, 96, 1106.86, 4262.6, 3, 1, 1, 1, 128, 4
1496172168.0662732, 0, 4, 378, 1112.96, 4285.9, 131.42, 20, 157, 156, 262, 3.819, 379, 11.55, 1.39, 730, 2110, 471.8, 84.9, 165.8, 96, 1109.92, 4274.2, 3, 1, 1, 1, 128, 4
1496172171.0974836, 0, 4, 379, 1116, 4297.4, 131.96, 20, 157, 154, 263, 3.803, 380, 11.62, 1.42, 750, 2120, 470.8, 84.2, 152.3, 96, 1112.96, 4285.9, 3, 1, 1, 1, 128, 4
1496172174.0420938, 0, 4, 380, 1118.93, 4308.6, 131.77, 20, 156, 155, 264, 3.808, 381, 11.34, 1.39, 730, 2060, 460.9, 82.5, 151.3, 96, 1116, 4297.4, 3, 1, 1, 1, 128, 4
1496172177.0895028, 0, 4, 381, 1121.98, 4320.1, 132.59, 20, 157, 152, 264, 3.785, 382, 11.54, 1.42, 760, 2110, 463.2, 80.9, 152.3, 96, 1118.93, 4308.6, 3, 1, 1, 1, 128, 4
1496172180.136843, 0, 4, 382, 1125.03, 4331.7, 132.72, 20, 157, 151, 265, 3.781, 383, 11.48, 1.39, 730, 2120, 459.9, 89.3, 164.3, 96, 1121.98, 4320.1, 3, 1, 1, 1, 128, 4
1496172183.187233, 0, 4, 383, 1128.08, 4343.3, 131.47, 20, 158, 156, 266, 3.817, 384, 11.69, 1.39, 730, 2150, 477.2, 88.4, 164.2, 96, 1125.03, 4331.7, 3, 1, 1, 1, 128, 4
1496172186.364553, 0, 4, 384, 1131.24, 4355.4, 130.96, 19, 158, 158, 267, 3.832, 385, 11.83, 1.39, 730, 2180, 486.8, 87.1, 153.7, 96, 1128.08, 4343.3, 3, 1, 1, 1, 128, 4
1496172189.393953, 0, 4, 385, 1134.29, 4367, 131.67, 20, 159, 155, 267, 3.811, 386, 11.63, 1.36, 720, 2150, 473.2, 84.2, 159.2, 96, 1131.24, 4355.4, 3, 1, 1, 1, 128, 4
1496172192.4238527, 0, 4, 386, 1137.33, 4378.5, 133.11, 19, 159, 150, 268, 3.77, 387, 11.62, 1.36, 720, 2180, 462.7, 84.9, 155.1, 96, 1134.29, 4367, 3, 1, 1, 1, 128, 4
1496172195.4881833, 0, 4, 387, 1140.38, 4390, 132.81, 20, 159, 151, 269, 3.779, 388, 11.42, 1.42, 750, 2090, 456.6, 87, 165.7, 96, 1137.33, 4378.5, 3, 1, 1, 1, 128, 4
1496172198.4299235, 0, 4, 388, 1143.31, 4401.2, 131.15, 20, 159, 157, 269, 3.826, 389, 11.48, 1.39, 730, 2090, 470.8, 85.7, 160.6, 96, 1140.38, 4390, 3, 1, 1, 1, 128, 4
1496172201.4656732, 0, 4, 389, 1146.35, 4412.8, 131.39, 20, 158, 156, 270, 3.819, 390, 11.67, 1.39, 720, 2150, 477.1, 89.4, 163.7, 96, 1143.31, 4401.2, 3, 1, 1, 1, 128, 4
1496172204.5131931, 0, 4, 390, 1149.4, 4424.6, 130.49, 20, 158, 159, 271, 3.846, 391, 11.4, 1.36, 710, 2080, 472.6, 87.5, 157.7, 96, 1146.35, 4412.8, 3, 1, 1, 1, 128, 4
1496172207.5433335, 0, 4, 391, 1152.45, 4436.3, 130.91, 20, 157, 158, 271, 3.833, 392, 11.62, 1.39, 730, 2130, 478.5, 87.9, 162, 96, 1149.4, 4424.6, 3, 1, 1, 1, 128, 4
1496172210.605323, 0, 4, 392, 1155.5, 4448, 130.96, 20, 156, 158, 272, 3.832, 393, 11.63, 1.36, 710, 2140, 478.3, 86.7, 161.9, 96, 1152.45, 4436.3, 3, 1, 1, 1, 128, 4
1496172213.5519433, 0, 4, 393, 1158.43, 4459.1, 131.4, 20, 157, 156, 273, 3.819, 394, 11.49, 1.39, 730, 2100, 469.6, 88, 169, 96, 1155.5, 4448, 3, 1, 1, 1, 128, 4
1496172216.694974, 0, 4, 394, 1161.58, 4471.2, 131.47, 19, 156, 156, 274, 3.817, 395, 11.97, 1.42, 750, 2210, 488.5, 85.3, 160.5, 96, 1158.43, 4459.1, 3, 1, 1, 1, 128, 4
1496172219.7551136, 0, 4, 395, 1164.64, 4482.8, 131.96, 19, 156, 154, 274, 3.803, 396, 11.82, 1.39, 730, 2200, 479.1, 91.2, 164.1, 97, 1161.58, 4471.2, 3, 1, 1, 1, 128, 4
1496172222.9029837, 0, 4, 396, 1167.81, 4495, 130.15, 20, 156, 161, 275, 3.856, 397, 11.84, 1.45, 740, 2150, 493, 92.2, 169.3, 96, 1164.64, 4482.8, 3, 1, 1, 1, 128, 4
1496172225.9653137, 0, 4, 397, 1170.85, 4506.8, 129.45, 19, 156, 163, 276, 3.877, 398, 12.03, 1.39, 720, 2190, 506.4, 91.3, 167, 96, 1167.81, 4495, 3, 1, 1, 1, 128, 4
1496172228.997073, 0, 4, 398, 1173.89, 4518.6, 129.68, 20, 156, 162, 277, 3.87, 399, 11.89, 1.39, 720, 2170, 499.1, 85.8, 158.1, 96, 1170.85, 4506.8, 3, 1, 1, 1, 128, 4
1496172232.1730032, 0, 4, 399, 1177.05, 4530.6, 131.94, 20, 156, 154, 277, 3.803, 400, 11.61, 1.36, 730, 2140, 470.4, 74.6, 141.7, 96, 1173.89, 4518.6, 3, 1, 1, 1, 128, 4
1496172235.4429731, 0, 4, 400, 1180.33, 4542.6, 137.41, 18, 156, 136, 278, 3.651, 401, 12.17, 1.42, 780, 2370, 454.7, 84.1, 155, 96, 1177.05, 4530.6, 3, 1, 1, 1, 128, 4
1496172238.3880334, 0, 4, 401, 1183.27, 4553.5, 134.32, 20, 155, 146, 279, 3.736, 402, 11.07, 1.39, 750, 2030, 432.8, 75.7, 138.9, 96, 1180.33, 4542.6, 3, 1, 1, 1, 128, 4
1496172241.4132433, 0, 4, 402, 1186.31, 4564.7, 136.23, 20, 154, 140, 279, 3.683, 403, 10.93, 1.33, 730, 2050, 415.5, 69.2, 119.9, 96, 1183.27, 4553.5, 3, 1, 1, 1, 128, 4
1496172244.4729626, 0, 4, 403, 1189.36, 4575.7, 139.81, 20, 153, 129, 280, 3.589, 404, 10.87, 1.39, 790, 2050, 392.1, 68, 123.1, 96, 1186.31, 4564.7, 3, 1, 1, 1, 128, 4
1496172247.502763, 0, 4, 404, 1192.41, 4586.4, 142.1, 20, 152, 123, 280, 3.53, 405, 10.79, 1.3, 770, 2090, 376.9, 57.2, 100.8, 96, 1189.36, 4575.7, 3, 1, 1, 1, 128, 4
1496172250.5628934, 0, 4, 405, 1195.44, 4596.8, 146.67, 20, 152, 112, 281, 3.42, 406, 10.45, 1.39, 810, 2060, 342.3, 68, 120.7, 96, 1192.41, 4586.4, 3, 1, 1, 1, 128, 4
1496172253.4727342, 0, 4, 406, 1198.38, 4607.2, 141.85, 21, 151, 112, 282, 3.537, 407, 10.31, 1.42, 780, 1930, 342.3, 84.7, 152.5, 96, 1195.44, 4596.8, 3, 1, 1, 1, 128, 4
1496172256.4275243, 0, 4, 407, 1201.31, 4618.1, 135.19, 20, 150, 143, 282, 3.712, 408, 11.19, 1.39, 750, 2080, 432.1, 78.8, 138.7, 96, 1198.38, 4607.2, 3, 1, 1, 1, 128, 4
1496172259.3574245, 0, 4, 408, 1204.24, 4629, 134.29, 20, 150, 146, 283, 3.736, 409, 10.93, 1.39, 750, 2000, 427.7, 79, 136.9, 96, 1201.31, 4618.1, 3, 1, 1, 1, 128, 4
1496172262.291164, 0, 4, 409, 1207.17, 4640, 134.27, 20, 150, 146, 284, 3.737, 410, 10.94, 1.36, 730, 2010, 428.1, 75, 138.1, 96, 1204.24, 4629, 3, 1, 1, 1, 128, 4
1496172265.202734, 0, 4, 410, 1210.1, 4650.8, 135.98, 21, 150, 141, 284, 3.69, 411, 10.66, 1.36, 750, 1960, 406.8, 68.7, 126.1, 96, 1207.17, 4640, 3, 1, 1, 1, 128, 4
1496172268.1461139, 0, 4, 411, 1213.03, 4661.2, 140.81, 20, 150, 127, 285, 3.563, 412, 10.66, 1.21, 710, 2090, 379.1, 55.5, 93.7, 96, 1210.1, 4650.8, 3, 1, 1, 1, 128, 4
1496172271.1726544, 0, 4, 412, 1216.07, 4671.4, 148.63, 20, 150, 108, 285, 3.375, 413, 9.91, 1.3, 800, 1950, 316.2, 53.3, 92.6, 96, 1213.03, 4661.2, 3, 1, 1, 1, 128, 4
1496172274.112365, 0, 4, 413, 1219.01, 4681.3, 149.98, 20, 149, 108, 286, 3.344, 414, 9.83, 1.39, 840, 1910, 316.2, 67.6, 116.8, 96, 1216.07, 4671.4, 3, 1, 1, 1, 128, 4
1496172277.022714, 0, 4, 414, 1221.94, 4691.6, 143.62, 21, 148, 119, 286, 3.493, 415, 10.18, 1.39, 790, 1940, 347.9, 70.7, 128.2, 96, 1219.01, 4681.3, 3, 1, 1, 1, 128, 4
1496172280.0822136, 0, 4, 415, 1224.97, 4702.3, 141.7, 20, 147, 124, 287, 3.54, 416, 10.86, 1.39, 790, 2080, 381.4, 64.8, 124.4, 96, 1221.94, 4691.6, 3, 1, 1, 1, 128, 4
1496172283.1724434, 0, 4, 416, 1228.02, 4712.7, 145.48, 19, 146, 115, 288, 3.448, 417, 10.71, 1.27, 770, 2130, 356.8, 50.4, 89.4, 96, 1224.97, 4702.3, 3, 1, 1, 1, 128, 4
1496172286.2919936, 0, 4, 417, 1231.19, 4723.1, 153.36, 19, 146, 98, 288, 3.27, 418, 10.24, 1.33, 840, 2100, 306.7, 55.8, 93, 96, 1228.02, 4712.7, 3, 1, 1, 1, 128, 4
1496172289.2322443, 0, 4, 418, 1234.12, 4732.7, 152.55, 20, 146, 100, 289, 3.288, 419, 9.62, 1.3, 810, 1930, 291.4, 58.4, 98.7, 96, 1231.19, 4723.1, 3, 1, 1, 1, 128, 4
1496172292.1419141, 0, 4, 419, 1237.04, 4742.6, 150.01, 21, 145, 105, 289, 3.344, 420, 9.69, 1.3, 780, 1930, 303.5, 67.7, 123.9, 96, 1234.12, 4732.7, 3, 1, 1, 1, 128, 4
1496172295.0822732, 0, 4, 420, 1239.98, 4752.7, 145.72, 20, 144, 114, 290, 3.442, 421, 10.12, 1.36, 810, 1940, 335.8, 62.3, 113.9, 96, 1237.04, 4742.6, 3, 1, 1, 1, 128, 4
1496172297.902143, 0, 4, 421, 1242.79, 4762.4, 145.1, 21, 143, 116, 290, 3.457, 422, 9.83, 1.3, 780, 1890, 329.4, 59.2, 93.8, 96, 1239.98, 4752.7, 3, 1, 1, 1, 128, 4
1496172300.7203634, 0, 4, 422, 1245.59, 4772, 145.71, 21, 143, 114, 291, 3.443, 423, 9.77, 1.36, 810, 1840, 324.4, 60.7, 102.5, 96, 1242.79, 4762.4, 3, 1, 1, 1, 128, 4
1496172303.631864, 0, 4, 423, 1248.54, 4782.3, 144.06, 21, 142, 118, 291, 3.482, 424, 10.17, 1.42, 800, 1940, 345.6, 78.6, 141.9, 96, 1245.59, 4772, 3, 1, 1, 1, 128, 4
1496172306.572064, 0, 4, 424, 1251.46, 4793, 137.71, 21, 142, 135, 292, 3.643, 425, 10.38, 1.36, 750, 1900, 386.1, 67.6, 123.9, 96, 1248.54, 4782.3, 3, 1, 1, 1, 128, 4
1496172309.512554, 0, 4, 425, 1254.38, 4803.5, 139.69, 20, 142, 130, 293, 3.592, 426, 10.8, 1.42, 800, 2020, 390.2, 69.9, 126.7, 96, 1251.46, 4793, 3, 1, 1, 1, 128, 4
1496172312.543904, 0, 4, 426, 1257.44, 4814.5, 139.79, 20, 142, 130, 293, 3.589, 427, 10.66, 1.33, 740, 2030, 384.7, 71.7, 128.5, 96, 1254.38, 4803.5, 3, 1, 1, 1, 128, 4
1496172315.4819143, 0, 4, 427, 1260.38, 4825, 139.54, 20, 142, 130, 294, 3.595, 428, 10.74, 1.39, 770, 2020, 388.9, 75.2, 143.6, 96, 1257.44, 4814.5, 3, 1, 1, 1, 128, 4
1496172318.3915343, 0, 4, 428, 1263.31, 4835.7, 137.89, 21, 143, 135, 294, 3.639, 429, 10.59, 1.36, 750, 1970, 393, 70.6, 127.8, 96, 1260.38, 4825, 3, 1, 1, 1, 128, 4
1496172321.331684, 0, 4, 429, 1266.23, 4846.3, 138.56, 21, 144, 133, 295, 3.621, 430, 10.59, 1.39, 770, 1960, 388.9, 71.3, 134, 96, 1263.31, 4835.7, 3, 1, 1, 1, 128, 4
1496172324.151484, 0, 4, 430, 1269.03, 4856.5, 137.74, 21, 145, 135, 296, 3.643, 431, 10.39, 1.39, 770, 1890, 386.3, 70.4, 136, 96, 1266.23, 4846.3, 3, 1, 1, 1, 128, 4
1496172327.1811342, 0, 4, 431, 1272.09, 4867.6, 138.11, 20, 145, 134, 296, 3.633, 432, 10.87, 1.42, 780, 2020, 401.9, 76.6, 140.8, 96, 1269.03, 4856.5, 3, 1, 1, 1, 128, 4
1496172330.0318134, 0, 4, 432, 1274.91, 4878, 135.75, 21, 146, 141, 297, 3.696, 433, 10.72, 1.39, 750, 1960, 410.5, 76.8, 137, 96, 1272.09, 4867.6, 3, 1, 1, 1, 128, 4
1496172333.0612235, 0, 4, 433, 1277.95, 4889.3, 135.64, 20, 146, 142, 298, 3.699, 434, 10.94, 1.39, 760, 2010, 419.3, 72.9, 129.9, 96, 1274.91, 4878, 3, 1, 1, 1, 128, 4
1496172336.0012631, 0, 4, 434, 1280.87, 4899.9, 137.11, 20, 146, 137, 298, 3.66, 435, 10.87, 1.36, 750, 2030, 407.8, 74, 137.1, 96, 1277.95, 4889.3, 3, 1, 1, 1, 128, 4
1496172339.0362923, 0, 4, 435, 1283.92, 4911, 138.16, 20, 147, 134, 299, 3.632, 436, 11, 1.39, 770, 2070, 406.6, 70.8, 128.1, 96, 1280.87, 4899.9, 3, 1, 1, 1, 128, 4
1496172342.0609922, 0, 4, 436, 1286.97, 4922, 139.77, 20, 148, 130, 299, 3.59, 437, 10.79, 1.36, 770, 2050, 389.5, 64.4, 119.6, 96, 1283.92, 4911, 3, 1, 1, 1, 128, 4
1496172344.9127424, 0, 4, 437, 1289.77, 4931.9, 141.6, 21, 148, 125, 300, 3.543, 438, 10.25, 1.39, 780, 1910, 360.5, 68.9, 123.9, 96, 1286.97, 4922, 3, 1, 1, 1, 128, 4
1496172347.8238423, 0, 4, 438, 1292.71, 4942.4, 140.13, 21, 148, 129, 301, 3.58, 439, 10.39, 1.36, 760, 1950, 373.2, 72.8, 130.9, 96, 1289.77, 4931.9, 3, 1, 1, 1, 128, 4
1496172350.6347923, 0, 4, 439, 1295.52, 4952.5, 139.42, 21, 148, 131, 301, 3.599, 440, 10.1, 1.27, 710, 1910, 366.4, 65.7, 105.1, 96, 1292.71, 4942.4, 3, 1, 1, 1, 128, 4
1496172353.581962, 0, 4, 440, 1298.46, 4962.7, 143.42, 20, 147, 120, 302, 3.498, 441, 10.45, 1.27, 750, 2040, 358.1, 62.7, 110.2, 96, 1295.52, 4952.5, 3, 1, 1, 1, 128, 4
1496172356.3712919, 0, 4, 441, 1301.26, 4972.5, 144.73, 22, 146, 117, 302, 3.466, 442, 9.36, 1.24, 740, 1780, 315.1, 57.5, 96.3, 96, 1298.46, 4962.7, 3, 1, 1, 1, 128, 4
1496172359.2030613, 0, 4, 442, 1304.08, 4982, 148.4, 21, 146, 108, 303, 3.38, 443, 9.77, 1.27, 780, 1920, 312.8, 51.6, 87.5, 96, 1301.26, 4972.5, 3, 1, 1, 1, 128, 4
1496172362.2250605, 0, 4, 443, 1307.13, 4991.8, 154.96, 20, 146, 95, 303, 3.237, 444, 9.69, 1.21, 780, 2020, 284.5, 42.7, 67.5, 96, 1304.08, 4982, 3, 1, 1, 1, 128, 4
1496172365.0412707, 0, 4, 444, 1309.84, 5000, 164.74, 22, 145, 95, 304, 3.044, 444, 9.69, 1.21, 780, 1880, 284.5, 42.7, 67.5, 95, 1307.13, 4991.8, 3, 1, 10, 0, 128, 4
