index,Stroke, ElapsedTime (sec), Horizontal (meters), Cadence (stokes/min),Speed,Ratio, StrokeDistance (meters), HRCur (bpm), Stroke500mPace (sec/500m),TimeStamp (sec), Power (watts), DriveLength (meters), DriveTime (ms), DragFactor, StrokeRecoveryTime (ms), AverageDriveForce (lbs), AverageBoatSpeed (m/s), PeakDriveForce (lbs), AverageDriveForce (N), PeakDriveForce (N), lapIdx, Calories (kCal), WorkoutState, Stroke Number,driveenergy,hr_ut2,hr_ut1,hr_at,hr_tr,hr_an,hr_max,lim_ut2,lim_ut1,lim_at,lim_tr,lim_an,lim_max,cum_dist,pw_ut2,pw_ut1,pw_at,pw_tr,pw_an,pw_max,limpw_ut2,limpw_ut1,limpw_at,limpw_tr,limpw_an
0,1,0.0,0.0,0.0,6.27,0.0,0.0,0.0,,1712902802.452638,0.0,0.0,0.0,0.0,0.0,0.0,,0.0,0.0,0.0,0,1.0,4.0,0,,0.0,0.0,0.0,0.0,0.0,0.0,142,146,160,167,180,192,0.0,0.0,0.0,0.0,0.0,0.0,0.0,124.30000000000001,169.5,203.4,237.3,271.2
1,2,0.08,0.0,0.05,0.0,0.0,0.0,0.0,inf,1712902802.6126378,0.0,0.0,0.0,0.0,0.0,0.0,0.0,0.0,0.0,0.0,0,1.0,4.0,0,0.0,0.0,0.0,0.0,0.0,0.0,0.0,142,146,160,167,180,192,0.0,0.0,0.0,0.0,0.0,0.0,0.0,124.30000000000001,169.5,203.4,237.3,271.2
2,3,2.71,4.14,22.81,0.0,27.27,4.19,0.0,317.6328502415459,1712902804.872638,0.0,0.0,0.0,0.0,0.0,0.0,1.5741444866920151,0.0,0.0,0.0,0,1.0,4.0,0,0.0,0.0,0.0,0.0,0.0,0.0,0.0,142,146,160,167,180,192,4.14,0.0,0.0,0.0,0.0,0.0,0.0,124.30000000000001,169.5,203.4,237.3,271.2
3,4,4.62,9.1,31.41,0.0,34.68,4.97,0.0,192.54032258064518,1712902806.6926377,0.0,0.0,0.0,0.0,0.0,0.0,2.596858638743455,0.0,0.0,0.0,0,1.0,4.0,1,0.0,0.0,0.0,0.0,0.0,0.0,0.0,142,146,160,167,180,192,9.1,0.0,0.0,0.0,0.0,0.0,0.0,124.30000000000001,169.5,203.4,237.3,271.2
4,5,6.46,15.02,32.63,0.0,42.86,5.93,0.0,155.4054054054054,1712902808.372638,0.0,0.0,0.0,0.0,0.0,0.0,3.2173913043478266,0.0,0.0,0.0,0,1.0,4.0,2,0.0,0.0,0.0,0.0,0.0,0.0,0.0,142,146,160,167,180,192,15.02,0.0,0.0,0.0,0.0,0.0,0.0,124.30000000000001,169.5,203.4,237.3,271.2
5,6,8.28,21.21,32.88,0.0,53.03,5.41,0.0,147.01130856219703,1712902810.0126379,0.0,0.0,0.0,0.0,0.0,0.0,3.4010989010989023,0.0,0.0,0.0,0,1.0,4.0,3,0.0,0.0,0.0,0.0,0.0,0.0,0.0,142,146,160,167,180,192,21.21,0.0,0.0,0.0,0.0,0.0,0.0,124.30000000000001,169.5,203.4,237.3,271.2
6,7,10.12,27.71,32.68,0.0,54.83,7.28,0.0,141.53846153846152,1712902812.6926377,0.0,0.0,0.0,0.0,0.0,0.0,3.5326086956521743,0.0,0.0,0.0,0,1.0,4.0,5,0.0,0.0,0.0,0.0,0.0,0.0,0.0,142,146,160,167,180,192,27.71,0.0,0.0,0.0,0.0,0.0,0.0,124.30000000000001,169.5,203.4,237.3,271.2
7,8,12.08,34.87,30.61,0.0,61.3,7.16,0.0,136.87150837988838,1712902814.6126378,0.0,0.0,0.0,0.0,0.0,0.0,3.6530612244897926,0.0,0.0,0.0,0,1.0,4.0,6,0.0,0.0,0.0,0.0,0.0,0.0,0.0,142,146,160,167,180,192,34.87,0.0,0.0,0.0,0.0,0.0,0.0,124.30000000000001,169.5,203.4,237.3,271.2
8,9,14.06,41.79,30.3,0.0,60.92,6.91,0.0,143.0635838150289,1712902816.5726378,0.0,0.0,0.0,0.0,0.0,0.0,3.4949494949494953,0.0,0.0,0.0,0,1.0,4.0,7,0.0,0.0,0.0,0.0,0.0,0.0,0.0,142,146,160,167,180,192,41.79,0.0,0.0,0.0,0.0,0.0,0.0,124.30000000000001,169.5,203.4,237.3,271.2
9,10,16.01,48.51,30.77,0.0,58.82,6.35,0.0,145.0892857142858,1712902818.472638,0.0,0.0,0.0,0.0,0.0,0.0,3.446153846153844,0.0,0.0,0.0,0,1.0,4.0,8,0.0,0.0,0.0,0.0,0.0,0.0,0.0,142,146,160,167,180,192,48.51,0.0,0.0,0.0,0.0,0.0,0.0,124.30000000000001,169.5,203.4,237.3,271.2
10,11,17.95,55.04,30.93,0.0,53.24,6.91,0.0,148.54517611026014,1712902820.3526375,0.0,0.0,0.0,0.0,0.0,0.0,3.3659793814433034,0.0,0.0,0.0,0,1.0,4.0,8,0.0,0.0,0.0,0.0,0.0,0.0,0.0,142,146,160,167,180,192,55.04,0.0,0.0,0.0,0.0,0.0,0.0,124.30000000000001,169.5,203.4,237.3,271.2
11,12,19.96,62.06,29.85,0.0,51.49,7.02,0.0,143.16239316239322,1712902822.372638,0.0,0.0,0.0,0.0,0.0,0.0,3.4925373134328344,0.0,0.0,0.0,0,1.0,4.0,10,0.0,0.0,0.0,0.0,0.0,0.0,0.0,142,146,160,167,180,192,62.06,0.0,0.0,0.0,0.0,0.0,0.0,124.30000000000001,169.5,203.4,237.3,271.2
12,13,21.98,69.19,29.7,0.0,51.91,7.14,0.0,141.65497896213188,1712902824.412638,0.0,0.0,0.0,0.0,0.0,0.0,3.529702970297029,0.0,0.0,0.0,0,1.0,4.0,11,0.0,0.0,0.0,0.0,0.0,0.0,0.0,142,146,160,167,180,192,69.19,0.0,0.0,0.0,0.0,0.0,0.0,124.30000000000001,169.5,203.4,237.3,271.2
13,14,24.02,76.73,29.41,0.0,60.1,7.54,0.0,135.27851458885925,1712902826.4926379,0.0,0.0,0.0,0.0,0.0,0.0,3.6960784313725537,0.0,0.0,0.0,0,1.0,4.0,12,0.0,0.0,0.0,0.0,0.0,0.0,0.0,142,146,160,167,180,192,76.73,0.0,0.0,0.0,0.0,0.0,0.0,124.30000000000001,169.5,203.4,237.3,271.2
14,15,26.11,83.84,28.71,0.0,54.84,7.11,0.0,146.9760900140647,1712902828.6726377,0.0,0.0,0.0,0.0,0.0,0.0,3.401913875598086,0.0,0.0,0.0,0,1.0,4.0,13,0.0,0.0,0.0,0.0,0.0,0.0,0.0,142,146,160,167,180,192,83.84,0.0,0.0,0.0,0.0,0.0,0.0,124.30000000000001,169.5,203.4,237.3,271.2
15,16,28.12,90.7,29.85,0.0,58.54,6.85,0.0,146.50145772594766,1712902830.6926377,0.0,0.0,0.0,0.0,0.0,0.0,3.4129353233830813,0.0,0.0,0.0,0,1.0,4.0,14,0.0,0.0,0.0,0.0,0.0,0.0,0.0,142,146,160,167,180,192,90.7,0.0,0.0,0.0,0.0,0.0,0.0,124.30000000000001,169.5,203.4,237.3,271.2
16,17,30.13,98.19,29.85,0.0,59.71,7.49,0.0,134.17890520694255,1712902832.7126377,0.0,0.0,0.0,0.0,0.0,0.0,3.7263681592039815,0.0,0.0,0.0,0,1.0,4.0,15,0.0,0.0,0.0,0.0,0.0,0.0,0.0,142,146,160,167,180,192,98.19,0.0,0.0,0.0,0.0,0.0,0.0,124.30000000000001,169.5,203.4,237.3,271.2
17,18,32.17,105.31,29.41,0.0,55.85,7.12,0.0,143.25842696629223,1712902834.7926376,0.0,0.0,0.0,0.0,0.0,0.0,3.49019607843137,0.0,0.0,0.0,0,1.0,4.0,16,0.0,0.0,0.0,0.0,0.0,0.0,0.0,142,146,160,167,180,192,105.31,0.0,0.0,0.0,0.0,0.0,0.0,124.30000000000001,169.5,203.4,237.3,271.2
18,19,34.23,112.53,29.13,0.0,56.56,7.22,0.0,142.65927977839303,1712902836.912638,0.0,0.0,0.0,0.0,0.0,0.0,3.5048543689320466,0.0,0.0,0.0,0,1.0,4.0,17,0.0,0.0,0.0,0.0,0.0,0.0,0.0,142,146,160,167,180,192,112.53,0.0,0.0,0.0,0.0,0.0,0.0,124.30000000000001,169.5,203.4,237.3,271.2
19,20,36.23,119.79,30.0,0.0,57.36,7.26,0.0,137.74104683195583,1712902838.912638,0.0,0.0,0.0,0.0,0.0,0.0,3.6300000000000026,0.0,0.0,0.0,0,1.0,4.0,18,0.0,0.0,0.0,0.0,0.0,0.0,0.0,142,146,160,167,180,192,119.79,0.0,0.0,0.0,0.0,0.0,0.0,124.30000000000001,169.5,203.4,237.3,271.2
20,21,38.33,128.33,28.57,0.0,58.78,8.54,0.0,122.95081967213113,1712902840.1126378,0.0,0.0,0.0,0.0,0.0,0.0,4.066666666666667,0.0,0.0,0.0,0,1.0,4.0,18,0.0,0.0,0.0,0.0,0.0,0.0,0.0,142,146,160,167,180,192,128.33,0.0,0.0,0.0,0.0,0.0,0.0,124.30000000000001,169.5,203.4,237.3,271.2
21,22,40.37,135.67,29.43,0.0,56.56,7.34,0.0,138.96457765667617,1712902842.1926377,0.0,0.0,0.0,0.0,0.0,0.0,3.5980392156862635,0.0,0.0,0.0,0,1.0,4.0,19,0.0,0.0,0.0,0.0,0.0,0.0,0.0,142,146,160,167,180,192,135.67,0.0,0.0,0.0,0.0,0.0,0.0,124.30000000000001,169.5,203.4,237.3,271.2
22,23,42.41,143.4,29.41,0.0,61.36,7.33,0.0,131.95342820181077,1712902844.2726376,0.0,0.0,0.0,0.0,0.0,0.0,3.7892156862745203,0.0,0.0,0.0,0,1.0,4.0,20,0.0,0.0,0.0,0.0,0.0,0.0,0.0,142,146,160,167,180,192,143.4,0.0,0.0,0.0,0.0,0.0,0.0,124.30000000000001,169.5,203.4,237.3,271.2
23,24,44.49,150.74,28.85,0.0,53.65,7.73,0.0,141.68937329700304,1712902846.432638,0.0,0.0,0.0,0.0,0.0,0.0,3.5288461538461458,0.0,0.0,0.0,0,1.0,4.0,21,0.0,0.0,0.0,0.0,0.0,0.0,0.0,142,146,160,167,180,192,150.74,0.0,0.0,0.0,0.0,0.0,0.0,124.30000000000001,169.5,203.4,237.3,271.2
24,25,46.51,158.5,29.7,0.0,55.48,7.36,0.0,130.15463917525764,1712902848.472638,0.0,0.0,0.0,0.0,0.0,0.0,3.841584158415844,0.0,0.0,0.0,0,1.0,4.0,22,0.0,0.0,0.0,0.0,0.0,0.0,0.0,142,146,160,167,180,192,158.5,0.0,0.0,0.0,0.0,0.0,0.0,124.30000000000001,169.5,203.4,237.3,271.2
25,26,48.5,165.84,30.15,0.0,58.15,7.33,0.0,135.5585831062671,1712902850.452638,0.0,0.0,0.0,0.0,0.0,0.0,3.688442211055275,0.0,0.0,0.0,0,1.0,4.0,23,0.0,0.0,0.0,0.0,0.0,0.0,0.0,142,146,160,167,180,192,165.84,0.0,0.0,0.0,0.0,0.0,0.0,124.30000000000001,169.5,203.4,237.3,271.2
26,27,50.56,173.24,29.13,0.0,58.15,7.82,0.0,139.18918918918922,1712902852.5726378,0.0,0.0,0.0,0.0,0.0,0.0,3.592233009708737,0.0,0.0,0.0,0,1.0,4.0,24,0.0,0.0,0.0,0.0,0.0,0.0,0.0,142,146,160,167,180,192,173.24,0.0,0.0,0.0,0.0,0.0,0.0,124.30000000000001,169.5,203.4,237.3,271.2
27,28,52.5,180.64,30.91,0.0,53.29,7.07,0.0,131.08108108108132,1712902854.452638,0.0,0.0,0.0,0.0,0.0,0.0,3.8144329896907148,0.0,0.0,0.0,0,1.0,4.0,25,0.0,0.0,0.0,0.0,0.0,0.0,0.0,142,146,160,167,180,192,180.64,0.0,0.0,0.0,0.0,0.0,0.0,124.30000000000001,169.5,203.4,237.3,271.2
28,29,54.49,187.76,30.17,0.0,53.29,7.45,0.0,139.747191011236,1712902856.432638,0.0,0.0,0.0,0.0,0.0,0.0,3.57788944723618,0.0,0.0,0.0,0,1.0,4.0,26,0.0,0.0,0.0,0.0,0.0,0.0,0.0,142,146,160,167,180,192,187.76,0.0,0.0,0.0,0.0,0.0,0.0,124.30000000000001,169.5,203.4,237.3,271.2
29,30,56.47,195.24,30.3,0.0,53.65,7.48,0.0,132.35294117647007,1712902858.392638,0.0,0.0,0.0,0.0,0.0,0.0,3.777777777777793,0.0,0.0,0.0,0,1.0,4.0,27,0.0,0.0,0.0,0.0,0.0,0.0,0.0,142,146,160,167,180,192,195.24,0.0,0.0,0.0,0.0,0.0,0.0,124.30000000000001,169.5,203.4,237.3,271.2
30,31,58.45,202.61,30.3,0.0,57.76,7.37,0.0,134.32835820895542,1712902860.3526375,0.0,0.0,0.0,0.0,0.0,0.0,3.7222222222222165,0.0,0.0,0.0,0,1.0,4.0,28,0.0,0.0,0.0,0.0,0.0,0.0,0.0,142,146,160,167,180,192,202.61,0.0,0.0,0.0,0.0,0.0,0.0,124.30000000000001,169.5,203.4,237.3,271.2
31,32,60.45,209.89,30.0,0.0,56.82,7.27,0.0,137.36263736263788,1712902862.3526375,0.0,0.0,0.0,0.0,0.0,0.0,3.6399999999999864,0.0,0.0,0.0,0,1.0,4.0,29,0.0,0.0,0.0,0.0,0.0,0.0,0.0,142,146,160,167,180,192,209.89,0.0,0.0,0.0,0.0,0.0,0.0,124.30000000000001,169.5,203.4,237.3,271.2
32,33,62.43,217.18,30.3,0.0,56.47,7.3,0.0,135.80246913580186,1712902864.3126376,0.0,0.0,0.0,0.0,0.0,0.0,3.6818181818181985,0.0,0.0,0.0,0,1.0,4.0,30,0.0,0.0,0.0,0.0,0.0,0.0,0.0,142,146,160,167,180,192,217.18,0.0,0.0,0.0,0.0,0.0,0.0,124.30000000000001,169.5,203.4,237.3,271.2
33,34,64.39,224.49,30.61,0.0,56.47,6.48,0.0,134.06292749658004,1712902866.2326376,0.0,0.0,0.0,0.0,0.0,0.0,3.729591836734693,0.0,0.0,0.0,0,1.0,4.0,31,0.0,0.0,0.0,0.0,0.0,0.0,0.0,142,146,160,167,180,192,224.49,0.0,0.0,0.0,0.0,0.0,0.0,124.30000000000001,169.5,203.4,237.3,271.2
34,35,66.4,231.8,29.85,0.0,53.36,7.35,0.0,137.48290013679923,1712902868.2526376,0.0,0.0,0.0,0.0,0.0,0.0,3.6368159203980013,0.0,0.0,0.0,0,1.0,4.0,32,0.0,0.0,0.0,0.0,0.0,0.0,0.0,142,146,160,167,180,192,231.8,0.0,0.0,0.0,0.0,0.0,0.0,124.30000000000001,169.5,203.4,237.3,271.2
35,36,68.48,239.0,28.85,0.0,57.46,7.98,0.0,144.44444444444454,1712902870.412638,0.0,0.0,0.0,0.0,0.0,0.0,3.461538461538459,0.0,0.0,0.0,0,1.0,4.0,33,0.0,0.0,0.0,0.0,0.0,0.0,0.0,142,146,160,167,180,192,239.0,0.0,0.0,0.0,0.0,0.0,0.0,124.30000000000001,169.5,203.4,237.3,271.2
36,37,70.54,246.62,29.13,0.0,54.57,7.63,0.0,135.17060367454076,1712902872.5326378,0.0,0.0,0.0,0.0,0.0,0.0,3.69902912621359,0.0,0.0,0.0,0,1.0,4.0,34,0.0,0.0,0.0,0.0,0.0,0.0,0.0,142,146,160,167,180,192,246.62,0.0,0.0,0.0,0.0,0.0,0.0,124.30000000000001,169.5,203.4,237.3,271.2
37,38,72.57,253.78,29.54,0.0,56.17,7.15,0.0,141.75977653631202,1712902874.5926378,0.0,0.0,0.0,0.0,0.0,0.0,3.527093596059134,0.0,0.0,0.0,0,1.0,4.0,35,0.0,0.0,0.0,0.0,0.0,0.0,0.0,142,146,160,167,180,192,253.78,0.0,0.0,0.0,0.0,0.0,0.0,124.30000000000001,169.5,203.4,237.3,271.2
38,39,74.59,260.89,29.72,0.0,55.15,7.11,0.0,142.05344585091524,1712902876.6326377,0.0,0.0,0.0,0.0,0.0,0.0,3.519801980197994,0.0,0.0,0.0,0,1.0,4.0,36,0.0,0.0,0.0,0.0,0.0,0.0,0.0,142,146,160,167,180,192,260.89,0.0,0.0,0.0,0.0,0.0,0.0,124.30000000000001,169.5,203.4,237.3,271.2
39,40,76.57,268.08,30.29,0.0,53.84,7.19,0.0,137.69123783031924,1712902878.5926378,0.0,0.0,0.0,0.0,0.0,0.0,3.6313131313131484,0.0,0.0,0.0,0,1.0,4.0,37,0.0,0.0,0.0,0.0,0.0,0.0,0.0,142,146,160,167,180,192,268.08,0.0,0.0,0.0,0.0,0.0,0.0,124.30000000000001,169.5,203.4,237.3,271.2
40,41,78.61,275.17,29.41,0.0,69.21,7.08,0.0,143.86459802538766,1712902880.6726377,0.0,0.0,0.0,0.0,0.0,0.0,3.4754901960784363,0.0,0.0,0.0,0,1.0,4.0,38,0.0,0.0,0.0,0.0,0.0,0.0,0.0,142,146,160,167,180,192,275.17,0.0,0.0,0.0,0.0,0.0,0.0,124.30000000000001,169.5,203.4,237.3,271.2
41,42,80.6,282.29,30.17,0.0,54.76,7.13,0.0,139.74719101123551,1712902882.6526377,0.0,0.0,0.0,0.0,0.0,0.0,3.5778894472361924,0.0,0.0,0.0,0,1.0,4.0,39,0.0,0.0,0.0,0.0,0.0,0.0,0.0,142,146,160,167,180,192,282.29,0.0,0.0,0.0,0.0,0.0,0.0,124.30000000000001,169.5,203.4,237.3,271.2
42,43,82.62,289.34,29.69,0.0,55.7,7.05,0.0,143.26241134751936,1712902884.6926377,0.0,0.0,0.0,0.0,0.0,0.0,3.4900990099009506,0.0,0.0,0.0,0,1.0,4.0,40,0.0,0.0,0.0,0.0,0.0,0.0,0.0,142,146,160,167,180,192,289.34,0.0,0.0,0.0,0.0,0.0,0.0,124.30000000000001,169.5,203.4,237.3,271.2
43,44,84.69,296.36,28.99,0.0,50.94,7.02,0.0,147.43589743589615,1712902886.8326375,0.0,0.0,0.0,0.0,0.0,0.0,3.3913043478261167,0.0,0.0,0.0,0,1.0,4.0,41,0.0,0.0,0.0,0.0,0.0,0.0,0.0,142,146,160,167,180,192,296.36,0.0,0.0,0.0,0.0,0.0,0.0,124.30000000000001,169.5,203.4,237.3,271.2
44,45,86.7,303.48,29.85,0.0,55.56,7.12,0.0,141.1516853932587,1712902888.8526375,0.0,0.0,0.0,0.0,0.0,0.0,3.5422885572139235,0.0,0.0,0.0,0,1.0,4.0,42,0.0,0.0,0.0,0.0,0.0,0.0,0.0,142,146,160,167,180,192,303.48,0.0,0.0,0.0,0.0,0.0,0.0,124.30000000000001,169.5,203.4,237.3,271.2
45,46,88.74,311.49,29.38,0.0,58.61,7.18,0.0,127.34082397003709,1712902890.932638,0.0,0.0,0.0,0.0,0.0,0.0,3.926470588235305,0.0,0.0,0.0,0,1.0,4.0,43,0.0,0.0,0.0,0.0,0.0,0.0,0.0,142,146,160,167,180,192,311.49,0.0,0.0,0.0,0.0,0.0,0.0,124.30000000000001,169.5,203.4,237.3,271.2
46,47,90.76,318.7,29.75,0.0,57.42,7.22,0.0,140.08321775312177,1712902892.972638,0.0,0.0,0.0,0.0,0.0,0.0,3.569306930693041,0.0,0.0,0.0,0,1.0,4.0,44,0.0,0.0,0.0,0.0,0.0,0.0,0.0,142,146,160,167,180,192,318.7,0.0,0.0,0.0,0.0,0.0,0.0,124.30000000000001,169.5,203.4,237.3,271.2
47,48,92.85,326.26,28.71,0.0,55.16,8.38,0.0,138.22751322751247,1712902895.1526377,0.0,0.0,0.0,0.0,0.0,0.0,3.617224880382795,0.0,0.0,0.0,0,1.0,4.0,45,0.0,0.0,0.0,0.0,0.0,0.0,0.0,142,146,160,167,180,192,326.26,0.0,0.0,0.0,0.0,0.0,0.0,124.30000000000001,169.5,203.4,237.3,271.2
48,49,94.91,333.43,29.13,0.0,64.35,7.16,0.0,143.65411436541126,1712902897.2726376,0.0,0.0,0.0,0.0,0.0,0.0,3.480582524271849,0.0,0.0,0.0,0,1.0,4.0,46,0.0,0.0,0.0,0.0,0.0,0.0,0.0,142,146,160,167,180,192,333.43,0.0,0.0,0.0,0.0,0.0,0.0,124.30000000000001,169.5,203.4,237.3,271.2
49,50,96.93,340.92,29.7,0.0,58.12,7.49,0.0,134.84646194926623,1712902899.3126376,0.0,0.0,0.0,0.0,0.0,0.0,3.707920792079193,0.0,0.0,0.0,0,1.0,4.0,47,0.0,0.0,0.0,0.0,0.0,0.0,0.0,142,146,160,167,180,192,340.92,0.0,0.0,0.0,0.0,0.0,0.0,124.30000000000001,169.5,203.4,237.3,271.2
50,51,98.96,348.0,29.56,0.0,50.83,7.08,0.0,143.36158192090335,1712902901.372638,0.0,0.0,0.0,0.0,0.0,0.0,3.4876847290640542,0.0,0.0,0.0,0,1.0,4.0,49,0.0,0.0,0.0,0.0,0.0,0.0,0.0,142,146,160,167,180,192,348.0,0.0,0.0,0.0,0.0,0.0,0.0,124.30000000000001,169.5,203.4,237.3,271.2
51,52,100.98,355.5,29.7,0.0,57.65,7.1,0.0,134.66666666666734,1712902903.412638,0.0,0.0,0.0,0.0,0.0,0.0,3.7128712871286944,0.0,0.0,0.0,0,1.0,4.0,50,0.0,0.0,0.0,0.0,0.0,0.0,0.0,142,146,160,167,180,192,355.5,0.0,0.0,0.0,0.0,0.0,0.0,124.30000000000001,169.5,203.4,237.3,271.2
52,53,102.95,362.29,30.46,0.0,55.07,7.19,0.0,145.06627393225278,1712902905.3526375,0.0,0.0,0.0,0.0,0.0,0.0,3.4467005076142256,0.0,0.0,0.0,0,1.0,4.0,51,0.0,0.0,0.0,0.0,0.0,0.0,0.0,142,146,160,167,180,192,362.29,0.0,0.0,0.0,0.0,0.0,0.0,124.30000000000001,169.5,203.4,237.3,271.2
53,54,104.92,369.44,30.46,0.0,57.42,7.16,0.0,137.76223776223813,1712902907.2926376,0.0,0.0,0.0,0.0,0.0,0.0,3.6294416243654726,0.0,0.0,0.0,0,1.0,4.0,51,0.0,0.0,0.0,0.0,0.0,0.0,0.0,142,146,160,167,180,192,369.44,0.0,0.0,0.0,0.0,0.0,0.0,124.30000000000001,169.5,203.4,237.3,271.2
54,55,106.94,376.63,29.7,0.0,50.94,7.18,0.0,140.47287899860896,1712902909.3326375,0.0,0.0,0.0,0.0,0.0,0.0,3.559405940594065,0.0,0.0,0.0,0,1.0,4.0,52,0.0,0.0,0.0,0.0,0.0,0.0,0.0,142,146,160,167,180,192,376.63,0.0,0.0,0.0,0.0,0.0,0.0,124.30000000000001,169.5,203.4,237.3,271.2
55,56,108.93,383.82,30.15,0.0,57.42,7.19,0.0,138.38664812239287,1712902911.3126376,0.0,0.0,0.0,0.0,0.0,0.0,3.6130653266331487,0.0,0.0,0.0,0,1.0,4.0,53,0.0,0.0,0.0,0.0,0.0,0.0,0.0,142,146,160,167,180,192,383.82,0.0,0.0,0.0,0.0,0.0,0.0,124.30000000000001,169.5,203.4,237.3,271.2
56,57,110.94,391.02,29.85,0.0,52.8,7.21,0.0,139.58333333333292,1712902913.3326375,0.0,0.0,0.0,0.0,0.0,0.0,3.5820895522388168,0.0,0.0,0.0,0,1.0,4.0,54,0.0,0.0,0.0,0.0,0.0,0.0,0.0,142,146,160,167,180,192,391.02,0.0,0.0,0.0,0.0,0.0,0.0,124.30000000000001,169.5,203.4,237.3,271.2
57,58,112.92,398.28,30.3,0.0,52.59,7.26,0.0,136.36363636363683,1712902915.2926376,0.0,0.0,0.0,0.0,0.0,0.0,3.666666666666654,0.0,0.0,0.0,0,1.0,4.0,55,0.0,0.0,0.0,0.0,0.0,0.0,0.0,142,146,160,167,180,192,398.28,0.0,0.0,0.0,0.0,0.0,0.0,124.30000000000001,169.5,203.4,237.3,271.2
58,59,114.89,405.12,30.46,0.0,57.42,6.84,0.0,144.00584795321564,1712902917.2326376,0.0,0.0,0.0,0.0,0.0,0.0,3.4720812182741296,0.0,0.0,0.0,0,1.0,4.0,56,0.0,0.0,0.0,0.0,0.0,0.0,0.0,142,146,160,167,180,192,405.12,0.0,0.0,0.0,0.0,0.0,0.0,124.30000000000001,169.5,203.4,237.3,271.2
59,60,116.8,411.99,31.41,0.0,57.89,6.87,0.0,139.0101892285295,1712902919.0526378,0.0,0.0,0.0,0.0,0.0,0.0,3.5968586387434645,0.0,0.0,0.0,0,1.0,4.0,57,0.0,0.0,0.0,0.0,0.0,0.0,0.0,142,146,160,167,180,192,411.99,0.0,0.0,0.0,0.0,0.0,0.0,124.30000000000001,169.5,203.4,237.3,271.2
60,61,118.73,419.27,31.09,0.0,58.4,6.46,0.0,132.55494505494602,1712902920.912638,0.0,0.0,0.0,0.0,0.0,0.0,3.7720207253885736,0.0,0.0,0.0,0,1.0,4.0,58,0.0,0.0,0.0,0.0,0.0,0.0,0.0,142,146,160,167,180,192,419.27,0.0,0.0,0.0,0.0,0.0,0.0,124.30000000000001,169.5,203.4,237.3,271.2
61,62,120.67,425.66,30.93,0.0,57.65,7.21,0.0,151.79968701095342,1712902922.7926376,0.0,0.0,0.0,0.0,0.0,0.0,3.2938144329897168,0.0,0.0,0.0,0,1.0,4.0,59,0.0,0.0,0.0,0.0,0.0,0.0,0.0,142,146,160,167,180,192,425.66,0.0,0.0,0.0,0.0,0.0,0.0,124.30000000000001,169.5,203.4,237.3,271.2
62,63,122.58,432.98,31.41,0.0,51.75,7.32,0.0,130.46448087431682,1712902924.6126378,0.0,0.0,0.0,0.0,0.0,0.0,3.8324607329842966,0.0,0.0,0.0,0,1.0,4.0,60,0.0,0.0,0.0,0.0,0.0,0.0,0.0,142,146,160,167,180,192,432.98,0.0,0.0,0.0,0.0,0.0,0.0,124.30000000000001,169.5,203.4,237.3,271.2
63,64,124.56,440.4,30.3,0.0,55.56,7.42,0.0,133.4231805929929,1712902926.5726378,0.0,0.0,0.0,0.0,0.0,0.0,3.7474747474747194,0.0,0.0,0.0,0,1.0,4.0,61,0.0,0.0,0.0,0.0,0.0,0.0,0.0,142,146,160,167,180,192,440.4,0.0,0.0,0.0,0.0,0.0,0.0,124.30000000000001,169.5,203.4,237.3,271.2
64,65,126.51,447.8,30.74,0.0,57.58,6.97,0.0,131.75675675675635,1712902928.472638,0.0,0.0,0.0,0.0,0.0,0.0,3.7948717948718067,0.0,0.0,0.0,0,1.0,4.0,62,0.0,0.0,0.0,0.0,0.0,0.0,0.0,142,146,160,167,180,192,447.8,0.0,0.0,0.0,0.0,0.0,0.0,124.30000000000001,169.5,203.4,237.3,271.2
65,66,128.45,454.8,30.96,0.0,58.33,7.43,0.0,138.5714285714274,1712902930.3526375,0.0,0.0,0.0,0.0,0.0,0.0,3.608247422680443,0.0,0.0,0.0,0,1.0,4.0,63,0.0,0.0,0.0,0.0,0.0,0.0,0.0,142,146,160,167,180,192,454.8,0.0,0.0,0.0,0.0,0.0,0.0,124.30000000000001,169.5,203.4,237.3,271.2
66,67,130.4,462.2,30.77,0.0,56.97,7.0,0.0,131.7567567567583,1712902932.2526376,0.0,0.0,0.0,0.0,0.0,0.0,3.7948717948717503,0.0,0.0,0.0,0,1.0,4.0,64,0.0,0.0,0.0,0.0,0.0,0.0,0.0,142,146,160,167,180,192,462.2,0.0,0.0,0.0,0.0,0.0,0.0,124.30000000000001,169.5,203.4,237.3,271.2
67,68,132.3,468.61,31.58,0.0,51.16,6.9,0.0,148.20592823712934,1712902934.0526378,0.0,0.0,0.0,0.0,0.0,0.0,3.373684210526319,0.0,0.0,0.0,0,1.0,4.0,65,0.0,0.0,0.0,0.0,0.0,0.0,0.0,142,146,160,167,180,192,468.61,0.0,0.0,0.0,0.0,0.0,0.0,124.30000000000001,169.5,203.4,237.3,271.2
68,69,134.24,475.89,30.86,0.0,55.6,6.48,0.0,133.2417582417586,1712902936.932638,0.0,0.0,0.0,0.0,0.0,0.0,3.752577319587619,0.0,0.0,0.0,0,1.0,4.0,67,0.0,0.0,0.0,0.0,0.0,0.0,0.0,142,146,160,167,180,192,475.89,0.0,0.0,0.0,0.0,0.0,0.0,124.30000000000001,169.5,203.4,237.3,271.2
69,70,136.17,482.52,31.15,0.0,55.12,7.34,0.0,145.55052790346755,1712902938.7926376,0.0,0.0,0.0,0.0,0.0,0.0,3.435233160621798,0.0,0.0,0.0,0,1.0,4.0,68,0.0,0.0,0.0,0.0,0.0,0.0,0.0,142,146,160,167,180,192,482.52,0.0,0.0,0.0,0.0,0.0,0.0,124.30000000000001,169.5,203.4,237.3,271.2
70,71,138.1,489.85,31.07,0.0,51.16,7.33,0.0,131.65075034106385,1712902940.6526377,0.0,0.0,0.0,0.0,0.0,0.0,3.797927461139904,0.0,0.0,0.0,0,1.0,4.0,69,0.0,0.0,0.0,0.0,0.0,0.0,0.0,142,146,160,167,180,192,489.85,0.0,0.0,0.0,0.0,0.0,0.0,124.30000000000001,169.5,203.4,237.3,271.2
71,72,140.07,497.17,30.47,0.0,58.4,7.33,0.0,134.5628415300547,1712902942.5926378,0.0,0.0,0.0,0.0,0.0,0.0,3.7157360406091358,0.0,0.0,0.0,0,1.0,4.0,70,0.0,0.0,0.0,0.0,0.0,0.0,0.0,142,146,160,167,180,192,497.17,0.0,0.0,0.0,0.0,0.0,0.0,124.30000000000001,169.5,203.4,237.3,271.2
72,73,141.98,504.02,31.41,0.0,59.83,6.84,0.0,139.416058394161,1712902944.412638,0.0,0.0,0.0,0.0,0.0,0.0,3.586387434554963,0.0,0.0,0.0,0,1.0,4.0,71,0.0,0.0,0.0,0.0,0.0,0.0,0.0,142,146,160,167,180,192,504.02,0.0,0.0,0.0,0.0,0.0,0.0,124.30000000000001,169.5,203.4,237.3,271.2
73,74,143.96,511.3,30.3,0.0,53.93,7.28,0.0,135.9890109890117,1712902946.372638,0.0,0.0,0.0,0.0,0.0,0.0,3.676767676767658,0.0,0.0,0.0,0,1.0,4.0,72,0.0,0.0,0.0,0.0,0.0,0.0,0.0,142,146,160,167,180,192,511.3,0.0,0.0,0.0,0.0,0.0,0.0,124.30000000000001,169.5,203.4,237.3,271.2
74,75,145.9,517.73,30.93,0.0,56.73,6.43,0.0,150.8553654743387,1712902948.2526376,0.0,0.0,0.0,0.0,0.0,0.0,3.314432989690729,0.0,0.0,0.0,0,1.0,4.0,72,0.0,0.0,0.0,0.0,0.0,0.0,0.0,142,146,160,167,180,192,517.73,0.0,0.0,0.0,0.0,0.0,0.0,124.30000000000001,169.5,203.4,237.3,271.2
75,76,147.85,525.35,30.77,0.0,52.34,7.62,0.0,127.95275590551098,1712902950.1526377,0.0,0.0,0.0,0.0,0.0,0.0,3.907692307692333,0.0,0.0,0.0,0,1.0,4.0,73,0.0,0.0,0.0,0.0,0.0,0.0,0.0,142,146,160,167,180,192,525.35,0.0,0.0,0.0,0.0,0.0,0.0,124.30000000000001,169.5,203.4,237.3,271.2
76,77,149.68,531.4,32.79,0.0,55.56,6.05,0.0,151.2396694214898,1712902951.8126376,0.0,0.0,0.0,0.0,0.0,0.0,3.3060109289617006,0.0,0.0,0.0,0,1.0,4.0,74,0.0,0.0,0.0,0.0,0.0,0.0,0.0,142,146,160,167,180,192,531.4,0.0,0.0,0.0,0.0,0.0,0.0,124.30000000000001,169.5,203.4,237.3,271.2
77,78,151.51,538.74,32.79,0.0,50.24,7.43,0.0,124.6594005449575,1712902953.472638,0.0,0.0,0.0,0.0,0.0,0.0,4.010928961748686,0.0,0.0,0.0,0,1.0,4.0,75,0.0,0.0,0.0,0.0,0.0,0.0,0.0,142,146,160,167,180,192,538.74,0.0,0.0,0.0,0.0,0.0,0.0,124.30000000000001,169.5,203.4,237.3,271.2
78,79,153.37,545.49,32.26,0.0,55.16,6.67,0.0,137.7777777777788,1712902955.1926377,0.0,0.0,0.0,0.0,0.0,0.0,3.6290322580644894,0.0,0.0,0.0,0,1.0,4.0,76,0.0,0.0,0.0,0.0,0.0,0.0,0.0,142,146,160,167,180,192,545.49,0.0,0.0,0.0,0.0,0.0,0.0,124.30000000000001,169.5,203.4,237.3,271.2
79,80,155.23,551.68,32.26,0.0,59.72,6.19,0.0,150.24232633279507,1712902957.912638,0.0,0.0,0.0,0.0,0.0,0.0,3.3279569892473067,0.0,0.0,0.0,0,1.0,4.0,78,0.0,0.0,0.0,0.0,0.0,0.0,0.0,142,146,160,167,180,192,551.68,0.0,0.0,0.0,0.0,0.0,0.0,124.30000000000001,169.5,203.4,237.3,271.2
80,81,157.08,558.76,32.43,0.0,58.14,7.08,0.0,130.64971751412514,1712902959.6126378,0.0,0.0,0.0,0.0,0.0,0.0,3.827027027027002,0.0,0.0,0.0,0,1.0,4.0,79,0.0,0.0,0.0,0.0,0.0,0.0,0.0,142,146,160,167,180,192,558.76,0.0,0.0,0.0,0.0,0.0,0.0,124.30000000000001,169.5,203.4,237.3,271.2
81,82,159.02,566.58,30.93,0.0,52.8,7.81,0.0,124.0409207161116,1712902961.4926379,0.0,0.0,0.0,0.0,0.0,0.0,4.0309278350515765,0.0,0.0,0.0,0,1.0,4.0,80,0.0,0.0,0.0,0.0,0.0,0.0,0.0,142,146,160,167,180,192,566.58,0.0,0.0,0.0,0.0,0.0,0.0,124.30000000000001,169.5,203.4,237.3,271.2
82,83,160.92,573.61,31.58,0.0,59.18,7.03,0.0,135.13513513513405,1712902963.2926376,0.0,0.0,0.0,0.0,0.0,0.0,3.70000000000003,0.0,0.0,0.0,0,1.0,4.0,80,0.0,0.0,0.0,0.0,0.0,0.0,0.0,142,146,160,167,180,192,573.61,0.0,0.0,0.0,0.0,0.0,0.0,124.30000000000001,169.5,203.4,237.3,271.2
83,84,162.89,580.43,30.46,0.0,51.68,6.82,0.0,144.42815249266988,1712902965.2326376,0.0,0.0,0.0,0.0,0.0,0.0,3.461928934010122,0.0,0.0,0.0,0,1.0,4.0,81,0.0,0.0,0.0,0.0,0.0,0.0,0.0,142,146,160,167,180,192,580.43,0.0,0.0,0.0,0.0,0.0,0.0,124.30000000000001,169.5,203.4,237.3,271.2
84,85,164.86,587.61,30.46,0.0,57.42,7.18,0.0,137.18662952646307,1712902967.1726377,0.0,0.0,0.0,0.0,0.0,0.0,3.6446700507614036,0.0,0.0,0.0,0,1.0,4.0,82,0.0,0.0,0.0,0.0,0.0,0.0,0.0,142,146,160,167,180,192,587.61,0.0,0.0,0.0,0.0,0.0,0.0,124.30000000000001,169.5,203.4,237.3,271.2
85,86,166.91,595.18,29.27,0.0,58.61,7.17,0.0,135.40290620871863,1712902969.2726376,0.0,0.0,0.0,0.0,0.0,0.0,3.692682926829268,0.0,0.0,0.0,0,1.0,4.0,83,0.0,0.0,0.0,0.0,0.0,0.0,0.0,142,146,160,167,180,192,595.18,0.0,0.0,0.0,0.0,0.0,0.0,124.30000000000001,169.5,203.4,237.3,271.2
86,87,168.95,602.39,29.41,0.0,57.42,7.61,0.0,141.4701803051305,1712902971.3526375,0.0,0.0,0.0,0.0,0.0,0.0,3.5343137254902275,0.0,0.0,0.0,0,1.0,4.0,84,0.0,0.0,0.0,0.0,0.0,0.0,0.0,142,146,160,167,180,192,602.39,0.0,0.0,0.0,0.0,0.0,0.0,124.30000000000001,169.5,203.4,237.3,271.2
87,88,170.99,609.99,29.41,0.0,54.1,7.2,0.0,134.21052631579042,1712902973.432638,0.0,0.0,0.0,0.0,0.0,0.0,3.7254901960784053,0.0,0.0,0.0,0,1.0,4.0,86,0.0,0.0,0.0,0.0,0.0,0.0,0.0,142,146,160,167,180,192,609.99,0.0,0.0,0.0,0.0,0.0,0.0,124.30000000000001,169.5,203.4,237.3,271.2
88,89,173.06,617.17,28.99,0.0,52.34,7.59,0.0,144.15041782729858,1712902975.5726378,0.0,0.0,0.0,0.0,0.0,0.0,3.468599033816412,0.0,0.0,0.0,0,1.0,4.0,87,0.0,0.0,0.0,0.0,0.0,0.0,0.0,142,146,160,167,180,192,617.17,0.0,0.0,0.0,0.0,0.0,0.0,124.30000000000001,169.5,203.4,237.3,271.2
89,90,175.02,623.93,30.61,0.0,50.44,6.84,0.0,144.9704142011842,1712902977.4926379,0.0,0.0,0.0,0.0,0.0,0.0,3.448979591836716,0.0,0.0,0.0,0,1.0,4.0,88,0.0,0.0,0.0,0.0,0.0,0.0,0.0,142,146,160,167,180,192,623.93,0.0,0.0,0.0,0.0,0.0,0.0,124.30000000000001,169.5,203.4,237.3,271.2
90,91,176.95,631.21,31.09,0.0,56.28,7.2,0.0,132.55494505494198,1712902979.3526375,0.0,0.0,0.0,0.0,0.0,0.0,3.7720207253886886,0.0,0.0,0.0,0,1.0,4.0,88,0.0,0.0,0.0,0.0,0.0,0.0,0.0,142,146,160,167,180,192,631.21,0.0,0.0,0.0,0.0,0.0,0.0,124.30000000000001,169.5,203.4,237.3,271.2
91,92,178.94,638.38,30.15,0.0,56.97,7.17,0.0,138.7726638772678,1712902981.3326375,0.0,0.0,0.0,0.0,0.0,0.0,3.6030150753768475,0.0,0.0,0.0,0,1.0,4.0,89,0.0,0.0,0.0,0.0,0.0,0.0,0.0,142,146,160,167,180,192,638.38,0.0,0.0,0.0,0.0,0.0,0.0,124.30000000000001,169.5,203.4,237.3,271.2
92,93,180.9,645.53,30.61,0.0,53.44,6.75,0.0,137.06293706293806,1712902983.2526376,0.0,0.0,0.0,0.0,0.0,0.0,3.647959183673443,0.0,0.0,0.0,0,1.0,4.0,90,0.0,0.0,0.0,0.0,0.0,0.0,0.0,142,146,160,167,180,192,645.53,0.0,0.0,0.0,0.0,0.0,0.0,124.30000000000001,169.5,203.4,237.3,271.2
93,94,182.84,652.31,30.93,0.0,58.4,7.18,0.0,143.06784660767002,1712902985.1326377,0.0,0.0,0.0,0.0,0.0,0.0,3.4948453608247325,0.0,0.0,0.0,0,1.0,4.0,91,0.0,0.0,0.0,0.0,0.0,0.0,0.0,142,146,160,167,180,192,652.31,0.0,0.0,0.0,0.0,0.0,0.0,124.30000000000001,169.5,203.4,237.3,271.2
94,95,184.76,659.01,31.25,0.0,58.0,6.78,0.0,143.28358208955035,1712902986.972638,0.0,0.0,0.0,0.0,0.0,0.0,3.4895833333333792,0.0,0.0,0.0,0,1.0,4.0,92,0.0,0.0,0.0,0.0,0.0,0.0,0.0,142,146,160,167,180,192,659.01,0.0,0.0,0.0,0.0,0.0,0.0,124.30000000000001,169.5,203.4,237.3,271.2
95,96,186.7,665.43,30.93,0.0,56.97,6.34,0.0,151.0903426791285,1712902988.8526375,0.0,0.0,0.0,0.0,0.0,0.0,3.309278350515447,0.0,0.0,0.0,0,1.0,4.0,93,0.0,0.0,0.0,0.0,0.0,0.0,0.0,142,146,160,167,180,192,665.43,0.0,0.0,0.0,0.0,0.0,0.0,124.30000000000001,169.5,203.4,237.3,271.2
96,97,188.62,672.62,31.25,0.0,52.34,7.18,0.0,133.51877607788606,1712902990.6926377,0.0,0.0,0.0,0.0,0.0,0.0,3.744791666666664,0.0,0.0,0.0,0,1.0,4.0,94,0.0,0.0,0.0,0.0,0.0,0.0,0.0,142,146,160,167,180,192,672.62,0.0,0.0,0.0,0.0,0.0,0.0,124.30000000000001,169.5,203.4,237.3,271.2
97,98,190.5,679.94,31.91,0.0,56.04,7.33,0.0,128.4153005464469,1712902992.452638,0.0,0.0,0.0,0.0,0.0,0.0,3.893617021276632,0.0,0.0,0.0,0,1.0,4.0,95,0.0,0.0,0.0,0.0,0.0,0.0,0.0,142,146,160,167,180,192,679.94,0.0,0.0,0.0,0.0,0.0,0.0,124.30000000000001,169.5,203.4,237.3,271.2
98,99,192.41,686.91,31.41,0.0,57.89,6.97,0.0,137.01578192252657,1712902994.2726376,0.0,0.0,0.0,0.0,0.0,0.0,3.649214659685825,0.0,0.0,0.0,0,1.0,4.0,96,0.0,0.0,0.0,0.0,0.0,0.0,0.0,142,146,160,167,180,192,686.91,0.0,0.0,0.0,0.0,0.0,0.0,124.30000000000001,169.5,203.4,237.3,271.2
99,100,194.25,693.23,32.61,0.0,52.34,5.56,0.0,145.56962025316366,1712902996.952638,0.0,0.0,0.0,0.0,0.0,0.0,3.434782608695673,0.0,0.0,0.0,0,1.0,4.0,98,0.0,0.0,0.0,0.0,0.0,0.0,0.0,142,146,160,167,180,192,693.23,0.0,0.0,0.0,0.0,0.0,0.0,124.30000000000001,169.5,203.4,237.3,271.2
100,101,196.14,699.79,31.75,0.0,53.56,7.31,0.0,144.05487804878064,1712902998.7326376,0.0,0.0,0.0,0.0,0.0,0.0,3.470899470899467,0.0,0.0,0.0,0,1.0,4.0,99,0.0,0.0,0.0,0.0,0.0,0.0,0.0,142,146,160,167,180,192,699.79,0.0,0.0,0.0,0.0,0.0,0.0,124.30000000000001,169.5,203.4,237.3,271.2
101,102,198.09,707.0,30.77,0.0,51.14,7.2,0.0,135.22884882108232,1712903000.6326377,0.0,0.0,0.0,0.0,0.0,0.0,3.697435897435884,0.0,0.0,0.0,0,1.0,4.0,100,0.0,0.0,0.0,0.0,0.0,0.0,0.0,142,146,160,167,180,192,707.0,0.0,0.0,0.0,0.0,0.0,0.0,124.30000000000001,169.5,203.4,237.3,271.2
102,103,199.94,713.89,32.43,0.0,50.0,6.9,0.0,134.25253991291711,1712903002.3326375,0.0,0.0,0.0,0.0,0.0,0.0,3.7243243243243285,0.0,0.0,0.0,0,1.0,4.0,101,0.0,0.0,0.0,0.0,0.0,0.0,0.0,142,146,160,167,180,192,713.89,0.0,0.0,0.0,0.0,0.0,0.0,124.30000000000001,169.5,203.4,237.3,271.2
103,104,201.83,720.81,31.75,0.0,52.69,6.51,0.0,136.56069364162036,1712903004.1126378,0.0,0.0,0.0,0.0,0.0,0.0,3.661375661375611,0.0,0.0,0.0,0,1.0,4.0,101,0.0,0.0,0.0,0.0,0.0,0.0,0.0,142,146,160,167,180,192,720.81,0.0,0.0,0.0,0.0,0.0,0.0,124.30000000000001,169.5,203.4,237.3,271.2
104,105,203.67,726.89,32.61,0.0,51.16,6.5,0.0,151.31578947368115,1712903005.7926376,0.0,0.0,0.0,0.0,0.0,0.0,3.304347826087023,0.0,0.0,0.0,0,1.0,4.0,102,0.0,0.0,0.0,0.0,0.0,0.0,0.0,142,146,160,167,180,192,726.89,0.0,0.0,0.0,0.0,0.0,0.0,124.30000000000001,169.5,203.4,237.3,271.2
105,106,205.53,734.37,32.26,0.0,52.59,7.47,0.0,124.33155080213965,1712903007.5126379,0.0,0.0,0.0,0.0,0.0,0.0,4.0215053763440665,0.0,0.0,0.0,0,1.0,4.0,103,0.0,0.0,0.0,0.0,0.0,0.0,0.0,142,146,160,167,180,192,734.37,0.0,0.0,0.0,0.0,0.0,0.0,124.30000000000001,169.5,203.4,237.3,271.2
106,107,207.42,741.36,31.75,0.0,52.34,6.99,0.0,135.19313304720913,1712903009.2926376,0.0,0.0,0.0,0.0,0.0,0.0,3.6984126984127306,0.0,0.0,0.0,0,1.0,4.0,104,0.0,0.0,0.0,0.0,0.0,0.0,0.0,142,146,160,167,180,192,741.36,0.0,0.0,0.0,0.0,0.0,0.0,124.30000000000001,169.5,203.4,237.3,271.2
107,108,209.27,747.79,32.43,0.0,62.8,6.51,0.0,143.85692068429526,1712903011.9926379,0.0,0.0,0.0,0.0,0.0,0.0,3.475675675675606,0.0,0.0,0.0,0,1.0,4.0,106,0.0,0.0,0.0,0.0,0.0,0.0,0.0,142,146,160,167,180,192,747.79,0.0,0.0,0.0,0.0,0.0,0.0,124.30000000000001,169.5,203.4,237.3,271.2
108,109,211.16,754.34,31.75,0.0,52.8,6.47,0.0,144.2748091603028,1712903013.7726376,0.0,0.0,0.0,0.0,0.0,0.0,3.465608465608527,0.0,0.0,0.0,0,1.0,4.0,107,0.0,0.0,0.0,0.0,0.0,0.0,0.0,142,146,160,167,180,192,754.34,0.0,0.0,0.0,0.0,0.0,0.0,124.30000000000001,169.5,203.4,237.3,271.2
109,110,213.05,761.54,31.75,0.0,52.8,7.19,0.0,131.25000000000227,1712903015.5526378,0.0,0.0,0.0,0.0,0.0,0.0,3.8095238095237436,0.0,0.0,0.0,0,1.0,4.0,108,0.0,0.0,0.0,0.0,0.0,0.0,0.0,142,146,160,167,180,192,761.54,0.0,0.0,0.0,0.0,0.0,0.0,124.30000000000001,169.5,203.4,237.3,271.2
110,111,214.98,768.34,31.09,0.0,52.8,6.81,0.0,141.91176470587934,1712903017.412638,0.0,0.0,0.0,0.0,0.0,0.0,3.523316062176241,0.0,0.0,0.0,0,1.0,4.0,109,0.0,0.0,0.0,0.0,0.0,0.0,0.0,142,146,160,167,180,192,768.34,0.0,0.0,0.0,0.0,0.0,0.0,124.30000000000001,169.5,203.4,237.3,271.2
111,112,216.86,775.22,31.91,0.0,54.77,6.88,0.0,136.627906976746,1712903019.1726377,0.0,0.0,0.0,0.0,0.0,0.0,3.6595744680850575,0.0,0.0,0.0,0,1.0,4.0,109,0.0,0.0,0.0,0.0,0.0,0.0,0.0,142,146,160,167,180,192,775.22,0.0,0.0,0.0,0.0,0.0,0.0,124.30000000000001,169.5,203.4,237.3,271.2
112,113,218.85,782.44,30.15,0.0,56.68,7.21,0.0,137.81163434902862,1712903021.1526377,0.0,0.0,0.0,0.0,0.0,0.0,3.6281407035176367,0.0,0.0,0.0,0,1.0,4.0,110,0.0,0.0,0.0,0.0,0.0,0.0,0.0,142,146,160,167,180,192,782.44,0.0,0.0,0.0,0.0,0.0,0.0,124.30000000000001,169.5,203.4,237.3,271.2
113,114,220.71,788.55,32.26,0.0,54.26,6.12,0.0,152.20949263502817,1712903022.872638,0.0,0.0,0.0,0.0,0.0,0.0,3.284946236559062,0.0,0.0,0.0,0,1.0,4.0,111,0.0,0.0,0.0,0.0,0.0,0.0,0.0,142,146,160,167,180,192,788.55,0.0,0.0,0.0,0.0,0.0,0.0,124.30000000000001,169.5,203.4,237.3,271.2
114,115,222.65,795.72,30.93,0.0,55.6,7.16,0.0,135.28591352858982,1712903024.7526376,0.0,0.0,0.0,0.0,0.0,0.0,3.6958762886598358,0.0,0.0,0.0,0,1.0,4.0,112,0.0,0.0,0.0,0.0,0.0,0.0,0.0,142,146,160,167,180,192,795.72,0.0,0.0,0.0,0.0,0.0,0.0,124.30000000000001,169.5,203.4,237.3,271.2
115,116,224.6,802.83,30.77,0.0,52.66,7.11,0.0,137.13080168776264,1712903026.6526377,0.0,0.0,0.0,0.0,0.0,0.0,3.6461538461538745,0.0,0.0,0.0,0,1.0,4.0,113,0.0,0.0,0.0,0.0,0.0,0.0,0.0,142,146,160,167,180,192,802.83,0.0,0.0,0.0,0.0,0.0,0.0,124.30000000000001,169.5,203.4,237.3,271.2
116,117,226.47,809.53,32.09,0.0,57.3,6.7,0.0,139.5522388059719,1712903028.392638,0.0,0.0,0.0,0.0,0.0,0.0,3.582887700534714,0.0,0.0,0.0,0,1.0,4.0,114,0.0,0.0,0.0,0.0,0.0,0.0,0.0,142,146,160,167,180,192,809.53,0.0,0.0,0.0,0.0,0.0,0.0,124.30000000000001,169.5,203.4,237.3,271.2
117,118,228.33,816.2,32.26,0.0,57.3,6.67,0.0,139.4302848575707,1712903030.1126378,0.0,0.0,0.0,0.0,0.0,0.0,3.586021505376357,0.0,0.0,0.0,0,1.0,4.0,115,0.0,0.0,0.0,0.0,0.0,0.0,0.0,142,146,160,167,180,192,816.2,0.0,0.0,0.0,0.0,0.0,0.0,124.30000000000001,169.5,203.4,237.3,271.2
118,119,230.2,821.96,32.09,0.0,52.66,5.77,0.0,162.32638888888707,1712903032.8526375,0.0,0.0,0.0,0.0,0.0,0.0,3.08021390374335,0.0,0.0,0.0,0,1.0,4.0,117,0.0,0.0,0.0,0.0,0.0,0.0,0.0,142,146,160,167,180,192,821.96,0.0,0.0,0.0,0.0,0.0,0.0,124.30000000000001,169.5,203.4,237.3,271.2
119,120,232.13,828.6,31.09,0.0,50.0,6.64,0.0,145.33132530120562,1712903034.7126377,0.0,0.0,0.0,0.0,0.0,0.0,3.440414507772002,0.0,0.0,0.0,0,1.0,4.0,118,0.0,0.0,0.0,0.0,0.0,0.0,0.0,142,146,160,167,180,192,828.6,0.0,0.0,0.0,0.0,0.0,0.0,124.30000000000001,169.5,203.4,237.3,271.2
120,121,234.04,835.97,31.41,0.0,54.9,7.37,0.0,129.57937584803227,1712903036.5326378,0.0,0.0,0.0,0.0,0.0,0.0,3.858638743455506,0.0,0.0,0.0,0,1.0,4.0,119,0.0,0.0,0.0,0.0,0.0,0.0,0.0,142,146,160,167,180,192,835.97,0.0,0.0,0.0,0.0,0.0,0.0,124.30000000000001,169.5,203.4,237.3,271.2
121,122,235.99,842.64,30.77,0.0,50.0,6.67,0.0,146.17691154423005,1712903038.432638,0.0,0.0,0.0,0.0,0.0,0.0,3.4205128205127697,0.0,0.0,0.0,0,1.0,4.0,120,0.0,0.0,0.0,0.0,0.0,0.0,0.0,142,146,160,167,180,192,842.64,0.0,0.0,0.0,0.0,0.0,0.0,124.30000000000001,169.5,203.4,237.3,271.2
122,123,237.93,849.64,30.93,0.0,51.44,6.99,0.0,138.5714285714284,1712903040.3126376,0.0,0.0,0.0,0.0,0.0,0.0,3.6082474226804164,0.0,0.0,0.0,0,1.0,4.0,121,0.0,0.0,0.0,0.0,0.0,0.0,0.0,142,146,160,167,180,192,849.64,0.0,0.0,0.0,0.0,0.0,0.0,124.30000000000001,169.5,203.4,237.3,271.2
123,124,239.89,856.22,30.61,0.0,58.9,6.59,0.0,148.93617021276347,1712903042.2326376,0.0,0.0,0.0,0.0,0.0,0.0,3.357142857142913,0.0,0.0,0.0,0,1.0,4.0,121,0.0,0.0,0.0,0.0,0.0,0.0,0.0,142,146,160,167,180,192,856.22,0.0,0.0,0.0,0.0,0.0,0.0,124.30000000000001,169.5,203.4,237.3,271.2
124,125,241.81,863.24,31.25,0.0,50.0,6.61,0.0,136.75213675213826,1712903044.0726378,0.0,0.0,0.0,0.0,0.0,0.0,3.6562499999999596,0.0,0.0,0.0,0,1.0,4.0,122,0.0,0.0,0.0,0.0,0.0,0.0,0.0,142,146,160,167,180,192,863.24,0.0,0.0,0.0,0.0,0.0,0.0,124.30000000000001,169.5,203.4,237.3,271.2
125,126,243.76,869.67,30.79,0.0,55.78,6.92,0.0,151.63297045101118,1712903045.972638,0.0,0.0,0.0,0.0,0.0,0.0,3.297435897435891,0.0,0.0,0.0,0,1.0,4.0,123,0.0,0.0,0.0,0.0,0.0,0.0,0.0,142,146,160,167,180,192,869.67,0.0,0.0,0.0,0.0,0.0,0.0,124.30000000000001,169.5,203.4,237.3,271.2
126,127,245.7,875.76,30.93,0.0,60.28,6.01,0.0,159.2775041050893,1712903047.8526375,0.0,0.0,0.0,0.0,0.0,0.0,3.1391752577319787,0.0,0.0,0.0,0,1.0,4.0,124,0.0,0.0,0.0,0.0,0.0,0.0,0.0,142,146,160,167,180,192,875.76,0.0,0.0,0.0,0.0,0.0,0.0,124.30000000000001,169.5,203.4,237.3,271.2
127,128,247.57,882.65,32.07,0.0,47.47,6.89,0.0,135.70391872278725,1712903049.5926378,0.0,0.0,0.0,0.0,0.0,0.0,3.6844919786096093,0.0,0.0,0.0,0,1.0,4.0,125,0.0,0.0,0.0,0.0,0.0,0.0,0.0,142,146,160,167,180,192,882.65,0.0,0.0,0.0,0.0,0.0,0.0,124.30000000000001,169.5,203.4,237.3,271.2
128,129,249.49,889.58,31.25,0.0,55.78,6.53,0.0,138.5281385281384,1712903051.432638,0.0,0.0,0.0,0.0,0.0,0.0,3.609375000000003,0.0,0.0,0.0,0,1.0,4.0,126,0.0,0.0,0.0,0.0,0.0,0.0,0.0,142,146,160,167,180,192,889.58,0.0,0.0,0.0,0.0,0.0,0.0,124.30000000000001,169.5,203.4,237.3,271.2
129,130,251.38,895.65,31.76,0.0,52.67,6.46,0.0,155.68369028006643,1712903053.2126377,0.0,0.0,0.0,0.0,0.0,0.0,3.2116402116402005,0.0,0.0,0.0,0,1.0,4.0,127,0.0,0.0,0.0,0.0,0.0,0.0,0.0,142,146,160,167,180,192,895.65,0.0,0.0,0.0,0.0,0.0,0.0,124.30000000000001,169.5,203.4,237.3,271.2
130,131,253.34,902.49,30.61,0.0,63.2,6.84,0.0,143.2748538011695,1712903055.1326377,0.0,0.0,0.0,0.0,0.0,0.0,3.489795918367349,0.0,0.0,0.0,0,1.0,4.0,128,0.0,0.0,0.0,0.0,0.0,0.0,0.0,142,146,160,167,180,192,902.49,0.0,0.0,0.0,0.0,0.0,0.0,124.30000000000001,169.5,203.4,237.3,271.2
131,132,255.2,908.13,32.26,0.0,52.96,5.65,0.0,164.89361702127567,1712903057.8526375,0.0,0.0,0.0,0.0,0.0,0.0,3.032258064516146,0.0,0.0,0.0,0,1.0,4.0,130,0.0,0.0,0.0,0.0,0.0,0.0,0.0,142,146,160,167,180,192,908.13,0.0,0.0,0.0,0.0,0.0,0.0,124.30000000000001,169.5,203.4,237.3,271.2
132,133,257.09,915.03,31.73,0.0,55.93,6.89,0.0,136.9565217391299,1712903059.6326377,0.0,0.0,0.0,0.0,0.0,0.0,3.650793650793665,0.0,0.0,0.0,0,1.0,4.0,131,0.0,0.0,0.0,0.0,0.0,0.0,0.0,142,146,160,167,180,192,915.03,0.0,0.0,0.0,0.0,0.0,0.0,124.30000000000001,169.5,203.4,237.3,271.2
133,134,258.98,921.58,31.75,0.0,56.11,6.56,0.0,144.27480916030714,1712903061.412638,0.0,0.0,0.0,0.0,0.0,0.0,3.4656084656084225,0.0,0.0,0.0,0,1.0,4.0,132,0.0,0.0,0.0,0.0,0.0,0.0,0.0,142,146,160,167,180,192,921.58,0.0,0.0,0.0,0.0,0.0,0.0,124.30000000000001,169.5,203.4,237.3,271.2
134,135,260.92,928.34,30.93,0.0,52.13,6.75,0.0,143.49112426035504,1712903063.2926376,0.0,0.0,0.0,0.0,0.0,0.0,3.484536082474227,0.0,0.0,0.0,0,1.0,4.0,133,0.0,0.0,0.0,0.0,0.0,0.0,0.0,142,146,160,167,180,192,928.34,0.0,0.0,0.0,0.0,0.0,0.0,124.30000000000001,169.5,203.4,237.3,271.2
135,136,262.88,934.65,30.61,0.0,54.45,6.31,0.0,155.30903328050687,1712903065.2126377,0.0,0.0,0.0,0.0,0.0,0.0,3.2193877551020464,0.0,0.0,0.0,0,1.0,4.0,133,0.0,0.0,0.0,0.0,0.0,0.0,0.0,142,146,160,167,180,192,934.65,0.0,0.0,0.0,0.0,0.0,0.0,124.30000000000001,169.5,203.4,237.3,271.2
136,137,264.84,941.27,30.61,0.0,57.34,6.62,0.0,148.0362537764334,1712903067.1326377,0.0,0.0,0.0,0.0,0.0,0.0,3.377551020408201,0.0,0.0,0.0,0,1.0,4.0,134,0.0,0.0,0.0,0.0,0.0,0.0,0.0,142,146,160,167,180,192,941.27,0.0,0.0,0.0,0.0,0.0,0.0,124.30000000000001,169.5,203.4,237.3,271.2
137,138,266.79,947.82,30.77,0.0,56.1,6.19,0.0,148.854961832063,1712903069.0326378,0.0,0.0,0.0,0.0,0.0,0.0,3.3589743589743155,0.0,0.0,0.0,0,1.0,4.0,135,0.0,0.0,0.0,0.0,0.0,0.0,0.0,142,146,160,167,180,192,947.82,0.0,0.0,0.0,0.0,0.0,0.0,124.30000000000001,169.5,203.4,237.3,271.2
138,139,268.69,953.37,31.58,0.0,50.0,5.91,0.0,171.17117117117053,1712903070.8326375,0.0,0.0,0.0,0.0,0.0,0.0,2.9210526315789584,0.0,0.0,0.0,0,1.0,4.0,136,0.0,0.0,0.0,0.0,0.0,0.0,0.0,142,146,160,167,180,192,953.37,0.0,0.0,0.0,0.0,0.0,0.0,124.30000000000001,169.5,203.4,237.3,271.2
139,140,270.67,960.02,30.3,0.0,55.9,6.66,0.0,148.87218045112968,1712903072.7926376,0.0,0.0,0.0,0.0,0.0,0.0,3.358585858585817,0.0,0.0,0.0,0,1.0,4.0,137,0.0,0.0,0.0,0.0,0.0,0.0,0.0,142,146,160,167,180,192,960.02,0.0,0.0,0.0,0.0,0.0,0.0,124.30000000000001,169.5,203.4,237.3,271.2
140,141,272.51,966.71,32.61,0.0,50.0,6.75,0.0,137.5186846038834,1712903074.472638,0.0,0.0,0.0,0.0,0.0,0.0,3.6358695652174706,0.0,0.0,0.0,0,1.0,4.0,138,0.0,0.0,0.0,0.0,0.0,0.0,0.0,142,146,160,167,180,192,966.71,0.0,0.0,0.0,0.0,0.0,0.0,124.30000000000001,169.5,203.4,237.3,271.2
141,142,274.41,973.23,31.58,0.0,55.9,6.46,0.0,145.70552147239565,1712903076.2726376,0.0,0.0,0.0,0.0,0.0,0.0,3.43157894736835,0.0,0.0,0.0,0,1.0,4.0,139,0.0,0.0,0.0,0.0,0.0,0.0,0.0,142,146,160,167,180,192,973.23,0.0,0.0,0.0,0.0,0.0,0.0,124.30000000000001,169.5,203.4,237.3,271.2
142,143,276.37,979.64,30.61,0.0,54.26,6.41,0.0,152.88611544461693,1712903078.1926377,0.0,0.0,0.0,0.0,0.0,0.0,3.270408163265324,0.0,0.0,0.0,0,1.0,4.0,140,0.0,0.0,0.0,0.0,0.0,0.0,0.0,142,146,160,167,180,192,979.64,0.0,0.0,0.0,0.0,0.0,0.0,124.30000000000001,169.5,203.4,237.3,271.2
143,144,278.25,986.05,31.91,0.0,58.85,5.62,0.0,146.64586583463375,1712903080.952638,0.0,0.0,0.0,0.0,0.0,0.0,3.409574468085098,0.0,0.0,0.0,0,1.0,4.0,142,0.0,0.0,0.0,0.0,0.0,0.0,0.0,142,146,160,167,180,192,986.05,0.0,0.0,0.0,0.0,0.0,0.0,124.30000000000001,169.5,203.4,237.3,271.2
144,145,280.23,992.66,30.3,0.0,55.9,6.74,0.0,149.77307110438835,1712903082.912638,0.0,0.0,0.0,0.0,0.0,0.0,3.3383838383838147,0.0,0.0,0.0,0,1.0,4.0,143,0.0,0.0,0.0,0.0,0.0,0.0,0.0,142,146,160,167,180,192,992.66,0.0,0.0,0.0,0.0,0.0,0.0,124.30000000000001,169.5,203.4,237.3,271.2
145,146,282.1,998.85,32.09,0.0,58.83,6.84,0.0,151.0500807754433,1712903084.6526377,0.0,0.0,0.0,0.0,0.0,0.0,3.310160427807508,0.0,0.0,0.0,0,1.0,4.0,144,0.0,0.0,0.0,0.0,0.0,0.0,0.0,142,146,160,167,180,192,998.85,0.0,0.0,0.0,0.0,0.0,0.0,124.30000000000001,169.5,203.4,237.3,271.2
146,147,284.06,1005.56,30.61,0.0,52.98,6.71,0.0,146.05067064083474,1712903086.5726378,0.0,0.0,0.0,0.0,0.0,0.0,3.423469387755098,0.0,0.0,0.0,0,1.0,4.0,145,0.0,0.0,0.0,0.0,0.0,0.0,0.0,142,146,160,167,180,192,1005.56,0.0,0.0,0.0,0.0,0.0,0.0,124.30000000000001,169.5,203.4,237.3,271.2
