index,Stroke Number,TimeStamp (sec), Horizontal (meters), Stroke500mPace (sec/500m), Cadence (stokes/min), HRCur (bpm), ElapsedTime (sec), lapIdx, Power (watts), DriveLength (meters), StrokeDistance (meters), DriveTime (ms), DragFactor, StrokeRecoveryTime (ms), AverageDriveForce (lbs), AverageBoatSpeed (m/s), PeakDriveForce (lbs), AverageDriveForce (N), PeakDriveForce (N), Calories (kCal), WorkoutState, Stroke Number,driveenergy,hr_ut2,hr_ut1,hr_at,hr_tr,hr_an,hr_max,lim_ut2,lim_ut1,lim_at,lim_tr,lim_an,lim_max,cum_dist,pw_ut2,pw_ut1,pw_at,pw_tr,pw_an,pw_max,limpw_ut2,limpw_ut1,limpw_at,limpw_tr,limpw_an
0,1,1712902816.852375,12.0,172.1,0.0,80.0,3.9,0.0,68.66342036700509,0.0,0.0,0.0,0.0,0.0,0.0,2.9052876234747242,0.0,0.0,0.0,1.0,4.0,0,inf,80.0,0.0,0.0,0.0,0.0,0.0,142,146,160,167,180,192,12.0,68.66342036700509,0.0,0.0,0.0,0.0,0.0,124.30000000000001,169.5,203.4,237.3,271.2
1,2,1712902820.052375,23.0,160.5,20.0,86.0,7.100000047683716,0.0,84.6531131590513,0.0,0.0,0.0,0.0,0.0,0.0,3.115264797507788,0.0,0.0,0.0,1.0,4.0,1,253.9593394771539,86.0,0.0,0.0,0.0,0.0,0.0,142,146,160,167,180,192,23.0,84.6531131590513,0.0,0.0,0.0,0.0,0.0,124.30000000000001,169.5,203.4,237.3,271.2
2,3,1712902823.552375,36.0,143.9,19.0,90.0,10.600000047683716,0.0,117.45882783414554,0.0,0.0,0.0,0.0,0.0,0.0,3.4746351633078527,0.0,0.0,0.0,1.0,4.0,2,370.9226142130912,90.0,0.0,0.0,0.0,0.0,0.0,142,146,160,167,180,192,36.0,117.45882783414554,0.0,0.0,0.0,0.0,0.0,124.30000000000001,169.5,203.4,237.3,271.2
3,4,1712902826.9523752,48.0,135.3,18.0,97.0,14.000000143051148,0.0,141.31057206966008,0.0,0.0,0.0,0.0,0.0,0.0,3.695491500369549,0.0,0.0,0.0,1.0,4.0,3,471.0352402322003,97.0,0.0,0.0,0.0,0.0,0.0,142,146,160,167,180,192,48.0,0.0,141.31057206966008,0.0,0.0,0.0,0.0,124.30000000000001,169.5,203.4,237.3,271.2
4,5,1712902830.7523751,62.0,135.3,18.0,99.0,17.80000009536743,0.0,141.31057206966008,0.0,0.0,0.0,0.0,0.0,0.0,3.695491500369549,0.0,0.0,0.0,1.0,4.0,4,471.0352402322003,99.0,0.0,0.0,0.0,0.0,0.0,142,146,160,167,180,192,62.0,0.0,141.31057206966008,0.0,0.0,0.0,0.0,124.30000000000001,169.5,203.4,237.3,271.2
5,6,1712902833.7523751,73.0,139.7,16.0,99.0,20.80000009536743,0.0,128.37451800544736,0.0,0.0,0.0,0.0,0.0,0.0,3.579098067287044,0.0,0.0,0.0,1.0,4.0,5,481.4044425204276,99.0,0.0,0.0,0.0,0.0,0.0,142,146,160,167,180,192,73.0,0.0,128.37451800544736,0.0,0.0,0.0,0.0,124.30000000000001,169.5,203.4,237.3,271.2
6,7,1712902836.7523751,84.0,132.8,20.0,99.0,23.80000009536743,0.0,149.44239507019216,0.0,0.0,0.0,0.0,0.0,0.0,3.765060240963855,0.0,0.0,0.0,1.0,4.0,6,448.3271852105765,99.0,0.0,0.0,0.0,0.0,0.0,142,146,160,167,180,192,84.0,0.0,149.44239507019216,0.0,0.0,0.0,0.0,124.30000000000001,169.5,203.4,237.3,271.2
7,8,1712902840.152375,97.0,132.8,20.0,101.0,27.199999952316283,0.0,149.44239507019216,0.0,0.0,0.0,0.0,0.0,0.0,3.765060240963855,0.0,0.0,0.0,1.0,4.0,7,448.3271852105765,101.0,0.0,0.0,0.0,0.0,0.0,142,146,160,167,180,192,97.0,0.0,149.44239507019216,0.0,0.0,0.0,0.0,124.30000000000001,169.5,203.4,237.3,271.2
8,9,1712902844.2523751,111.0,133.9,18.0,104.0,31.30000009536743,0.0,145.78952242767673,0.0,0.0,0.0,0.0,0.0,0.0,3.7341299477221805,0.0,0.0,0.0,1.0,4.0,8,485.9650747589224,104.0,0.0,0.0,0.0,0.0,0.0,142,146,160,167,180,192,111.0,0.0,145.78952242767673,0.0,0.0,0.0,0.0,124.30000000000001,169.5,203.4,237.3,271.2
9,10,1712902847.2523751,122.0,143.0,15.0,103.0,34.30000009536743,0.0,119.69056910129824,0.0,0.0,0.0,0.0,0.0,0.0,3.4965034965034967,0.0,0.0,0.0,1.0,4.0,9,478.76227640519295,103.0,0.0,0.0,0.0,0.0,0.0,142,146,160,167,180,192,122.0,119.69056910129824,0.0,0.0,0.0,0.0,0.0,124.30000000000001,169.5,203.4,237.3,271.2
10,11,1712902850.152375,133.0,135.5,20.0,104.0,37.19999995231628,0.0,140.68576573076632,0.0,0.0,0.0,0.0,0.0,0.0,3.690036900369004,0.0,0.0,0.0,1.0,4.0,10,422.05729719229896,104.0,0.0,0.0,0.0,0.0,0.0,142,146,160,167,180,192,133.0,0.0,140.68576573076632,0.0,0.0,0.0,0.0,124.30000000000001,169.5,203.4,237.3,271.2
11,12,1712902853.4523752,145.0,135.5,20.0,105.0,40.500000143051146,0.0,140.68576573076632,0.0,0.0,0.0,0.0,0.0,0.0,3.690036900369004,0.0,0.0,0.0,1.0,4.0,11,422.05729719229896,105.0,0.0,0.0,0.0,0.0,0.0,142,146,160,167,180,192,145.0,0.0,140.68576573076632,0.0,0.0,0.0,0.0,124.30000000000001,169.5,203.4,237.3,271.2
12,13,1712902857.552375,159.0,137.9,19.0,107.0,44.600000047683714,0.0,133.46741398559703,0.0,0.0,0.0,0.0,0.0,0.0,3.625815808556925,0.0,0.0,0.0,1.0,4.0,12,421.4760441650433,107.0,0.0,0.0,0.0,0.0,0.0,142,146,160,167,180,192,159.0,0.0,133.46741398559703,0.0,0.0,0.0,0.0,124.30000000000001,169.5,203.4,237.3,271.2
13,14,1712902860.4523752,169.0,142.8,21.0,107.0,47.500000143051146,0.0,120.19417532487807,0.0,0.0,0.0,0.0,0.0,0.0,3.501400560224089,0.0,0.0,0.0,1.0,4.0,13,343.41192949965165,107.0,0.0,0.0,0.0,0.0,0.0,142,146,160,167,180,192,169.0,120.19417532487807,0.0,0.0,0.0,0.0,0.0,124.30000000000001,169.5,203.4,237.3,271.2
14,15,1712902863.352375,180.0,142.8,21.0,107.0,50.4,0.0,120.19417532487807,0.0,0.0,0.0,0.0,0.0,0.0,3.501400560224089,0.0,0.0,0.0,1.0,4.0,14,343.41192949965165,107.0,0.0,0.0,0.0,0.0,0.0,142,146,160,167,180,192,180.0,120.19417532487807,0.0,0.0,0.0,0.0,0.0,124.30000000000001,169.5,203.4,237.3,271.2
15,16,1712902868.552375,196.0,154.8,11.0,108.0,55.600000047683714,0.0,94.35288311268945,0.0,0.0,0.0,0.0,0.0,0.0,3.229974160206718,0.0,0.0,0.0,1.0,4.0,15,514.6520897055789,108.0,0.0,0.0,0.0,0.0,0.0,142,146,160,167,180,192,196.0,94.35288311268945,0.0,0.0,0.0,0.0,0.0,124.30000000000001,169.5,203.4,237.3,271.2
16,17,1712902871.2523751,205.0,154.8,11.0,107.0,58.30000009536743,0.0,94.35288311268945,0.0,0.0,0.0,0.0,0.0,0.0,3.229974160206718,0.0,0.0,0.0,1.0,4.0,16,514.6520897055789,107.0,0.0,0.0,0.0,0.0,0.0,142,146,160,167,180,192,205.0,94.35288311268945,0.0,0.0,0.0,0.0,0.0,124.30000000000001,169.5,203.4,237.3,271.2
17,18,1712902874.152375,216.0,147.8,22.0,107.0,61.19999995231628,0.0,108.40385888103096,0.0,0.0,0.0,0.0,0.0,0.0,3.3829499323410013,0.0,0.0,0.0,1.0,4.0,17,295.6468878573571,107.0,0.0,0.0,0.0,0.0,0.0,142,146,160,167,180,192,216.0,108.40385888103096,0.0,0.0,0.0,0.0,0.0,124.30000000000001,169.5,203.4,237.3,271.2
18,19,1712902877.652375,229.0,139.1,21.0,108.0,64.69999995231629,0.0,130.04290255430053,0.0,0.0,0.0,0.0,0.0,0.0,3.5945363048166787,0.0,0.0,0.0,1.0,4.0,18,371.55115015514434,108.0,0.0,0.0,0.0,0.0,0.0,142,146,160,167,180,192,229.0,0.0,130.04290255430053,0.0,0.0,0.0,0.0,124.30000000000001,169.5,203.4,237.3,271.2
19,20,1712902881.152375,241.0,135.6,17.0,110.0,68.19999995231629,0.0,140.37474351689434,0.0,0.0,0.0,0.0,0.0,0.0,3.6873156342182893,0.0,0.0,0.0,1.0,4.0,19,495.44027123609766,110.0,0.0,0.0,0.0,0.0,0.0,142,146,160,167,180,192,241.0,0.0,140.37474351689434,0.0,0.0,0.0,0.0,124.30000000000001,169.5,203.4,237.3,271.2
20,21,1712902884.352375,253.0,139.5,17.0,110.0,71.4,0.0,128.9274584589973,0.0,0.0,0.0,0.0,0.0,0.0,3.5842293906810037,0.0,0.0,0.0,1.0,4.0,20,455.038088678814,110.0,0.0,0.0,0.0,0.0,0.0,142,146,160,167,180,192,253.0,0.0,128.9274584589973,0.0,0.0,0.0,0.0,124.30000000000001,169.5,203.4,237.3,271.2
21,22,1712902887.9523752,266.0,138.8,19.0,110.0,75.00000014305115,0.0,130.88794405178524,0.0,0.0,0.0,0.0,0.0,0.0,3.6023054755043225,0.0,0.0,0.0,1.0,4.0,21,413.33034963721656,110.0,0.0,0.0,0.0,0.0,0.0,142,146,160,167,180,192,266.0,0.0,130.88794405178524,0.0,0.0,0.0,0.0,124.30000000000001,169.5,203.4,237.3,271.2
22,23,1712902891.4523752,279.0,140.7,17.0,110.0,78.50000014305115,0.0,125.6567295038023,0.0,0.0,0.0,0.0,0.0,0.0,3.553660270078181,0.0,0.0,0.0,1.0,4.0,22,443.49433942518453,110.0,0.0,0.0,0.0,0.0,0.0,142,146,160,167,180,192,279.0,0.0,125.6567295038023,0.0,0.0,0.0,0.0,124.30000000000001,169.5,203.4,237.3,271.2
23,24,1712902894.9523752,292.0,137.7,17.0,110.0,82.00000014305115,0.0,134.0498164269535,0.0,0.0,0.0,0.0,0.0,0.0,3.631082062454612,0.0,0.0,0.0,1.0,4.0,23,473.11699915395354,110.0,0.0,0.0,0.0,0.0,0.0,142,146,160,167,180,192,292.0,0.0,134.0498164269535,0.0,0.0,0.0,0.0,124.30000000000001,169.5,203.4,237.3,271.2
24,25,1712902898.2523751,303.0,135.9,17.0,110.0,85.30000009536744,0.0,139.44716011613252,0.0,0.0,0.0,0.0,0.0,0.0,3.679175864606328,0.0,0.0,0.0,1.0,4.0,24,492.166447468703,110.0,0.0,0.0,0.0,0.0,0.0,142,146,160,167,180,192,303.0,0.0,139.44716011613252,0.0,0.0,0.0,0.0,124.30000000000001,169.5,203.4,237.3,271.2
25,26,1712902901.352375,315.0,136.3,18.0,110.0,88.4,0.0,138.2230516102044,0.0,0.0,0.0,0.0,0.0,0.0,3.668378576669112,0.0,0.0,0.0,1.0,4.0,25,460.743505367348,110.0,0.0,0.0,0.0,0.0,0.0,142,146,160,167,180,192,315.0,0.0,138.2230516102044,0.0,0.0,0.0,0.0,124.30000000000001,169.5,203.4,237.3,271.2
26,27,1712902904.7523751,327.0,137.0,19.0,110.0,91.80000009536744,0.0,136.11511138299565,0.0,0.0,0.0,0.0,0.0,0.0,3.6496350364963503,0.0,0.0,0.0,1.0,4.0,26,429.8371938410389,110.0,0.0,0.0,0.0,0.0,0.0,142,146,160,167,180,192,327.0,0.0,136.11511138299565,0.0,0.0,0.0,0.0,124.30000000000001,169.5,203.4,237.3,271.2
27,28,1712902908.2523751,340.0,139.4,17.0,110.0,95.30000009536744,0.0,129.20511979613713,0.0,0.0,0.0,0.0,0.0,0.0,3.5868005738880915,0.0,0.0,0.0,1.0,4.0,27,456.0180698687193,110.0,0.0,0.0,0.0,0.0,0.0,142,146,160,167,180,192,340.0,0.0,129.20511979613713,0.0,0.0,0.0,0.0,124.30000000000001,169.5,203.4,237.3,271.2
28,29,1712902911.4523752,352.0,139.4,17.0,103.0,98.50000014305115,0.0,129.20511979613713,0.0,0.0,0.0,0.0,0.0,0.0,3.5868005738880915,0.0,0.0,0.0,1.0,4.0,28,456.0180698687193,103.0,0.0,0.0,0.0,0.0,0.0,142,146,160,167,180,192,352.0,0.0,129.20511979613713,0.0,0.0,0.0,0.0,124.30000000000001,169.5,203.4,237.3,271.2
29,30,1712902914.9523752,365.0,135.7,17.0,105.0,102.00000014305115,0.0,140.06463742105808,0.0,0.0,0.0,0.0,0.0,0.0,3.684598378776714,0.0,0.0,0.0,1.0,4.0,29,494.34577913314615,105.0,0.0,0.0,0.0,0.0,0.0,142,146,160,167,180,192,365.0,0.0,140.06463742105808,0.0,0.0,0.0,0.0,124.30000000000001,169.5,203.4,237.3,271.2
30,31,1712902918.552375,378.0,135.7,17.0,109.0,105.60000004768372,0.0,140.06463742105808,0.0,0.0,0.0,0.0,0.0,0.0,3.684598378776714,0.0,0.0,0.0,1.0,4.0,30,494.34577913314615,109.0,0.0,0.0,0.0,0.0,0.0,142,146,160,167,180,192,378.0,0.0,140.06463742105808,0.0,0.0,0.0,0.0,124.30000000000001,169.5,203.4,237.3,271.2
31,32,1712902922.152375,391.0,135.2,17.0,110.0,109.19999995231629,0.0,141.6243630108422,0.0,0.0,0.0,0.0,0.0,0.0,3.6982248520710064,0.0,0.0,0.0,1.0,4.0,31,499.85069297944307,110.0,0.0,0.0,0.0,0.0,0.0,142,146,160,167,180,192,391.0,0.0,141.6243630108422,0.0,0.0,0.0,0.0,124.30000000000001,169.5,203.4,237.3,271.2
32,33,1712902925.652375,404.0,137.7,17.0,112.0,112.69999995231629,0.0,134.0498164269535,0.0,0.0,0.0,0.0,0.0,0.0,3.631082062454612,0.0,0.0,0.0,1.0,4.0,32,473.11699915395354,112.0,0.0,0.0,0.0,0.0,0.0,142,146,160,167,180,192,404.0,0.0,134.0498164269535,0.0,0.0,0.0,0.0,124.30000000000001,169.5,203.4,237.3,271.2
33,34,1712902929.352375,417.0,137.3,16.0,116.0,116.4,0.0,135.22482642103728,0.0,0.0,0.0,0.0,0.0,0.0,3.6416605972323377,0.0,0.0,0.0,1.0,4.0,33,507.0930990788898,116.0,0.0,0.0,0.0,0.0,0.0,142,146,160,167,180,192,417.0,0.0,135.22482642103728,0.0,0.0,0.0,0.0,124.30000000000001,169.5,203.4,237.3,271.2
34,35,1712902932.852375,430.0,137.4,17.0,116.0,119.9,0.0,134.92979054026696,0.0,0.0,0.0,0.0,0.0,0.0,3.6390101892285296,0.0,0.0,0.0,1.0,4.0,34,476.2227901421187,116.0,0.0,0.0,0.0,0.0,0.0,142,146,160,167,180,192,430.0,0.0,134.92979054026696,0.0,0.0,0.0,0.0,124.30000000000001,169.5,203.4,237.3,271.2
35,36,1712902935.852375,442.0,137.4,17.0,116.0,122.9,0.0,134.92979054026696,0.0,0.0,0.0,0.0,0.0,0.0,3.6390101892285296,0.0,0.0,0.0,1.0,4.0,35,476.2227901421187,116.0,0.0,0.0,0.0,0.0,0.0,142,146,160,167,180,192,442.0,0.0,134.92979054026696,0.0,0.0,0.0,0.0,124.30000000000001,169.5,203.4,237.3,271.2
36,37,1712902938.852375,453.0,131.4,21.0,116.0,125.9,0.0,154.27016665370618,0.0,0.0,0.0,0.0,0.0,0.0,3.8051750380517504,0.0,0.0,0.0,1.0,4.0,36,440.7719047248748,116.0,0.0,0.0,0.0,0.0,0.0,142,146,160,167,180,192,453.0,0.0,154.27016665370618,0.0,0.0,0.0,0.0,124.30000000000001,169.5,203.4,237.3,271.2
37,38,1712902942.152375,466.0,128.4,20.0,115.0,129.1999999523163,0.0,165.33811163877206,0.0,0.0,0.0,0.0,0.0,0.0,3.894080996884735,0.0,0.0,0.0,1.0,4.0,37,496.01433491631616,115.0,0.0,0.0,0.0,0.0,0.0,142,146,160,167,180,192,466.0,0.0,165.33811163877206,0.0,0.0,0.0,0.0,124.30000000000001,169.5,203.4,237.3,271.2
38,39,1712902945.2523751,478.0,133.3,19.0,116.0,132.30000009536744,0.0,147.76704758167364,0.0,0.0,0.0,0.0,0.0,0.0,3.750937734433608,0.0,0.0,0.0,1.0,4.0,38,466.6327818368641,116.0,0.0,0.0,0.0,0.0,0.0,142,146,160,167,180,192,478.0,0.0,147.76704758167364,0.0,0.0,0.0,0.0,124.30000000000001,169.5,203.4,237.3,271.2
39,40,1712902948.2523751,489.0,133.3,19.0,116.0,135.30000009536744,0.0,147.76704758167364,0.0,0.0,0.0,0.0,0.0,0.0,3.750937734433608,0.0,0.0,0.0,1.0,4.0,39,466.6327818368641,116.0,0.0,0.0,0.0,0.0,0.0,142,146,160,167,180,192,489.0,0.0,147.76704758167364,0.0,0.0,0.0,0.0,124.30000000000001,169.5,203.4,237.3,271.2
40,41,1712902951.2523751,500.0,132.8,20.0,118.0,138.30000009536744,0.0,149.44239507019216,0.0,0.0,0.0,0.0,0.0,0.0,3.765060240963855,0.0,0.0,0.0,1.0,4.0,40,448.3271852105765,118.0,0.0,0.0,0.0,0.0,0.0,142,146,160,167,180,192,500.0,0.0,149.44239507019216,0.0,0.0,0.0,0.0,124.30000000000001,169.5,203.4,237.3,271.2
41,42,1712902954.2523751,512.0,131.9,20.0,118.0,141.30000009536744,0.0,152.52240957400522,0.0,0.0,0.0,0.0,0.0,0.0,3.790750568612585,0.0,0.0,0.0,1.0,4.0,41,457.5672287220157,118.0,0.0,0.0,0.0,0.0,0.0,142,146,160,167,180,192,512.0,0.0,152.52240957400522,0.0,0.0,0.0,0.0,124.30000000000001,169.5,203.4,237.3,271.2
42,43,1712902957.2523751,523.0,132.4,20.0,118.0,144.30000009536744,0.0,150.80095401888298,0.0,0.0,0.0,0.0,0.0,0.0,3.7764350453172204,0.0,0.0,0.0,1.0,4.0,42,452.40286205664887,118.0,0.0,0.0,0.0,0.0,0.0,142,146,160,167,180,192,523.0,0.0,150.80095401888298,0.0,0.0,0.0,0.0,124.30000000000001,169.5,203.4,237.3,271.2
43,44,1712902960.152375,534.0,132.5,21.0,118.0,147.1999999523163,0.0,150.45977551938847,0.0,0.0,0.0,0.0,0.0,0.0,3.7735849056603774,0.0,0.0,0.0,1.0,4.0,43,429.8850729125385,118.0,0.0,0.0,0.0,0.0,0.0,142,146,160,167,180,192,534.0,0.0,150.45977551938847,0.0,0.0,0.0,0.0,124.30000000000001,169.5,203.4,237.3,271.2
44,45,1712902963.152375,545.0,132.5,21.0,119.0,150.1999999523163,0.0,150.45977551938847,0.0,0.0,0.0,0.0,0.0,0.0,3.7735849056603774,0.0,0.0,0.0,1.0,4.0,44,429.8850729125385,119.0,0.0,0.0,0.0,0.0,0.0,142,146,160,167,180,192,545.0,0.0,150.45977551938847,0.0,0.0,0.0,0.0,124.30000000000001,169.5,203.4,237.3,271.2
45,46,1712902965.9523752,556.0,129.9,22.0,119.0,153.00000014305115,0.0,159.67634797731637,0.0,0.0,0.0,0.0,0.0,0.0,3.8491147036181674,0.0,0.0,0.0,1.0,4.0,45,435.48094902904467,119.0,0.0,0.0,0.0,0.0,0.0,142,146,160,167,180,192,556.0,0.0,159.67634797731637,0.0,0.0,0.0,0.0,124.30000000000001,169.5,203.4,237.3,271.2
46,47,1712902968.852375,567.0,132.1,20.0,119.0,155.9,0.0,151.83069902219177,0.0,0.0,0.0,0.0,0.0,0.0,3.785011355034065,0.0,0.0,0.0,1.0,4.0,46,455.4920970665753,119.0,0.0,0.0,0.0,0.0,0.0,142,146,160,167,180,192,567.0,0.0,151.83069902219177,0.0,0.0,0.0,0.0,124.30000000000001,169.5,203.4,237.3,271.2
47,48,1712902971.852375,578.0,132.1,20.0,120.0,158.9,0.0,151.83069902219177,0.0,0.0,0.0,0.0,0.0,0.0,3.785011355034065,0.0,0.0,0.0,1.0,4.0,47,455.4920970665753,120.0,0.0,0.0,0.0,0.0,0.0,142,146,160,167,180,192,578.0,0.0,151.83069902219177,0.0,0.0,0.0,0.0,124.30000000000001,169.5,203.4,237.3,271.2
48,49,1712902974.852375,590.0,132.7,20.0,120.0,161.9,0.0,149.7804999083637,0.0,0.0,0.0,0.0,0.0,0.0,3.7678975131876418,0.0,0.0,0.0,1.0,4.0,48,449.3414997250911,120.0,0.0,0.0,0.0,0.0,0.0,142,146,160,167,180,192,590.0,0.0,149.7804999083637,0.0,0.0,0.0,0.0,124.30000000000001,169.5,203.4,237.3,271.2
49,50,1712902977.7523751,601.0,132.7,21.0,120.0,164.80000009536744,0.0,149.7804999083637,0.0,0.0,0.0,0.0,0.0,0.0,3.7678975131876418,0.0,0.0,0.0,1.0,4.0,49,427.94428545246774,120.0,0.0,0.0,0.0,0.0,0.0,142,146,160,167,180,192,601.0,0.0,149.7804999083637,0.0,0.0,0.0,0.0,124.30000000000001,169.5,203.4,237.3,271.2
50,51,1712902980.7523751,612.0,130.2,20.0,120.0,167.80000009536744,0.0,158.57513567752042,0.0,0.0,0.0,0.0,0.0,0.0,3.840245775729647,0.0,0.0,0.0,1.0,4.0,50,475.7254070325613,120.0,0.0,0.0,0.0,0.0,0.0,142,146,160,167,180,192,612.0,0.0,158.57513567752042,0.0,0.0,0.0,0.0,124.30000000000001,169.5,203.4,237.3,271.2
51,52,1712902983.652375,623.0,130.2,20.0,120.0,170.6999999523163,0.0,158.57513567752042,0.0,0.0,0.0,0.0,0.0,0.0,3.840245775729647,0.0,0.0,0.0,1.0,4.0,51,475.7254070325613,120.0,0.0,0.0,0.0,0.0,0.0,142,146,160,167,180,192,623.0,0.0,158.57513567752042,0.0,0.0,0.0,0.0,124.30000000000001,169.5,203.4,237.3,271.2
52,53,1712902986.7523751,635.0,133.0,20.0,120.0,173.80000009536744,0.0,148.7692321424852,0.0,0.0,0.0,0.0,0.0,0.0,3.7593984962406015,0.0,0.0,0.0,1.0,4.0,52,446.30769642745565,120.0,0.0,0.0,0.0,0.0,0.0,142,146,160,167,180,192,635.0,0.0,148.7692321424852,0.0,0.0,0.0,0.0,124.30000000000001,169.5,203.4,237.3,271.2
53,54,1712902989.652375,646.0,134.1,20.0,120.0,176.6999999523163,0.0,145.13819268948785,0.0,0.0,0.0,0.0,0.0,0.0,3.7285607755406414,0.0,0.0,0.0,1.0,4.0,53,435.4145780684636,120.0,0.0,0.0,0.0,0.0,0.0,142,146,160,167,180,192,646.0,0.0,145.13819268948785,0.0,0.0,0.0,0.0,124.30000000000001,169.5,203.4,237.3,271.2
54,55,1712902992.652375,657.0,132.3,20.0,120.0,179.6999999523163,0.0,151.14316482802062,0.0,0.0,0.0,0.0,0.0,0.0,3.7792894935752077,0.0,0.0,0.0,1.0,4.0,54,453.4294944840619,120.0,0.0,0.0,0.0,0.0,0.0,142,146,160,167,180,192,657.0,0.0,151.14316482802062,0.0,0.0,0.0,0.0,124.30000000000001,169.5,203.4,237.3,271.2
55,56,1712902995.4523752,668.0,132.3,20.0,120.0,182.50000014305115,0.0,151.14316482802062,0.0,0.0,0.0,0.0,0.0,0.0,3.7792894935752077,0.0,0.0,0.0,1.0,4.0,55,453.4294944840619,120.0,0.0,0.0,0.0,0.0,0.0,142,146,160,167,180,192,668.0,0.0,151.14316482802062,0.0,0.0,0.0,0.0,124.30000000000001,169.5,203.4,237.3,271.2
56,57,1712902998.4523752,679.0,131.1,21.0,120.0,185.50000014305115,0.0,155.33165491621975,0.0,0.0,0.0,0.0,0.0,0.0,3.8138825324180017,0.0,0.0,0.0,1.0,4.0,56,443.80472833205647,120.0,0.0,0.0,0.0,0.0,0.0,142,146,160,167,180,192,679.0,0.0,155.33165491621975,0.0,0.0,0.0,0.0,124.30000000000001,169.5,203.4,237.3,271.2
57,58,1712903001.352375,690.0,133.8,20.0,119.0,188.4,0.0,146.11664913250172,0.0,0.0,0.0,0.0,0.0,0.0,3.736920777279521,0.0,0.0,0.0,1.0,4.0,57,438.34994739750516,119.0,0.0,0.0,0.0,0.0,0.0,142,146,160,167,180,192,690.0,0.0,146.11664913250172,0.0,0.0,0.0,0.0,124.30000000000001,169.5,203.4,237.3,271.2
58,59,1712903004.352375,701.0,133.8,20.0,120.0,191.4,0.0,146.11664913250172,0.0,0.0,0.0,0.0,0.0,0.0,3.736920777279521,0.0,0.0,0.0,1.0,4.0,58,438.34994739750516,120.0,0.0,0.0,0.0,0.0,0.0,142,146,160,167,180,192,701.0,0.0,146.11664913250172,0.0,0.0,0.0,0.0,124.30000000000001,169.5,203.4,237.3,271.2
59,60,1712903007.152375,712.0,132.2,20.0,120.0,194.1999999523163,0.0,151.48641185410298,0.0,0.0,0.0,0.0,0.0,0.0,3.782148260211801,0.0,0.0,0.0,1.0,4.0,59,454.4592355623089,120.0,0.0,0.0,0.0,0.0,0.0,142,146,160,167,180,192,712.0,0.0,151.48641185410298,0.0,0.0,0.0,0.0,124.30000000000001,169.5,203.4,237.3,271.2
60,61,1712903010.052375,723.0,131.3,21.0,119.0,197.10000004768372,0.0,154.6229184227016,0.0,0.0,0.0,0.0,0.0,0.0,3.8080731150038076,0.0,0.0,0.0,1.0,4.0,60,441.7797669220045,119.0,0.0,0.0,0.0,0.0,0.0,142,146,160,167,180,192,723.0,0.0,154.6229184227016,0.0,0.0,0.0,0.0,124.30000000000001,169.5,203.4,237.3,271.2
61,62,1712903012.852375,734.0,131.3,21.0,120.0,199.9,0.0,154.6229184227016,0.0,0.0,0.0,0.0,0.0,0.0,3.8080731150038076,0.0,0.0,0.0,1.0,4.0,61,441.7797669220045,120.0,0.0,0.0,0.0,0.0,0.0,142,146,160,167,180,192,734.0,0.0,154.6229184227016,0.0,0.0,0.0,0.0,124.30000000000001,169.5,203.4,237.3,271.2
62,63,1712903015.7523751,745.0,133.3,20.0,120.0,202.80000009536744,0.0,147.76704758167364,0.0,0.0,0.0,0.0,0.0,0.0,3.750937734433608,0.0,0.0,0.0,1.0,4.0,62,443.3011427450209,120.0,0.0,0.0,0.0,0.0,0.0,142,146,160,167,180,192,745.0,0.0,147.76704758167364,0.0,0.0,0.0,0.0,124.30000000000001,169.5,203.4,237.3,271.2
63,64,1712903018.652375,756.0,133.3,20.0,120.0,205.6999999523163,0.0,147.76704758167364,0.0,0.0,0.0,0.0,0.0,0.0,3.750937734433608,0.0,0.0,0.0,1.0,4.0,63,443.3011427450209,120.0,0.0,0.0,0.0,0.0,0.0,142,146,160,167,180,192,756.0,0.0,147.76704758167364,0.0,0.0,0.0,0.0,124.30000000000001,169.5,203.4,237.3,271.2
64,65,1712903021.4523752,767.0,130.4,21.0,120.0,208.50000014305115,0.0,157.84661399061173,0.0,0.0,0.0,0.0,0.0,0.0,3.8343558282208585,0.0,0.0,0.0,1.0,4.0,64,450.9903256874621,120.0,0.0,0.0,0.0,0.0,0.0,142,146,160,167,180,192,767.0,0.0,157.84661399061173,0.0,0.0,0.0,0.0,124.30000000000001,169.5,203.4,237.3,271.2
65,66,1712903024.2523751,778.0,130.4,21.0,121.0,211.30000009536744,0.0,157.84661399061173,0.0,0.0,0.0,0.0,0.0,0.0,3.8343558282208585,0.0,0.0,0.0,1.0,4.0,64,450.9903256874621,121.0,0.0,0.0,0.0,0.0,0.0,142,146,160,167,180,192,778.0,0.0,157.84661399061173,0.0,0.0,0.0,0.0,124.30000000000001,169.5,203.4,237.3,271.2
66,67,1712903027.2523751,789.0,130.6,21.0,120.0,214.30000009536744,0.0,157.12254808512918,0.0,0.0,0.0,0.0,0.0,0.0,3.8284839203675345,0.0,0.0,0.0,1.0,4.0,66,448.921565957512,120.0,0.0,0.0,0.0,0.0,0.0,142,146,160,167,180,192,789.0,0.0,157.12254808512918,0.0,0.0,0.0,0.0,124.30000000000001,169.5,203.4,237.3,271.2
67,68,1712903030.052375,800.0,130.9,21.0,120.0,217.10000004768372,0.0,156.04472949766293,0.0,0.0,0.0,0.0,0.0,0.0,3.819709702062643,0.0,0.0,0.0,1.0,4.0,67,445.84208427903695,120.0,0.0,0.0,0.0,0.0,0.0,142,146,160,167,180,192,800.0,0.0,156.04472949766293,0.0,0.0,0.0,0.0,124.30000000000001,169.5,203.4,237.3,271.2
68,69,1712903032.852375,810.0,130.9,21.0,121.0,219.9,0.0,156.04472949766293,0.0,0.0,0.0,0.0,0.0,0.0,3.819709702062643,0.0,0.0,0.0,1.0,4.0,67,445.84208427903695,121.0,0.0,0.0,0.0,0.0,0.0,142,146,160,167,180,192,810.0,0.0,156.04472949766293,0.0,0.0,0.0,0.0,124.30000000000001,169.5,203.4,237.3,271.2
69,70,1712903035.652375,821.0,129.4,21.0,121.0,222.6999999523163,0.0,161.53447158731038,0.0,0.0,0.0,0.0,0.0,0.0,3.863987635239567,0.0,0.0,0.0,1.0,4.0,68,461.52706167802967,121.0,0.0,0.0,0.0,0.0,0.0,142,146,160,167,180,192,821.0,0.0,161.53447158731038,0.0,0.0,0.0,0.0,124.30000000000001,169.5,203.4,237.3,271.2
70,71,1712903038.552375,832.0,130.0,21.0,121.0,225.60000004768372,0.0,159.30814747382794,0.0,0.0,0.0,0.0,0.0,0.0,3.8461538461538463,0.0,0.0,0.0,1.0,4.0,69,455.1661356395084,121.0,0.0,0.0,0.0,0.0,0.0,142,146,160,167,180,192,832.0,0.0,159.30814747382794,0.0,0.0,0.0,0.0,124.30000000000001,169.5,203.4,237.3,271.2
71,72,1712903041.4523752,843.0,133.6,21.0,121.0,228.50000014305115,0.0,146.77384447283853,0.0,0.0,0.0,0.0,0.0,0.0,3.7425149700598803,0.0,0.0,0.0,1.0,4.0,71,419.3538413509673,121.0,0.0,0.0,0.0,0.0,0.0,142,146,160,167,180,192,843.0,0.0,146.77384447283853,0.0,0.0,0.0,0.0,124.30000000000001,169.5,203.4,237.3,271.2
72,73,1712903044.2523751,854.0,133.6,21.0,121.0,231.30000009536744,0.0,146.77384447283853,0.0,0.0,0.0,0.0,0.0,0.0,3.7425149700598803,0.0,0.0,0.0,1.0,4.0,71,419.3538413509673,121.0,0.0,0.0,0.0,0.0,0.0,142,146,160,167,180,192,854.0,0.0,146.77384447283853,0.0,0.0,0.0,0.0,124.30000000000001,169.5,203.4,237.3,271.2
73,74,1712903047.152375,865.0,131.8,21.0,122.0,234.1999999523163,0.0,152.86984089750715,0.0,0.0,0.0,0.0,0.0,0.0,3.793626707132018,0.0,0.0,0.0,1.0,4.0,73,436.7709739928776,122.0,0.0,0.0,0.0,0.0,0.0,142,146,160,167,180,192,865.0,0.0,152.86984089750715,0.0,0.0,0.0,0.0,124.30000000000001,169.5,203.4,237.3,271.2
74,75,1712903049.852375,875.0,131.8,21.0,122.0,236.9,0.0,152.86984089750715,0.0,0.0,0.0,0.0,0.0,0.0,3.793626707132018,0.0,0.0,0.0,1.0,4.0,73,436.7709739928776,122.0,0.0,0.0,0.0,0.0,0.0,142,146,160,167,180,192,875.0,0.0,152.86984089750715,0.0,0.0,0.0,0.0,124.30000000000001,169.5,203.4,237.3,271.2
75,76,1712903052.552375,886.0,130.6,22.0,123.0,239.60000004768372,0.0,157.12254808512918,0.0,0.0,0.0,0.0,0.0,0.0,3.8284839203675345,0.0,0.0,0.0,1.0,4.0,74,428.51604023217055,123.0,0.0,0.0,0.0,0.0,0.0,142,146,160,167,180,192,886.0,0.0,157.12254808512918,0.0,0.0,0.0,0.0,124.30000000000001,169.5,203.4,237.3,271.2
76,77,1712903055.2523751,896.0,128.8,22.0,123.0,242.30000009536744,0.0,163.80247340162327,0.0,0.0,0.0,0.0,0.0,0.0,3.881987577639751,0.0,0.0,0.0,1.0,4.0,75,446.73401836806346,123.0,0.0,0.0,0.0,0.0,0.0,142,146,160,167,180,192,896.0,0.0,163.80247340162327,0.0,0.0,0.0,0.0,124.30000000000001,169.5,203.4,237.3,271.2
77,78,1712903058.052375,907.0,128.8,22.0,123.0,245.10000004768372,0.0,163.80247340162327,0.0,0.0,0.0,0.0,0.0,0.0,3.881987577639751,0.0,0.0,0.0,1.0,4.0,76,446.73401836806346,123.0,0.0,0.0,0.0,0.0,0.0,142,146,160,167,180,192,907.0,0.0,163.80247340162327,0.0,0.0,0.0,0.0,124.30000000000001,169.5,203.4,237.3,271.2
78,79,1712903060.7523751,917.0,132.1,21.0,123.0,247.80000009536744,0.0,151.83069902219177,0.0,0.0,0.0,0.0,0.0,0.0,3.785011355034065,0.0,0.0,0.0,1.0,4.0,77,433.8019972062622,123.0,0.0,0.0,0.0,0.0,0.0,142,146,160,167,180,192,917.0,0.0,151.83069902219177,0.0,0.0,0.0,0.0,124.30000000000001,169.5,203.4,237.3,271.2
79,80,1712903063.4523752,928.0,131.3,22.0,123.0,250.50000014305115,0.0,154.6229184227016,0.0,0.0,0.0,0.0,0.0,0.0,3.8080731150038076,0.0,0.0,0.0,1.0,4.0,78,421.69886842554973,123.0,0.0,0.0,0.0,0.0,0.0,142,146,160,167,180,192,928.0,0.0,154.6229184227016,0.0,0.0,0.0,0.0,124.30000000000001,169.5,203.4,237.3,271.2
80,81,1712903066.2523751,939.0,128.7,23.0,123.0,253.30000009536744,0.0,164.1845941032898,0.0,0.0,0.0,0.0,0.0,0.0,3.8850038850038855,0.0,0.0,0.0,1.0,4.0,79,428.3076367911908,123.0,0.0,0.0,0.0,0.0,0.0,142,146,160,167,180,192,939.0,0.0,164.1845941032898,0.0,0.0,0.0,0.0,124.30000000000001,169.5,203.4,237.3,271.2
81,82,1712903069.052375,950.0,127.8,22.0,124.0,256.1000000476837,0.0,167.6777674369461,0.0,0.0,0.0,0.0,0.0,0.0,3.912363067292645,0.0,0.0,0.0,1.0,4.0,80,457.30300210076217,124.0,0.0,0.0,0.0,0.0,0.0,142,146,160,167,180,192,950.0,0.0,167.6777674369461,0.0,0.0,0.0,0.0,124.30000000000001,169.5,203.4,237.3,271.2
82,83,1712903072.052375,961.0,128.4,21.0,124.0,259.1000000476837,0.0,165.33811163877206,0.0,0.0,0.0,0.0,0.0,0.0,3.894080996884735,0.0,0.0,0.0,1.0,4.0,82,472.39460468220585,124.0,0.0,0.0,0.0,0.0,0.0,142,146,160,167,180,192,961.0,0.0,165.33811163877206,0.0,0.0,0.0,0.0,124.30000000000001,169.5,203.4,237.3,271.2
83,84,1712903074.852375,972.0,129.9,21.0,125.0,261.9,0.0,159.67634797731637,0.0,0.0,0.0,0.0,0.0,0.0,3.8491147036181674,0.0,0.0,0.0,1.0,4.0,83,456.21813707804677,125.0,0.0,0.0,0.0,0.0,0.0,142,146,160,167,180,192,972.0,0.0,159.67634797731637,0.0,0.0,0.0,0.0,124.30000000000001,169.5,203.4,237.3,271.2
84,85,1712903077.552375,983.0,129.9,21.0,126.0,264.6000000476837,0.0,159.67634797731637,0.0,0.0,0.0,0.0,0.0,0.0,3.8491147036181674,0.0,0.0,0.0,1.0,4.0,83,456.21813707804677,126.0,0.0,0.0,0.0,0.0,0.0,142,146,160,167,180,192,983.0,0.0,159.67634797731637,0.0,0.0,0.0,0.0,124.30000000000001,169.5,203.4,237.3,271.2
85,86,1712903080.4523752,994.0,128.4,22.0,126.0,267.5000001430511,0.0,165.33811163877206,0.0,0.0,0.0,0.0,0.0,0.0,3.894080996884735,0.0,0.0,0.0,1.0,4.0,85,450.9221226511965,126.0,0.0,0.0,0.0,0.0,0.0,142,146,160,167,180,192,994.0,0.0,165.33811163877206,0.0,0.0,0.0,0.0,124.30000000000001,169.5,203.4,237.3,271.2
86,87,1712903083.152375,1004.0,130.7,22.0,126.0,270.19999995231626,0.0,156.76217540900663,0.0,0.0,0.0,0.0,0.0,0.0,3.825554705432288,0.0,0.0,0.0,1.0,4.0,86,427.5332056609272,126.0,0.0,0.0,0.0,0.0,0.0,142,146,160,167,180,192,1004.0,0.0,156.76217540900663,0.0,0.0,0.0,0.0,124.30000000000001,169.5,203.4,237.3,271.2
87,88,1712903085.852375,1015.0,130.7,22.0,126.0,272.9,0.0,156.76217540900663,0.0,0.0,0.0,0.0,0.0,0.0,3.825554705432288,0.0,0.0,0.0,1.0,4.0,87,427.5332056609272,126.0,0.0,0.0,0.0,0.0,0.0,142,146,160,167,180,192,1015.0,0.0,156.76217540900663,0.0,0.0,0.0,0.0,124.30000000000001,169.5,203.4,237.3,271.2
88,89,1712903088.652375,1026.0,127.7,22.0,126.0,275.69999995231626,0.0,168.07199400166607,0.0,0.0,0.0,0.0,0.0,0.0,3.9154267815191854,0.0,0.0,0.0,1.0,4.0,88,458.3781654590893,126.0,0.0,0.0,0.0,0.0,0.0,142,146,160,167,180,192,1026.0,0.0,168.07199400166607,0.0,0.0,0.0,0.0,124.30000000000001,169.5,203.4,237.3,271.2
89,90,1712903091.352375,1036.0,128.4,22.0,126.0,278.4,0.0,165.33811163877206,0.0,0.0,0.0,0.0,0.0,0.0,3.894080996884735,0.0,0.0,0.0,1.0,4.0,89,450.9221226511965,126.0,0.0,0.0,0.0,0.0,0.0,142,146,160,167,180,192,1036.0,0.0,165.33811163877206,0.0,0.0,0.0,0.0,124.30000000000001,169.5,203.4,237.3,271.2
90,91,1712903093.9523752,1047.0,127.9,22.0,127.0,281.0000001430511,0.0,167.28477282961327,0.0,0.0,0.0,0.0,0.0,0.0,3.9093041438623923,0.0,0.0,0.0,1.0,4.0,89,456.23119862621803,127.0,0.0,0.0,0.0,0.0,0.0,142,146,160,167,180,192,1047.0,0.0,167.28477282961327,0.0,0.0,0.0,0.0,124.30000000000001,169.5,203.4,237.3,271.2
91,92,1712903096.652375,1057.0,127.9,22.0,128.0,283.69999995231626,0.0,167.28477282961327,0.0,0.0,0.0,0.0,0.0,0.0,3.9093041438623923,0.0,0.0,0.0,1.0,4.0,90,456.23119862621803,128.0,0.0,0.0,0.0,0.0,0.0,142,146,160,167,180,192,1057.0,0.0,167.28477282961327,0.0,0.0,0.0,0.0,124.30000000000001,169.5,203.4,237.3,271.2
92,93,1712903099.2523751,1067.0,128.3,23.0,129.0,286.3000000953674,0.0,165.72501813951465,0.0,0.0,0.0,0.0,0.0,0.0,3.8971161340607945,0.0,0.0,0.0,1.0,4.0,91,432.3261342769947,129.0,0.0,0.0,0.0,0.0,0.0,142,146,160,167,180,192,1067.0,0.0,165.72501813951465,0.0,0.0,0.0,0.0,124.30000000000001,169.5,203.4,237.3,271.2
93,94,1712903101.852375,1077.0,128.9,23.0,129.0,288.9,0.0,163.42153756975534,0.0,0.0,0.0,0.0,0.0,0.0,3.8789759503491075,0.0,0.0,0.0,1.0,4.0,92,426.31705452979656,129.0,0.0,0.0,0.0,0.0,0.0,142,146,160,167,180,192,1077.0,0.0,163.42153756975534,0.0,0.0,0.0,0.0,124.30000000000001,169.5,203.4,237.3,271.2
94,95,1712903104.652375,1088.0,127.4,24.0,129.0,291.69999995231626,0.0,169.26211386606337,0.0,0.0,0.0,0.0,0.0,0.0,3.924646781789639,0.0,0.0,0.0,1.0,4.0,94,423.15528466515843,129.0,0.0,0.0,0.0,0.0,0.0,142,146,160,167,180,192,1088.0,0.0,169.26211386606337,0.0,0.0,0.0,0.0,124.30000000000001,169.5,203.4,237.3,271.2
95,96,1712903107.2523751,1099.0,127.1,23.0,129.0,294.3000000953674,0.0,170.4634966421864,0.0,0.0,0.0,0.0,0.0,0.0,3.933910306845004,0.0,0.0,0.0,1.0,4.0,95,444.6873825448341,129.0,0.0,0.0,0.0,0.0,0.0,142,146,160,167,180,192,1099.0,0.0,0.0,170.4634966421864,0.0,0.0,0.0,124.30000000000001,169.5,203.4,237.3,271.2
96,97,1712903109.9523752,1109.0,127.1,23.0,129.0,297.0000001430511,0.0,170.4634966421864,0.0,0.0,0.0,0.0,0.0,0.0,3.933910306845004,0.0,0.0,0.0,1.0,4.0,96,444.6873825448341,129.0,0.0,0.0,0.0,0.0,0.0,142,146,160,167,180,192,1109.0,0.0,0.0,170.4634966421864,0.0,0.0,0.0,124.30000000000001,169.5,203.4,237.3,271.2
97,98,1712903112.652375,1120.0,127.6,22.0,129.0,299.69999995231626,0.0,168.46745735497575,0.0,0.0,0.0,0.0,0.0,0.0,3.918495297805643,0.0,0.0,0.0,1.0,4.0,97,459.4567018772066,129.0,0.0,0.0,0.0,0.0,0.0,142,146,160,167,180,192,1120.0,0.0,168.46745735497575,0.0,0.0,0.0,0.0,124.30000000000001,169.5,203.4,237.3,271.2
98,99,1712903115.2523751,1131.0,125.1,22.0,129.0,302.3000000953674,0.0,178.7706072115958,0.0,0.0,0.0,0.0,0.0,0.0,3.9968025579536373,0.0,0.0,0.0,1.0,4.0,98,487.5562014861704,129.0,0.0,0.0,0.0,0.0,0.0,142,146,160,167,180,192,1131.0,0.0,0.0,178.7706072115958,0.0,0.0,0.0,124.30000000000001,169.5,203.4,237.3,271.2
99,100,1712903117.852375,1141.0,124.9,23.0,129.0,304.9,0.0,179.63076904660622,0.0,0.0,0.0,0.0,0.0,0.0,4.00320256204964,0.0,0.0,0.0,1.0,4.0,99,468.602006208538,129.0,0.0,0.0,0.0,0.0,0.0,142,146,160,167,180,192,1141.0,0.0,0.0,179.63076904660622,0.0,0.0,0.0,124.30000000000001,169.5,203.4,237.3,271.2
100,101,1712903120.352375,1151.0,124.4,23.0,129.0,307.4,0.0,181.80545222541676,0.0,0.0,0.0,0.0,0.0,0.0,4.019292604501608,0.0,0.0,0.0,1.0,4.0,100,474.2750927619567,129.0,0.0,0.0,0.0,0.0,0.0,142,146,160,167,180,192,1151.0,0.0,0.0,181.80545222541676,0.0,0.0,0.0,124.30000000000001,169.5,203.4,237.3,271.2
101,102,1712903122.852375,1161.0,127.0,24.0,129.0,309.9,0.0,170.86648346525038,0.0,0.0,0.0,0.0,0.0,0.0,3.937007874015748,0.0,0.0,0.0,1.0,4.0,101,427.16620866312593,129.0,0.0,0.0,0.0,0.0,0.0,142,146,160,167,180,192,1161.0,0.0,0.0,170.86648346525038,0.0,0.0,0.0,124.30000000000001,169.5,203.4,237.3,271.2
102,103,1712903125.352375,1171.0,124.6,24.0,129.0,312.4,0.0,180.93138905138133,0.0,0.0,0.0,0.0,0.0,0.0,4.012841091492777,0.0,0.0,0.0,1.0,4.0,102,452.3284726284533,129.0,0.0,0.0,0.0,0.0,0.0,142,146,160,167,180,192,1171.0,0.0,0.0,180.93138905138133,0.0,0.0,0.0,124.30000000000001,169.5,203.4,237.3,271.2
103,104,1712903127.9523752,1181.0,124.9,23.0,129.0,315.0000001430511,0.0,179.63076904660622,0.0,0.0,0.0,0.0,0.0,0.0,4.00320256204964,0.0,0.0,0.0,1.0,4.0,103,468.602006208538,129.0,0.0,0.0,0.0,0.0,0.0,142,146,160,167,180,192,1181.0,0.0,0.0,179.63076904660622,0.0,0.0,0.0,124.30000000000001,169.5,203.4,237.3,271.2
104,105,1712903130.4523752,1191.0,126.6,24.0,130.0,317.5000001430511,0.0,172.4911935557511,0.0,0.0,0.0,0.0,0.0,0.0,3.949447077409163,0.0,0.0,0.0,1.0,4.0,104,431.22798388937775,130.0,0.0,0.0,0.0,0.0,0.0,142,146,160,167,180,192,1191.0,0.0,0.0,172.4911935557511,0.0,0.0,0.0,124.30000000000001,169.5,203.4,237.3,271.2
105,106,1712903133.052375,1201.0,128.0,23.0,131.0,320.1000000476837,0.0,166.89300537109375,0.0,0.0,0.0,0.0,0.0,0.0,3.90625,0.0,0.0,0.0,1.0,4.0,105,435.3730574898098,131.0,0.0,0.0,0.0,0.0,0.0,142,146,160,167,180,192,1201.0,0.0,166.89300537109375,0.0,0.0,0.0,0.0,124.30000000000001,169.5,203.4,237.3,271.2
106,107,1712903135.552375,1212.0,125.5,24.0,132.0,322.6000000476837,0.0,177.06668919629493,0.0,0.0,0.0,0.0,0.0,0.0,3.9840637450199203,0.0,0.0,0.0,1.0,4.0,106,442.6667229907373,132.0,0.0,0.0,0.0,0.0,0.0,142,146,160,167,180,192,1212.0,0.0,0.0,177.06668919629493,0.0,0.0,0.0,124.30000000000001,169.5,203.4,237.3,271.2
107,108,1712903137.9523752,1221.0,125.5,24.0,133.0,325.0000001430511,0.0,177.06668919629493,0.0,0.0,0.0,0.0,0.0,0.0,3.9840637450199203,0.0,0.0,0.0,1.0,4.0,106,442.6667229907373,133.0,0.0,0.0,0.0,0.0,0.0,142,146,160,167,180,192,1221.0,0.0,0.0,177.06668919629493,0.0,0.0,0.0,124.30000000000001,169.5,203.4,237.3,271.2
108,109,1712903140.552375,1232.0,123.3,24.0,134.0,327.6000000476837,0.0,186.71483042934926,0.0,0.0,0.0,0.0,0.0,0.0,4.0551500405515,0.0,0.0,0.0,1.0,4.0,108,466.78707607337316,134.0,0.0,0.0,0.0,0.0,0.0,142,146,160,167,180,192,1232.0,0.0,0.0,186.71483042934926,0.0,0.0,0.0,124.30000000000001,169.5,203.4,237.3,271.2
109,110,1712903143.152375,1242.0,123.7,23.0,135.0,330.19999995231626,0.0,184.90938129837184,0.0,0.0,0.0,0.0,0.0,0.0,4.042037186742118,0.0,0.0,0.0,1.0,4.0,108,482.3722990392309,135.0,0.0,0.0,0.0,0.0,0.0,142,146,160,167,180,192,1242.0,0.0,0.0,184.90938129837184,0.0,0.0,0.0,124.30000000000001,169.5,203.4,237.3,271.2
110,111,1712903145.7523751,1253.0,126.0,23.0,137.0,332.8000000953674,0.0,174.96710618403742,0.0,0.0,0.0,0.0,0.0,0.0,3.9682539682539684,0.0,0.0,0.0,1.0,4.0,109,456.43592917574983,137.0,0.0,0.0,0.0,0.0,0.0,142,146,160,167,180,192,1253.0,0.0,0.0,174.96710618403742,0.0,0.0,0.0,124.30000000000001,169.5,203.4,237.3,271.2
111,112,1712903148.352375,1263.0,125.5,23.0,137.0,335.4,0.0,177.06668919629493,0.0,0.0,0.0,0.0,0.0,0.0,3.9840637450199203,0.0,0.0,0.0,1.0,4.0,110,461.9131022512041,137.0,0.0,0.0,0.0,0.0,0.0,142,146,160,167,180,192,1263.0,0.0,0.0,177.06668919629493,0.0,0.0,0.0,124.30000000000001,169.5,203.4,237.3,271.2
112,113,1712903150.852375,1273.0,124.8,23.0,137.0,337.9,0.0,180.0629198696876,0.0,0.0,0.0,0.0,0.0,0.0,4.006410256410256,0.0,0.0,0.0,1.0,4.0,111,469.7293561817937,137.0,0.0,0.0,0.0,0.0,0.0,142,146,160,167,180,192,1273.0,0.0,0.0,180.0629198696876,0.0,0.0,0.0,124.30000000000001,169.5,203.4,237.3,271.2
113,114,1712903153.4523752,1283.0,125.0,24.0,137.0,340.5000001430511,0.0,179.2,0.0,0.0,0.0,0.0,0.0,0.0,4.0,0.0,0.0,0.0,1.0,4.0,112,448.0,137.0,0.0,0.0,0.0,0.0,0.0,142,146,160,167,180,192,1283.0,0.0,0.0,179.2,0.0,0.0,0.0,124.30000000000001,169.5,203.4,237.3,271.2
114,115,1712903155.852375,1293.0,124.6,23.0,137.0,342.9,0.0,180.93138905138133,0.0,0.0,0.0,0.0,0.0,0.0,4.012841091492777,0.0,0.0,0.0,1.0,4.0,113,471.9949279601252,137.0,0.0,0.0,0.0,0.0,0.0,142,146,160,167,180,192,1293.0,0.0,0.0,180.93138905138133,0.0,0.0,0.0,124.30000000000001,169.5,203.4,237.3,271.2
115,116,1712903158.352375,1303.0,125.4,24.0,137.0,345.4,0.0,177.49063160834382,0.0,0.0,0.0,0.0,0.0,0.0,3.987240829346092,0.0,0.0,0.0,1.0,4.0,114,443.72657902085956,137.0,0.0,0.0,0.0,0.0,0.0,142,146,160,167,180,192,1303.0,0.0,0.0,177.49063160834382,0.0,0.0,0.0,124.30000000000001,169.5,203.4,237.3,271.2
116,117,1712903160.9523752,1313.0,125.3,24.0,137.0,348.0000001430511,0.0,177.91592846827467,0.0,0.0,0.0,0.0,0.0,0.0,3.9904229848363926,0.0,0.0,0.0,1.0,4.0,115,444.7898211706867,137.0,0.0,0.0,0.0,0.0,0.0,142,146,160,167,180,192,1313.0,0.0,0.0,177.91592846827467,0.0,0.0,0.0,124.30000000000001,169.5,203.4,237.3,271.2
117,118,1712903163.4523752,1324.0,125.3,24.0,137.0,350.5000001430511,0.0,177.91592846827467,0.0,0.0,0.0,0.0,0.0,0.0,3.9904229848363926,0.0,0.0,0.0,1.0,4.0,116,444.7898211706867,137.0,0.0,0.0,0.0,0.0,0.0,142,146,160,167,180,192,1324.0,0.0,0.0,177.91592846827467,0.0,0.0,0.0,124.30000000000001,169.5,203.4,237.3,271.2
118,119,1712903165.9523752,1334.0,124.5,24.0,137.0,353.0000001430511,0.0,181.3677185800022,0.0,0.0,0.0,0.0,0.0,0.0,4.016064257028113,0.0,0.0,0.0,1.0,4.0,117,453.4192964500055,137.0,0.0,0.0,0.0,0.0,0.0,142,146,160,167,180,192,1334.0,0.0,0.0,181.3677185800022,0.0,0.0,0.0,124.30000000000001,169.5,203.4,237.3,271.2
119,120,1712903168.4523752,1344.0,123.7,24.0,137.0,355.5000001430511,0.0,184.90938129837184,0.0,0.0,0.0,0.0,0.0,0.0,4.042037186742118,0.0,0.0,0.0,1.0,4.0,118,462.2734532459296,137.0,0.0,0.0,0.0,0.0,0.0,142,146,160,167,180,192,1344.0,0.0,0.0,184.90938129837184,0.0,0.0,0.0,124.30000000000001,169.5,203.4,237.3,271.2
120,121,1712903170.9523752,1354.0,123.7,24.0,137.0,358.0000001430511,0.0,184.90938129837184,0.0,0.0,0.0,0.0,0.0,0.0,4.042037186742118,0.0,0.0,0.0,1.0,4.0,119,462.2734532459296,137.0,0.0,0.0,0.0,0.0,0.0,142,146,160,167,180,192,1354.0,0.0,0.0,184.90938129837184,0.0,0.0,0.0,124.30000000000001,169.5,203.4,237.3,271.2
121,122,1712903173.4523752,1364.0,123.7,24.0,138.0,360.5000001430511,0.0,184.90938129837184,0.0,0.0,0.0,0.0,0.0,0.0,4.042037186742118,0.0,0.0,0.0,1.0,4.0,120,462.2734532459296,138.0,0.0,0.0,0.0,0.0,0.0,142,146,160,167,180,192,1364.0,0.0,0.0,184.90938129837184,0.0,0.0,0.0,124.30000000000001,169.5,203.4,237.3,271.2
122,123,1712903175.7523751,1374.0,123.2,24.0,138.0,362.8000000953674,0.0,187.16986231006294,0.0,0.0,0.0,0.0,0.0,0.0,4.058441558441558,0.0,0.0,0.0,1.0,4.0,121,467.92465577515736,138.0,0.0,0.0,0.0,0.0,0.0,142,146,160,167,180,192,1374.0,0.0,0.0,187.16986231006294,0.0,0.0,0.0,124.30000000000001,169.5,203.4,237.3,271.2
123,124,1712903178.152375,1385.0,117.3,26.0,138.0,365.19999995231626,0.0,216.85728090176087,0.0,0.0,0.0,0.0,0.0,0.0,4.262574595055414,0.0,0.0,0.0,1.0,4.0,122,500.4398790040635,138.0,0.0,0.0,0.0,0.0,0.0,142,146,160,167,180,192,1385.0,0.0,0.0,0.0,216.85728090176087,0.0,0.0,124.30000000000001,169.5,203.4,237.3,271.2
124,125,1712903180.552375,1395.0,113.6,25.0,138.0,367.6000000476837,0.0,238.74432121393315,0.0,0.0,0.0,0.0,0.0,0.0,4.401408450704226,0.0,0.0,0.0,1.0,4.0,123,572.9863709134395,138.0,0.0,0.0,0.0,0.0,0.0,142,146,160,167,180,192,1395.0,0.0,0.0,0.0,0.0,238.74432121393315,0.0,124.30000000000001,169.5,203.4,237.3,271.2
125,126,1712903182.852375,1405.0,118.5,26.0,138.0,369.9,0.0,210.33570103724793,0.0,0.0,0.0,0.0,0.0,0.0,4.219409282700422,0.0,0.0,0.0,1.0,4.0,124,485.390079316726,138.0,0.0,0.0,0.0,0.0,0.0,142,146,160,167,180,192,1405.0,0.0,0.0,0.0,210.33570103724793,0.0,0.0,124.30000000000001,169.5,203.4,237.3,271.2
126,127,1712903185.2523751,1415.0,118.5,26.0,138.0,372.3000000953674,0.0,210.33570103724793,0.0,0.0,0.0,0.0,0.0,0.0,4.219409282700422,0.0,0.0,0.0,1.0,4.0,125,485.390079316726,138.0,0.0,0.0,0.0,0.0,0.0,142,146,160,167,180,192,1415.0,0.0,0.0,0.0,210.33570103724793,0.0,0.0,124.30000000000001,169.5,203.4,237.3,271.2
127,128,1712903187.552375,1425.0,117.3,25.0,138.0,374.6000000476837,0.0,216.85728090176087,0.0,0.0,0.0,0.0,0.0,0.0,4.262574595055414,0.0,0.0,0.0,1.0,4.0,126,520.457474164226,138.0,0.0,0.0,0.0,0.0,0.0,142,146,160,167,180,192,1425.0,0.0,0.0,0.0,216.85728090176087,0.0,0.0,124.30000000000001,169.5,203.4,237.3,271.2
128,129,1712903189.9523752,1435.0,117.3,25.0,139.0,377.0000001430511,0.0,216.85728090176087,0.0,0.0,0.0,0.0,0.0,0.0,4.262574595055414,0.0,0.0,0.0,1.0,4.0,127,520.457474164226,139.0,0.0,0.0,0.0,0.0,0.0,142,146,160,167,180,192,1435.0,0.0,0.0,0.0,216.85728090176087,0.0,0.0,124.30000000000001,169.5,203.4,237.3,271.2
129,130,1712903192.2523751,1445.0,116.8,25.0,140.0,379.3000000953674,0.0,219.65420212998401,0.0,0.0,0.0,0.0,0.0,0.0,4.280821917808219,0.0,0.0,0.0,1.0,4.0,128,527.1700851119617,140.0,0.0,0.0,0.0,0.0,0.0,142,146,160,167,180,192,1445.0,0.0,0.0,0.0,219.65420212998401,0.0,0.0,124.30000000000001,169.5,203.4,237.3,271.2
130,131,1712903194.7523751,1456.0,117.2,25.0,141.0,381.8000000953674,0.0,217.41285009630965,0.0,0.0,0.0,0.0,0.0,0.0,4.266211604095563,0.0,0.0,0.0,1.0,4.0,129,521.7908402311432,141.0,0.0,0.0,0.0,0.0,0.0,142,146,160,167,180,192,1456.0,0.0,0.0,0.0,217.41285009630965,0.0,0.0,124.30000000000001,169.5,203.4,237.3,271.2
131,132,1712903197.152375,1466.0,117.2,25.0,141.0,384.19999995231626,0.0,217.41285009630965,0.0,0.0,0.0,0.0,0.0,0.0,4.266211604095563,0.0,0.0,0.0,1.0,4.0,130,521.7908402311432,141.0,0.0,0.0,0.0,0.0,0.0,142,146,160,167,180,192,1466.0,0.0,0.0,0.0,217.41285009630965,0.0,0.0,124.30000000000001,169.5,203.4,237.3,271.2
132,133,1712903199.552375,1476.0,118.2,24.0,141.0,386.6000000476837,0.0,211.9413101715731,0.0,0.0,0.0,0.0,0.0,0.0,4.230118443316413,0.0,0.0,0.0,1.0,4.0,131,529.8532754289328,141.0,0.0,0.0,0.0,0.0,0.0,142,146,160,167,180,192,1476.0,0.0,0.0,0.0,211.9413101715731,0.0,0.0,124.30000000000001,169.5,203.4,237.3,271.2
133,134,1712903201.852375,1486.0,115.5,26.0,141.0,388.9,0.0,227.15489067319052,0.0,0.0,0.0,0.0,0.0,0.0,4.329004329004329,0.0,0.0,0.0,1.0,4.0,132,524.2035938612089,141.0,0.0,0.0,0.0,0.0,0.0,142,146,160,167,180,192,1486.0,0.0,0.0,0.0,227.15489067319052,0.0,0.0,124.30000000000001,169.5,203.4,237.3,271.2
134,135,1712903204.352375,1497.0,115.5,26.0,141.0,391.4,0.0,227.15489067319052,0.0,0.0,0.0,0.0,0.0,0.0,4.329004329004329,0.0,0.0,0.0,1.0,4.0,133,524.2035938612089,141.0,0.0,0.0,0.0,0.0,0.0,142,146,160,167,180,192,1497.0,0.0,0.0,0.0,227.15489067319052,0.0,0.0,124.30000000000001,169.5,203.4,237.3,271.2
135,136,1712903206.9523752,1507.0,116.9,25.0,141.0,394.0000001430511,0.0,219.09098650172973,0.0,0.0,0.0,0.0,0.0,0.0,4.27715996578272,0.0,0.0,0.0,1.0,4.0,135,525.8183676041514,141.0,0.0,0.0,0.0,0.0,0.0,142,146,160,167,180,192,1507.0,0.0,0.0,0.0,219.09098650172973,0.0,0.0,124.30000000000001,169.5,203.4,237.3,271.2
136,137,1712903209.852375,1518.0,123.0,23.0,141.0,396.9,0.0,188.08437142471763,0.0,0.0,0.0,0.0,0.0,0.0,4.065040650406504,0.0,0.0,0.0,1.0,4.0,136,490.65488197752427,141.0,0.0,0.0,0.0,0.0,0.0,142,146,160,167,180,192,1518.0,0.0,0.0,188.08437142471763,0.0,0.0,0.0,124.30000000000001,169.5,203.4,237.3,271.2
137,138,1712903212.7523751,1528.0,139.7,20.0,141.0,399.8000000953674,0.0,128.37451800544736,0.0,0.0,0.0,0.0,0.0,0.0,3.579098067287044,0.0,0.0,0.0,1.0,4.0,137,385.1235540163421,141.0,0.0,0.0,0.0,0.0,0.0,142,146,160,167,180,192,1528.0,0.0,128.37451800544736,0.0,0.0,0.0,0.0,124.30000000000001,169.5,203.4,237.3,271.2
138,139,1712903215.652375,1539.0,142.9,21.0,141.0,402.69999995231626,0.0,119.94201979460104,0.0,0.0,0.0,0.0,0.0,0.0,3.498950314905528,0.0,0.0,0.0,1.0,4.0,138,342.6914851274315,141.0,0.0,0.0,0.0,0.0,0.0,142,146,160,167,180,192,1539.0,119.94201979460104,0.0,0.0,0.0,0.0,0.0,124.30000000000001,169.5,203.4,237.3,271.2
139,140,1712903218.852375,1550.0,139.4,19.0,140.0,405.9,0.0,129.20511979613713,0.0,0.0,0.0,0.0,0.0,0.0,3.5868005738880915,0.0,0.0,0.0,1.0,4.0,139,408.01616777727514,140.0,0.0,0.0,0.0,0.0,0.0,142,146,160,167,180,192,1550.0,0.0,129.20511979613713,0.0,0.0,0.0,0.0,124.30000000000001,169.5,203.4,237.3,271.2
140,141,1712903222.152375,1562.0,139.4,19.0,138.0,409.19999995231626,0.0,129.20511979613713,0.0,0.0,0.0,0.0,0.0,0.0,3.5868005738880915,0.0,0.0,0.0,1.0,4.0,140,408.01616777727514,138.0,0.0,0.0,0.0,0.0,0.0,142,146,160,167,180,192,1562.0,0.0,129.20511979613713,0.0,0.0,0.0,0.0,124.30000000000001,169.5,203.4,237.3,271.2
141,142,1712903225.152375,1573.0,138.6,18.0,137.0,412.19999995231626,0.0,131.45537654698532,0.0,0.0,0.0,0.0,0.0,0.0,3.6075036075036078,0.0,0.0,0.0,1.0,4.0,141,438.18458848995107,137.0,0.0,0.0,0.0,0.0,0.0,142,146,160,167,180,192,1573.0,0.0,131.45537654698532,0.0,0.0,0.0,0.0,124.30000000000001,169.5,203.4,237.3,271.2
142,143,1712903228.2523751,1585.0,136.7,20.0,135.0,415.3000000953674,0.0,137.0132287325386,0.0,0.0,0.0,0.0,0.0,0.0,3.65764447695684,0.0,0.0,0.0,1.0,4.0,142,411.0396861976158,135.0,0.0,0.0,0.0,0.0,0.0,142,146,160,167,180,192,1585.0,0.0,137.0132287325386,0.0,0.0,0.0,0.0,124.30000000000001,169.5,203.4,237.3,271.2
143,144,1712903231.652375,1597.0,138.0,18.0,135.0,418.69999995231626,0.0,133.17747763379393,0.0,0.0,0.0,0.0,0.0,0.0,3.6231884057971016,0.0,0.0,0.0,1.0,4.0,143,443.9249254459798,135.0,0.0,0.0,0.0,0.0,0.0,142,146,160,167,180,192,1597.0,0.0,133.17747763379393,0.0,0.0,0.0,0.0,124.30000000000001,169.5,203.4,237.3,271.2
144,145,1712903235.052375,1609.0,138.0,18.0,135.0,422.1000000476837,0.0,133.17747763379393,0.0,0.0,0.0,0.0,0.0,0.0,3.6231884057971016,0.0,0.0,0.0,1.0,4.0,144,443.9249254459798,135.0,0.0,0.0,0.0,0.0,0.0,142,146,160,167,180,192,1609.0,0.0,133.17747763379393,0.0,0.0,0.0,0.0,124.30000000000001,169.5,203.4,237.3,271.2
145,146,1712903238.352375,1621.0,137.4,19.0,134.0,425.4,0.0,134.92979054026696,0.0,0.0,0.0,0.0,0.0,0.0,3.6390101892285296,0.0,0.0,0.0,1.0,4.0,145,426.09407539031673,134.0,0.0,0.0,0.0,0.0,0.0,142,146,160,167,180,192,1621.0,0.0,134.92979054026696,0.0,0.0,0.0,0.0,124.30000000000001,169.5,203.4,237.3,271.2
146,147,1712903241.552375,1633.0,137.4,19.0,134.0,428.6000000476837,0.0,134.92979054026696,0.0,0.0,0.0,0.0,0.0,0.0,3.6390101892285296,0.0,0.0,0.0,1.0,4.0,146,426.09407539031673,134.0,0.0,0.0,0.0,0.0,0.0,142,146,160,167,180,192,1633.0,0.0,134.92979054026696,0.0,0.0,0.0,0.0,124.30000000000001,169.5,203.4,237.3,271.2
147,148,1712903244.852375,1645.0,139.7,18.0,134.0,431.9,0.0,128.37451800544736,0.0,0.0,0.0,0.0,0.0,0.0,3.579098067287044,0.0,0.0,0.0,1.0,4.0,147,427.9150600181579,134.0,0.0,0.0,0.0,0.0,0.0,142,146,160,167,180,192,1645.0,0.0,128.37451800544736,0.0,0.0,0.0,0.0,124.30000000000001,169.5,203.4,237.3,271.2
148,149,1712903248.152375,1657.0,135.8,18.0,133.0,435.19999995231626,0.0,139.75544407269987,0.0,0.0,0.0,0.0,0.0,0.0,3.681885125184094,0.0,0.0,0.0,1.0,4.0,148,465.8514802423329,133.0,0.0,0.0,0.0,0.0,0.0,142,146,160,167,180,192,1657.0,0.0,139.75544407269987,0.0,0.0,0.0,0.0,124.30000000000001,169.5,203.4,237.3,271.2
149,150,1712903251.352375,1669.0,135.8,18.0,132.0,438.4,0.0,139.75544407269987,0.0,0.0,0.0,0.0,0.0,0.0,3.681885125184094,0.0,0.0,0.0,1.0,4.0,149,465.8514802423329,132.0,0.0,0.0,0.0,0.0,0.0,142,146,160,167,180,192,1669.0,0.0,139.75544407269987,0.0,0.0,0.0,0.0,124.30000000000001,169.5,203.4,237.3,271.2
150,151,1712903254.7523751,1681.0,136.1,19.0,132.0,441.8000000953674,0.0,138.83330702951224,0.0,0.0,0.0,0.0,0.0,0.0,3.6737692872887586,0.0,0.0,0.0,1.0,4.0,150,438.4209695668808,132.0,0.0,0.0,0.0,0.0,0.0,142,146,160,167,180,192,1681.0,0.0,138.83330702951224,0.0,0.0,0.0,0.0,124.30000000000001,169.5,203.4,237.3,271.2
151,152,1712903258.052375,1693.0,138.1,18.0,132.0,445.1000000476837,0.0,132.88838046064524,0.0,0.0,0.0,0.0,0.0,0.0,3.6205648081100654,0.0,0.0,0.0,1.0,4.0,151,442.9612682021508,132.0,0.0,0.0,0.0,0.0,0.0,142,146,160,167,180,192,1693.0,0.0,132.88838046064524,0.0,0.0,0.0,0.0,124.30000000000001,169.5,203.4,237.3,271.2
152,153,1712903261.2523751,1705.0,138.1,18.0,132.0,448.3000000953674,0.0,132.88838046064524,0.0,0.0,0.0,0.0,0.0,0.0,3.6205648081100654,0.0,0.0,0.0,1.0,4.0,152,442.9612682021508,132.0,0.0,0.0,0.0,0.0,0.0,142,146,160,167,180,192,1705.0,0.0,132.88838046064524,0.0,0.0,0.0,0.0,124.30000000000001,169.5,203.4,237.3,271.2
153,154,1712903264.4523752,1716.0,137.5,19.0,131.0,451.5000001430511,0.0,134.63561232156272,0.0,0.0,0.0,0.0,0.0,0.0,3.6363636363636362,0.0,0.0,0.0,1.0,4.0,153,425.165091541777,131.0,0.0,0.0,0.0,0.0,0.0,142,146,160,167,180,192,1716.0,0.0,134.63561232156272,0.0,0.0,0.0,0.0,124.30000000000001,169.5,203.4,237.3,271.2
154,155,1712903267.652375,1728.0,140.2,18.0,130.0,454.69999995231626,0.0,127.00593131633615,0.0,0.0,0.0,0.0,0.0,0.0,3.566333808844508,0.0,0.0,0.0,1.0,4.0,154,423.3531043877872,130.0,0.0,0.0,0.0,0.0,0.0,142,146,160,167,180,192,1728.0,0.0,127.00593131633615,0.0,0.0,0.0,0.0,124.30000000000001,169.5,203.4,237.3,271.2
155,156,1712903270.9523752,1740.0,141.8,19.0,129.0,458.0000001430511,0.0,122.75504555574418,0.0,0.0,0.0,0.0,0.0,0.0,3.5260930888575457,0.0,0.0,0.0,1.0,4.0,155,387.6475122812974,129.0,0.0,0.0,0.0,0.0,0.0,142,146,160,167,180,192,1740.0,122.75504555574418,0.0,0.0,0.0,0.0,0.0,124.30000000000001,169.5,203.4,237.3,271.2
156,157,1712903274.052375,1751.0,138.0,18.0,129.0,461.1000000476837,0.0,133.17747763379393,0.0,0.0,0.0,0.0,0.0,0.0,3.6231884057971016,0.0,0.0,0.0,1.0,4.0,156,443.9249254459798,129.0,0.0,0.0,0.0,0.0,0.0,142,146,160,167,180,192,1751.0,0.0,133.17747763379393,0.0,0.0,0.0,0.0,124.30000000000001,169.5,203.4,237.3,271.2
157,158,1712903277.152375,1762.0,137.8,19.0,127.0,464.19999995231626,0.0,133.75819256317956,0.0,0.0,0.0,0.0,0.0,0.0,3.6284470246734393,0.0,0.0,0.0,1.0,4.0,157,422.39429230477754,127.0,0.0,0.0,0.0,0.0,0.0,142,146,160,167,180,192,1762.0,0.0,133.75819256317956,0.0,0.0,0.0,0.0,124.30000000000001,169.5,203.4,237.3,271.2
158,159,1712903280.2523751,1774.0,135.2,19.0,126.0,467.3000000953674,0.0,141.6243630108422,0.0,0.0,0.0,0.0,0.0,0.0,3.6982248520710064,0.0,0.0,0.0,1.0,4.0,158,447.2348305605543,126.0,0.0,0.0,0.0,0.0,0.0,142,146,160,167,180,192,1774.0,0.0,141.6243630108422,0.0,0.0,0.0,0.0,124.30000000000001,169.5,203.4,237.3,271.2
159,160,1712903282.9523752,1784.0,137.6,20.0,126.0,470.0000001430511,0.0,134.34228865068488,0.0,0.0,0.0,0.0,0.0,0.0,3.6337209302325584,0.0,0.0,0.0,1.0,4.0,158,403.02686595205466,126.0,0.0,0.0,0.0,0.0,0.0,142,146,160,167,180,192,1784.0,0.0,134.34228865068488,0.0,0.0,0.0,0.0,124.30000000000001,169.5,203.4,237.3,271.2
160,161,1712903285.852375,1795.0,136.5,22.0,126.0,472.9,0.0,137.61636754028973,0.0,0.0,0.0,0.0,0.0,0.0,3.663003663003663,0.0,0.0,0.0,1.0,4.0,160,375.31736601897205,126.0,0.0,0.0,0.0,0.0,0.0,142,146,160,167,180,192,1795.0,0.0,137.61636754028973,0.0,0.0,0.0,0.0,124.30000000000001,169.5,203.4,237.3,271.2
161,162,1712903288.552375,1805.0,130.0,21.0,126.0,475.6000000476837,0.0,159.30814747382794,0.0,0.0,0.0,0.0,0.0,0.0,3.8461538461538463,0.0,0.0,0.0,1.0,4.0,161,455.1661356395084,126.0,0.0,0.0,0.0,0.0,0.0,142,146,160,167,180,192,1805.0,0.0,159.30814747382794,0.0,0.0,0.0,0.0,124.30000000000001,169.5,203.4,237.3,271.2
162,163,1712903291.152375,1816.0,128.5,22.0,126.0,478.19999995231626,0.0,164.95240857910406,0.0,0.0,0.0,0.0,0.0,0.0,3.8910505836575875,0.0,0.0,0.0,1.0,4.0,161,449.87020521573834,126.0,0.0,0.0,0.0,0.0,0.0,142,146,160,167,180,192,1816.0,0.0,164.95240857910406,0.0,0.0,0.0,0.0,124.30000000000001,169.5,203.4,237.3,271.2
163,164,1712903293.852375,1826.0,127.6,23.0,127.0,480.9,0.0,168.46745735497575,0.0,0.0,0.0,0.0,0.0,0.0,3.918495297805643,0.0,0.0,0.0,1.0,4.0,162,439.4803235347194,127.0,0.0,0.0,0.0,0.0,0.0,142,146,160,167,180,192,1826.0,0.0,168.46745735497575,0.0,0.0,0.0,0.0,124.30000000000001,169.5,203.4,237.3,271.2
164,165,1712903296.552375,1836.0,129.9,22.0,127.0,483.6000000476837,0.0,159.67634797731637,0.0,0.0,0.0,0.0,0.0,0.0,3.8491147036181674,0.0,0.0,0.0,1.0,4.0,163,435.48094902904467,127.0,0.0,0.0,0.0,0.0,0.0,142,146,160,167,180,192,1836.0,0.0,159.67634797731637,0.0,0.0,0.0,0.0,124.30000000000001,169.5,203.4,237.3,271.2
165,166,1712903299.052375,1846.0,129.9,22.0,127.0,486.1000000476837,0.0,159.67634797731637,0.0,0.0,0.0,0.0,0.0,0.0,3.8491147036181674,0.0,0.0,0.0,1.0,4.0,164,435.48094902904467,127.0,0.0,0.0,0.0,0.0,0.0,142,146,160,167,180,192,1846.0,0.0,159.67634797731637,0.0,0.0,0.0,0.0,124.30000000000001,169.5,203.4,237.3,271.2
166,167,1712903301.552375,1856.0,127.2,24.0,127.0,488.6000000476837,0.0,170.06177607714443,0.0,0.0,0.0,0.0,0.0,0.0,3.930817610062893,0.0,0.0,0.0,1.0,4.0,165,425.1544401928611,127.0,0.0,0.0,0.0,0.0,0.0,142,146,160,167,180,192,1856.0,0.0,0.0,170.06177607714443,0.0,0.0,0.0,124.30000000000001,169.5,203.4,237.3,271.2
167,168,1712903304.052375,1866.0,127.6,23.0,128.0,491.1000000476837,0.0,168.46745735497575,0.0,0.0,0.0,0.0,0.0,0.0,3.918495297805643,0.0,0.0,0.0,1.0,4.0,166,439.4803235347194,128.0,0.0,0.0,0.0,0.0,0.0,142,146,160,167,180,192,1866.0,0.0,168.46745735497575,0.0,0.0,0.0,0.0,124.30000000000001,169.5,203.4,237.3,271.2
168,169,1712903306.552375,1876.0,125.8,24.0,128.0,493.6000000476837,0.0,175.80293489960258,0.0,0.0,0.0,0.0,0.0,0.0,3.97456279809221,0.0,0.0,0.0,1.0,4.0,167,439.50733724900647,128.0,0.0,0.0,0.0,0.0,0.0,142,146,160,167,180,192,1876.0,0.0,0.0,175.80293489960258,0.0,0.0,0.0,124.30000000000001,169.5,203.4,237.3,271.2
169,170,1712903309.152375,1887.0,125.4,24.0,128.0,496.19999995231626,0.0,177.49063160834382,0.0,0.0,0.0,0.0,0.0,0.0,3.987240829346092,0.0,0.0,0.0,1.0,4.0,168,443.72657902085956,128.0,0.0,0.0,0.0,0.0,0.0,142,146,160,167,180,192,1887.0,0.0,0.0,177.49063160834382,0.0,0.0,0.0,124.30000000000001,169.5,203.4,237.3,271.2
170,171,1712903311.652375,1896.0,125.6,24.0,129.0,498.69999995231626,0.0,176.64409584451045,0.0,0.0,0.0,0.0,0.0,0.0,3.980891719745223,0.0,0.0,0.0,1.0,4.0,169,441.6102396112761,129.0,0.0,0.0,0.0,0.0,0.0,142,146,160,167,180,192,1896.0,0.0,0.0,176.64409584451045,0.0,0.0,0.0,124.30000000000001,169.5,203.4,237.3,271.2
171,172,1712903314.152375,1907.0,125.7,24.0,129.0,501.19999995231626,0.0,176.22284619106904,0.0,0.0,0.0,0.0,0.0,0.0,3.977724741447892,0.0,0.0,0.0,1.0,4.0,170,440.5571154776726,129.0,0.0,0.0,0.0,0.0,0.0,142,146,160,167,180,192,1907.0,0.0,0.0,176.22284619106904,0.0,0.0,0.0,124.30000000000001,169.5,203.4,237.3,271.2
172,173,1712903316.852375,1917.0,125.3,24.0,129.0,503.9,0.0,177.91592846827467,0.0,0.0,0.0,0.0,0.0,0.0,3.9904229848363926,0.0,0.0,0.0,1.0,4.0,171,444.7898211706867,129.0,0.0,0.0,0.0,0.0,0.0,142,146,160,167,180,192,1917.0,0.0,0.0,177.91592846827467,0.0,0.0,0.0,124.30000000000001,169.5,203.4,237.3,271.2
173,174,1712903319.552375,1927.0,129.1,22.0,129.0,506.6000000476837,0.0,162.66320218089194,0.0,0.0,0.0,0.0,0.0,0.0,3.872966692486445,0.0,0.0,0.0,1.0,4.0,172,443.6269150387962,129.0,0.0,0.0,0.0,0.0,0.0,142,146,160,167,180,192,1927.0,0.0,162.66320218089194,0.0,0.0,0.0,0.0,124.30000000000001,169.5,203.4,237.3,271.2
174,175,1712903322.2523751,1937.0,135.3,22.0,129.0,509.3000000953674,0.0,141.31057206966008,0.0,0.0,0.0,0.0,0.0,0.0,3.695491500369549,0.0,0.0,0.0,1.0,4.0,173,385.3924692808912,129.0,0.0,0.0,0.0,0.0,0.0,142,146,160,167,180,192,1937.0,0.0,141.31057206966008,0.0,0.0,0.0,0.0,124.30000000000001,169.5,203.4,237.3,271.2
175,176,1712903325.152375,1948.0,135.3,22.0,130.0,512.1999999523163,0.0,141.31057206966008,0.0,0.0,0.0,0.0,0.0,0.0,3.695491500369549,0.0,0.0,0.0,1.0,4.0,175,385.3924692808912,130.0,0.0,0.0,0.0,0.0,0.0,142,146,160,167,180,192,1948.0,0.0,141.31057206966008,0.0,0.0,0.0,0.0,124.30000000000001,169.5,203.4,237.3,271.2
176,177,1712903328.052375,1959.0,131.3,21.0,130.0,515.1000000476837,0.0,154.6229184227016,0.0,0.0,0.0,0.0,0.0,0.0,3.8080731150038076,0.0,0.0,0.0,1.0,4.0,176,441.7797669220045,130.0,0.0,0.0,0.0,0.0,0.0,142,146,160,167,180,192,1959.0,0.0,154.6229184227016,0.0,0.0,0.0,0.0,124.30000000000001,169.5,203.4,237.3,271.2
177,178,1712903330.9523752,1970.0,134.5,21.0,130.0,518.0000001430511,0.0,143.8471266716256,0.0,0.0,0.0,0.0,0.0,0.0,3.717472118959108,0.0,0.0,0.0,1.0,4.0,177,410.9917904903589,130.0,0.0,0.0,0.0,0.0,0.0,142,146,160,167,180,192,1970.0,0.0,143.8471266716256,0.0,0.0,0.0,0.0,124.30000000000001,169.5,203.4,237.3,271.2
178,179,1712903333.852375,1981.0,134.5,21.0,130.0,520.9,0.0,143.8471266716256,0.0,0.0,0.0,0.0,0.0,0.0,3.717472118959108,0.0,0.0,0.0,1.0,4.0,178,410.9917904903589,130.0,0.0,0.0,0.0,0.0,0.0,142,146,160,167,180,192,1981.0,0.0,143.8471266716256,0.0,0.0,0.0,0.0,124.30000000000001,169.5,203.4,237.3,271.2
179,180,1712903336.852375,1992.0,133.4,20.0,130.0,523.9,0.0,147.43498692494296,0.0,0.0,0.0,0.0,0.0,0.0,3.748125937031484,0.0,0.0,0.0,1.0,4.0,179,442.3049607748288,130.0,0.0,0.0,0.0,0.0,0.0,142,146,160,167,180,192,1992.0,0.0,147.43498692494296,0.0,0.0,0.0,0.0,124.30000000000001,169.5,203.4,237.3,271.2
