Stroke count,Interval count,Drive length (m),Drive time (s),Stroke recovery time (s),Stroke distance (m),Peak drive force (kg,Avg. drive force (kg,Work per stroke (J),Stroke power (W),Stroke calories (cal/hr),Projected work time,Projected work distance,Time to peak (%),Plot
1,1,0.97,1.02,1.9,2.33,37.2,24.1,0,33,413,0:00,4093 m,45,0.0 - 68.0 - 68.0 - 66.0 - 66.0 - 68.0 - 70.0 - 71.0 - 71.0 - 75.0 - 79.0 - 80.0 - 80.0 - 80.0 - 82.0 - 79.0 - 77.0 - 72.0 - 64.0 - 62.0 - 57.0 - 51.0 - 37.0 - 35.0 - 29.0 - 21.0 - 13.0 - 17.0 - 10.0 - 5.0 - 0.0 - 0.0 - 0.0
2,1,1.18,1,2.28,7.92,43,26.7,148,48,466,0:00,4645 m,50,0.0 - 11.0 - 11.0 - 11.0 - 28.0 - 28.0 - 36.0 - 36.0 - 43.0 - 43.0 - 50.0 - 50.0 - 57.0 - 57.0 - 63.0 - 63.0 - 72.0 - 72.0 - 76.0 - 76.0 - 81.0 - 81.0 - 85.0 - 88.0 - 88.0 - 90.0 - 90.0 - 92.0 - 92.0 - 93.0 - 94.0 - 94.0 - 92.0 - 92.0 - 93.0 - 89.0 - 89.0 - 94.0 - 87.0 - 87.0 - 91.0 - 91.0 - 83.0 - 81.0 - 81.0 - 70.0 - 69.0 - 57.0 - 57.0 - 55.0 - 39.0 - 39.0 - 32.0 - 26.0 - 26.0 - 19.0 - 15.0 - 15.0 - 9.0 - 5.0 - 5.0 - 0.0
3,1,1.15,0.87,2.53,9.27,34.8,23.9,202,61,509,0:00,5017 m,47,14.0 - 26.0 - 26.0 - 36.0 - 36.0 - 41.0 - 46.0 - 46.0 - 46.0 - 46.0 - 50.0 - 50.0 - 55.0 - 58.0 - 58.0 - 63.0 - 63.0 - 65.0 - 69.0 - 69.0 - 71.0 - 73.0 - 73.0 - 74.0 - 76.0 - 76.0 - 75.0 - 73.0 - 73.0 - 74.0 - 75.0 - 75.0 - 72.0 - 72.0 - 72.0 - 70.0 - 69.0 - 69.0 - 69.0 - 66.0 - 56.0 - 56.0 - 52.0 - 49.0 - 49.0 - 42.0 - 35.0 - 25.0 - 25.0 - 18.0 - 12.0 - 12.0 - 9.0
4,1,1.12,0.81,2.64,10.16,39.3,27.8,238,68,534,0:00,5208 m,33,21.0 - 36.0 - 51.0 - 51.0 - 57.0 - 57.0 - 63.0 - 70.0 - 70.0 - 76.0 - 76.0 - 78.0 - 84.0 - 84.0 - 79.0 - 86.0 - 86.0 - 82.0 - 83.0 - 83.0 - 82.0 - 79.0 - 79.0 - 78.0 - 81.0 - 81.0 - 82.0 - 78.0 - 74.0 - 74.0 - 76.0 - 78.0 - 78.0 - 77.0 - 74.0 - 66.0 - 66.0 - 64.0 - 58.0 - 51.0 - 51.0 - 43.0 - 35.0 - 24.0 - 24.0 - 19.0 - 11.0 - 7.0 - 7.0
5,1,1.12,0.81,2.76,10.7,33.5,25.4,263,73,551,0:00,5330 m,45,19.0 - 33.0 - 33.0 - 44.0 - 52.0 - 52.0 - 56.0 - 61.0 - 61.0 - 67.0 - 67.0 - 67.0 - 71.0 - 71.0 - 67.0 - 71.0 - 71.0 - 68.0 - 67.0 - 67.0 - 72.0 - 73.0 - 73.0 - 71.0 - 67.0 - 67.0 - 71.0 - 70.0 - 70.0 - 71.0 - 70.0 - 71.0 - 71.0 - 71.0 - 67.0 - 63.0 - 63.0 - 62.0 - 61.0 - 61.0 - 55.0 - 51.0 - 44.0 - 44.0 - 35.0 - 26.0 - 15.0 - 15.0 - 8.0
6,1,1.21,0.84,2.65,11.11,41.1,29,270,72,547,0:00,5302 m,46,13.0 - 31.0 - 31.0 - 40.0 - 40.0 - 53.0 - 57.0 - 57.0 - 66.0 - 66.0 - 69.0 - 69.0 - 69.0 - 76.0 - 77.0 - 77.0 - 86.0 - 83.0 - 83.0 - 89.0 - 89.0 - 89.0 - 88.0 - 90.0 - 90.0 - 89.0 - 86.0 - 86.0 - 85.0 - 83.0 - 83.0 - 83.0 - 86.0 - 85.0 - 82.0 - 82.0 - 78.0 - 78.0 - 70.0 - 70.0 - 68.0 - 64.0 - 56.0 - 56.0 - 51.0 - 38.0 - 32.0 - 23.0 - 23.0 - 16.0 - 8.0 - 0.0
7,1,1.18,0.8,2.78,11.07,43.9,29.7,288,79,573,0:00,5486 m,51,17.0 - 33.0 - 33.0 - 38.0 - 49.0 - 49.0 - 46.0 - 46.0 - 61.0 - 64.0 - 64.0 - 74.0 - 73.0 - 73.0 - 84.0 - 84.0 - 84.0 - 88.0 - 90.0 - 90.0 - 94.0 - 92.0 - 92.0 - 94.0 - 96.0 - 91.0 - 91.0 - 92.0 - 90.0 - 92.0 - 92.0 - 88.0 - 93.0 - 84.0 - 84.0 - 84.0 - 74.0 - 70.0 - 70.0 - 68.0 - 60.0 - 52.0 - 40.0 - 40.0 - 34.0 - 21.0 - 17.0 - 6.0 - 6.0
8,1,1.18,0.8,2.67,11.55,41.7,27.9,305,81,579,0:00,5524 m,40,12.0 - 27.0 - 40.0 - 40.0 - 52.0 - 52.0 - 60.0 - 66.0 - 66.0 - 73.0 - 80.0 - 80.0 - 79.0 - 88.0 - 88.0 - 83.0 - 86.0 - 86.0 - 87.0 - 91.0 - 91.0 - 90.0 - 87.0 - 87.0 - 90.0 - 87.0 - 85.0 - 85.0 - 82.0 - 80.0 - 81.0 - 81.0 - 79.0 - 75.0 - 71.0 - 71.0 - 65.0 - 57.0 - 51.0 - 51.0 - 45.0 - 34.0 - 33.0 - 23.0 - 23.0 - 21.0 - 9.0 - 5.0 - 5.0 - 0.0
9,1,1.18,0.8,2.77,11.12,44.4,29.2,289,79,573,0:00,5483 m,44,13.0 - 34.0 - 34.0 - 48.0 - 59.0 - 59.0 - 65.0 - 66.0 - 66.0 - 75.0 - 75.0 - 70.0 - 78.0 - 78.0 - 80.0 - 87.0 - 87.0 - 88.0 - 93.0 - 93.0 - 97.0 - 93.0 - 97.0 - 97.0 - 97.0 - 92.0 - 89.0 - 89.0 - 86.0 - 83.0 - 82.0 - 82.0 - 79.0 - 74.0 - 73.0 - 73.0 - 69.0 - 63.0 - 54.0 - 54.0 - 49.0 - 40.0 - 36.0 - 24.0 - 24.0 - 22.0 - 14.0 - 12.0
10,1,1.18,0.8,3.05,11.48,39.4,28.8,301,80,576,0:00,5503 m,50,28.0 - 48.0 - 48.0 - 62.0 - 60.0 - 60.0 - 68.0 - 68.0 - 69.0 - 75.0 - 75.0 - 72.0 - 78.0 - 78.0 - 74.0 - 80.0 - 80.0 - 80.0 - 79.0 - 79.0 - 82.0 - 84.0 - 84.0 - 84.0 - 86.0 - 82.0 - 82.0 - 80.0 - 78.0 - 82.0 - 82.0 - 76.0 - 81.0 - 77.0 - 77.0 - 74.0 - 67.0 - 62.0 - 57.0 - 57.0 - 52.0 - 46.0 - 36.0 - 36.0 - 30.0 - 23.0 - 17.0 - 10.0 - 10.0 - 0.0
11,1,1.18,0.82,2.8,12.18,43.8,29.3,308,76,562,0:00,5410 m,54,15.0 - 33.0 - 33.0 - 44.0 - 55.0 - 55.0 - 57.0 - 57.0 - 63.0 - 66.0 - 66.0 - 67.0 - 75.0 - 75.0 - 74.0 - 83.0 - 83.0 - 80.0 - 88.0 - 88.0 - 90.0 - 95.0 - 95.0 - 88.0 - 92.0 - 92.0 - 96.0 - 93.0 - 93.0 - 90.0 - 88.0 - 86.0 - 86.0 - 81.0 - 87.0 - 79.0 - 79.0 - 80.0 - 66.0 - 60.0 - 55.0 - 55.0 - 48.0 - 40.0 - 32.0 - 32.0 - 23.0 - 15.0 - 10.0 - 10.0
12,1,1.18,0.81,2.79,11.48,40.9,26.9,293,77,566,0:00,5434 m,49,23.0 - 38.0 - 46.0 - 46.0 - 46.0 - 46.0 - 52.0 - 54.0 - 54.0 - 63.0 - 63.0 - 61.0 - 72.0 - 72.0 - 72.0 - 78.0 - 78.0 - 79.0 - 81.0 - 81.0 - 84.0 - 87.0 - 87.0 - 90.0 - 83.0 - 87.0 - 87.0 - 88.0 - 84.0 - 84.0 - 82.0 - 77.0 - 79.0 - 79.0 - 76.0 - 76.0 - 65.0 - 65.0 - 61.0 - 54.0 - 47.0 - 40.0 - 40.0 - 31.0 - 24.0 - 17.0 - 17.0 - 10.0 - 4.0
13,1,1.21,0.83,3.05,11.41,40.7,29.2,288,76,560,0:00,5397 m,56,19.0 - 36.0 - 47.0 - 47.0 - 53.0 - 53.0 - 61.0 - 64.0 - 64.0 - 73.0 - 73.0 - 69.0 - 79.0 - 79.0 - 79.0 - 84.0 - 84.0 - 85.0 - 87.0 - 87.0 - 86.0 - 88.0 - 88.0 - 88.0 - 83.0 - 87.0 - 87.0 - 89.0 - 84.0 - 84.0 - 83.0 - 83.0 - 83.0 - 83.0 - 83.0 - 80.0 - 73.0 - 73.0 - 73.0 - 68.0 - 62.0 - 52.0 - 52.0 - 46.0 - 38.0 - 30.0 - 24.0 - 24.0 - 17.0 - 14.0
14,1,1.18,0.82,2.95,12.18,42.5,28.7,308,76,562,0:00,5409 m,54,12.0 - 28.0 - 28.0 - 42.0 - 46.0 - 46.0 - 55.0 - 55.0 - 59.0 - 68.0 - 68.0 - 64.0 - 64.0 - 74.0 - 73.0 - 73.0 - 86.0 - 84.0 - 84.0 - 88.0 - 89.0 - 89.0 - 91.0 - 89.0 - 89.0 - 92.0 - 93.0 - 90.0 - 90.0 - 87.0 - 86.0 - 85.0 - 85.0 - 85.0 - 82.0 - 73.0 - 73.0 - 76.0 - 71.0 - 67.0 - 67.0 - 54.0 - 44.0 - 38.0 - 38.0 - 32.0 - 27.0 - 15.0 - 15.0 - 10.0
15,1,1.12,0.81,2.8,11.76,39.5,26.6,293,74,556,0:00,5370 m,43,12.0 - 26.0 - 41.0 - 41.0 - 49.0 - 49.0 - 55.0 - 60.0 - 60.0 - 61.0 - 61.0 - 71.0 - 68.0 - 68.0 - 81.0 - 73.0 - 73.0 - 82.0 - 84.0 - 84.0 - 87.0 - 85.0 - 85.0 - 86.0 - 86.0 - 86.0 - 81.0 - 83.0 - 83.0 - 85.0 - 78.0 - 75.0 - 75.0 - 73.0 - 68.0 - 66.0 - 66.0 - 62.0 - 55.0 - 49.0 - 49.0 - 36.0 - 35.0 - 27.0 - 27.0 - 23.0 - 11.0 - 8.0 - 8.0
16,1,1.21,0.83,2.98,11.27,44.9,31.1,278,73,552,0:00,5339 m,49,16.0 - 29.0 - 29.0 - 45.0 - 48.0 - 48.0 - 57.0 - 57.0 - 63.0 - 73.0 - 73.0 - 75.0 - 83.0 - 83.0 - 83.0 - 83.0 - 90.0 - 86.0 - 86.0 - 94.0 - 93.0 - 95.0 - 95.0 - 97.0 - 98.0 - 98.0 - 96.0 - 92.0 - 95.0 - 95.0 - 89.0 - 95.0 - 95.0 - 89.0 - 87.0 - 85.0 - 83.0 - 83.0 - 78.0 - 75.0 - 69.0 - 69.0 - 62.0 - 55.0 - 45.0 - 35.0 - 35.0 - 27.0 - 17.0 - 9.0 - 0.0
17,1,1.21,0.83,3.29,12.17,42,27.8,316,79,572,0:00,5474 m,48,13.0 - 29.0 - 45.0 - 45.0 - 50.0 - 50.0 - 50.0 - 56.0 - 56.0 - 59.0 - 59.0 - 64.0 - 66.0 - 66.0 - 74.0 - 77.0 - 77.0 - 82.0 - 83.0 - 83.0 - 88.0 - 87.0 - 87.0 - 91.0 - 92.0 - 89.0 - 89.0 - 92.0 - 91.0 - 91.0 - 86.0 - 82.0 - 83.0 - 83.0 - 83.0 - 83.0 - 80.0 - 80.0 - 68.0 - 64.0 - 54.0 - 46.0 - 46.0 - 40.0 - 31.0 - 22.0 - 22.0 - 18.0 - 11.0 - 9.0 - 9.0 - 0.0
18,1,1.18,0.83,3.02,12.73,42.6,29.5,312,72,549,0:00,5321 m,48,22.0 - 36.0 - 36.0 - 43.0 - 43.0 - 49.0 - 54.0 - 54.0 - 63.0 - 63.0 - 70.0 - 73.0 - 73.0 - 77.0 - 80.0 - 80.0 - 90.0 - 89.0 - 89.0 - 92.0 - 92.0 - 92.0 - 90.0 - 94.0 - 94.0 - 93.0 - 92.0 - 92.0 - 92.0 - 89.0 - 87.0 - 87.0 - 89.0 - 89.0 - 89.0 - 82.0 - 79.0 - 73.0 - 67.0 - 67.0 - 61.0 - 53.0 - 45.0 - 45.0 - 36.0 - 21.0 - 22.0 - 22.0 - 13.0 - 15.0
19,1,1.21,0.84,3.21,12.04,41.6,28.5,298,74,553,0:00,5350 m,38,13.0 - 30.0 - 30.0 - 43.0 - 52.0 - 52.0 - 59.0 - 59.0 - 63.0 - 71.0 - 71.0 - 71.0 - 79.0 - 79.0 - 81.0 - 81.0 - 87.0 - 85.0 - 85.0 - 91.0 - 91.0 - 91.0 - 87.0 - 89.0 - 88.0 - 88.0 - 85.0 - 84.0 - 84.0 - 85.0 - 84.0 - 86.0 - 86.0 - 82.0 - 78.0 - 73.0 - 73.0 - 72.0 - 68.0 - 63.0 - 63.0 - 56.0 - 49.0 - 41.0 - 41.0 - 36.0 - 26.0 - 19.0 - 19.0 - 14.0 - 8.0 - 0.0
20,1,1.21,0.85,2.98,12.53,40.5,28.6,307,72,549,0:00,5323 m,45,21.0 - 40.0 - 40.0 - 48.0 - 50.0 - 50.0 - 59.0 - 59.0 - 67.0 - 77.0 - 77.0 - 74.0 - 74.0 - 81.0 - 78.0 - 78.0 - 87.0 - 84.0 - 84.0 - 88.0 - 88.0 - 88.0 - 89.0 - 86.0 - 86.0 - 86.0 - 88.0 - 82.0 - 82.0 - 79.0 - 82.0 - 82.0 - 83.0 - 85.0 - 79.0 - 79.0 - 67.0 - 72.0 - 68.0 - 68.0 - 66.0 - 54.0 - 48.0 - 48.0 - 40.0 - 33.0 - 24.0 - 24.0 - 18.0 - 12.0 - 7.0
21,1,1.21,0.84,2.84,11.89,42,28.8,294,73,552,0:00,5342 m,47,10.0 - 27.0 - 27.0 - 39.0 - 39.0 - 50.0 - 53.0 - 53.0 - 59.0 - 59.0 - 62.0 - 68.0 - 68.0 - 75.0 - 77.0 - 77.0 - 81.0 - 84.0 - 84.0 - 90.0 - 90.0 - 90.0 - 91.0 - 92.0 - 92.0 - 89.0 - 92.0 - 92.0 - 90.0 - 86.0 - 91.0 - 91.0 - 92.0 - 87.0 - 84.0 - 84.0 - 80.0 - 76.0 - 73.0 - 73.0 - 68.0 - 59.0 - 55.0 - 55.0 - 48.0 - 41.0 - 28.0 - 28.0 - 20.0 - 13.0 - 7.0
22,1,1.15,0.78,2.94,11.47,41.5,29.3,292,77,564,0:00,5423 m,44,22.0 - 40.0 - 40.0 - 47.0 - 58.0 - 58.0 - 63.0 - 70.0 - 70.0 - 79.0 - 79.0 - 79.0 - 87.0 - 87.0 - 83.0 - 88.0 - 88.0 - 89.0 - 88.0 - 88.0 - 91.0 - 90.0 - 85.0 - 85.0 - 89.0 - 86.0 - 86.0 - 85.0 - 83.0 - 86.0 - 86.0 - 81.0 - 80.0 - 76.0 - 76.0 - 70.0 - 65.0 - 58.0 - 49.0 - 49.0 - 45.0 - 38.0 - 31.0 - 31.0 - 21.0 - 13.0 - 7.0 - 7.0
23,1,1.21,0.83,3.28,11.88,43.3,29.8,301,76,562,0:00,5411 m,44,26.0 - 38.0 - 50.0 - 50.0 - 55.0 - 55.0 - 63.0 - 64.0 - 64.0 - 73.0 - 74.0 - 74.0 - 81.0 - 81.0 - 78.0 - 90.0 - 90.0 - 90.0 - 92.0 - 92.0 - 92.0 - 95.0 - 92.0 - 92.0 - 92.0 - 92.0 - 92.0 - 92.0 - 92.0 - 89.0 - 89.0 - 83.0 - 76.0 - 81.0 - 81.0 - 76.0 - 78.0 - 65.0 - 60.0 - 60.0 - 56.0 - 50.0 - 42.0 - 42.0 - 36.0 - 27.0 - 23.0 - 17.0 - 17.0 - 10.0
24,1,1.18,0.82,3.16,12.8,45.1,29.8,320,75,557,0:00,5376 m,48,25.0 - 38.0 - 38.0 - 49.0 - 53.0 - 53.0 - 59.0 - 59.0 - 68.0 - 70.0 - 70.0 - 74.0 - 74.0 - 75.0 - 80.0 - 80.0 - 84.0 - 86.0 - 86.0 - 86.0 - 95.0 - 95.0 - 92.0 - 99.0 - 99.0 - 91.0 - 89.0 - 92.0 - 92.0 - 93.0 - 88.0 - 88.0 - 88.0 - 83.0 - 82.0 - 77.0 - 77.0 - 74.0 - 65.0 - 60.0 - 60.0 - 53.0 - 45.0 - 39.0 - 39.0 - 29.0 - 21.0 - 15.0 - 15.0 - 10.0
25,1,1.18,0.82,3.17,12.38,44.1,28.9,306,73,553,0:00,5346 m,36,24.0 - 43.0 - 43.0 - 49.0 - 56.0 - 56.0 - 61.0 - 61.0 - 70.0 - 74.0 - 74.0 - 81.0 - 78.0 - 78.0 - 92.0 - 92.0 - 92.0 - 97.0 - 97.0 - 92.0 - 94.0 - 94.0 - 94.0 - 92.0 - 89.0 - 89.0 - 84.0 - 85.0 - 83.0 - 83.0 - 79.0 - 75.0 - 75.0 - 70.0 - 65.0 - 61.0 - 61.0 - 60.0 - 55.0 - 53.0 - 53.0 - 48.0 - 41.0 - 35.0 - 28.0 - 28.0 - 20.0 - 15.0 - 11.0 - 11.0
26,1,1.24,0.87,3.21,12.45,44.3,28.5,303,72,546,0:00,5304 m,40,9.0 - 24.0 - 24.0 - 39.0 - 50.0 - 50.0 - 53.0 - 53.0 - 64.0 - 71.0 - 71.0 - 79.0 - 79.0 - 81.0 - 83.0 - 83.0 - 87.0 - 92.0 - 92.0 - 91.0 - 97.0 - 97.0 - 93.0 - 92.0 - 92.0 - 90.0 - 89.0 - 83.0 - 83.0 - 80.0 - 83.0 - 83.0 - 81.0 - 83.0 - 78.0 - 78.0 - 74.0 - 70.0 - 64.0 - 64.0 - 64.0 - 62.0 - 60.0 - 60.0 - 47.0 - 40.0 - 33.0 - 33.0 - 26.0 - 19.0 - 12.0 - 7.0 - 7.0
27,1,1.21,0.86,2.96,12.53,44.3,28,304,71,546,0:00,5300 m,44,10.0 - 23.0 - 23.0 - 35.0 - 35.0 - 43.0 - 45.0 - 45.0 - 54.0 - 54.0 - 62.0 - 65.0 - 65.0 - 71.0 - 71.0 - 71.0 - 83.0 - 83.0 - 84.0 - 92.0 - 92.0 - 92.0 - 97.0 - 97.0 - 92.0 - 96.0 - 96.0 - 97.0 - 93.0 - 93.0 - 91.0 - 84.0 - 80.0 - 80.0 - 81.0 - 84.0 - 78.0 - 78.0 - 75.0 - 69.0 - 63.0 - 63.0 - 57.0 - 50.0 - 42.0 - 42.0 - 34.0 - 26.0 - 18.0 - 18.0 - 14.0 - 10.0
28,1,1.27,0.88,3.14,11.97,42.8,29.3,296,74,553,0:00,5349 m,48,13.0 - 27.0 - 27.0 - 41.0 - 52.0 - 52.0 - 57.0 - 57.0 - 64.0 - 70.0 - 70.0 - 70.0 - 70.0 - 76.0 - 76.0 - 76.0 - 83.0 - 81.0 - 81.0 - 89.0 - 89.0 - 89.0 - 90.0 - 90.0 - 90.0 - 94.0 - 90.0 - 87.0 - 87.0 - 87.0 - 85.0 - 85.0 - 89.0 - 80.0 - 78.0 - 78.0 - 79.0 - 80.0 - 77.0 - 77.0 - 75.0 - 72.0 - 67.0 - 62.0 - 62.0 - 55.0 - 48.0 - 41.0 - 41.0 - 31.0 - 23.0 - 16.0 - 10.0 - 10.0
29,1,1.18,0.82,3.03,12.47,44.6,28.7,316,76,562,0:00,5406 m,62,17.0 - 26.0 - 33.0 - 33.0 - 39.0 - 39.0 - 42.0 - 51.0 - 51.0 - 54.0 - 54.0 - 61.0 - 66.0 - 66.0 - 74.0 - 79.0 - 79.0 - 81.0 - 81.0 - 86.0 - 90.0 - 90.0 - 94.0 - 92.0 - 90.0 - 90.0 - 95.0 - 97.0 - 97.0 - 95.0 - 98.0 - 98.0 - 98.0 - 93.0 - 89.0 - 86.0 - 86.0 - 79.0 - 75.0 - 67.0 - 67.0 - 58.0 - 50.0 - 38.0 - 38.0 - 31.0 - 21.0 - 15.0 - 4.0 - 4.0
30,1,1.18,0.82,2.9,12.03,42.7,27.9,299,74,555,0:00,5363 m,51,19.0 - 35.0 - 35.0 - 44.0 - 49.0 - 49.0 - 51.0 - 51.0 - 54.0 - 60.0 - 60.0 - 66.0 - 66.0 - 71.0 - 77.0 - 77.0 - 80.0 - 87.0 - 87.0 - 86.0 - 87.0 - 87.0 - 93.0 - 90.0 - 90.0 - 94.0 - 86.0 - 86.0 - 86.0 - 90.0 - 87.0 - 87.0 - 80.0 - 78.0 - 76.0 - 76.0 - 72.0 - 69.0 - 65.0 - 65.0 - 57.0 - 52.0 - 40.0 - 40.0 - 37.0 - 29.0 - 23.0 - 10.0 - 10.0 - 7.0 - 0.0
31,1,1.21,0.83,2.84,11.68,43.7,29.7,291,74,555,0:00,5364 m,37,17.0 - 31.0 - 31.0 - 43.0 - 50.0 - 50.0 - 56.0 - 56.0 - 63.0 - 70.0 - 70.0 - 77.0 - 79.0 - 79.0 - 87.0 - 89.0 - 89.0 - 88.0 - 96.0 - 96.0 - 94.0 - 95.0 - 95.0 - 90.0 - 94.0 - 94.0 - 90.0 - 89.0 - 88.0 - 88.0 - 86.0 - 89.0 - 87.0 - 87.0 - 84.0 - 79.0 - 77.0 - 77.0 - 72.0 - 67.0 - 63.0 - 63.0 - 55.0 - 48.0 - 37.0 - 28.0 - 28.0 - 19.0 - 12.0 - 2.0 - 2.0
32,1,1.21,0.84,2.92,11.69,37.9,26.3,300,78,568,0:00,5444 m,60,22.0 - 31.0 - 31.0 - 39.0 - 44.0 - 44.0 - 45.0 - 54.0 - 54.0 - 52.0 - 52.0 - 60.0 - 61.0 - 61.0 - 68.0 - 72.0 - 72.0 - 74.0 - 75.0 - 75.0 - 77.0 - 80.0 - 80.0 - 78.0 - 80.0 - 80.0 - 79.0 - 76.0 - 76.0 - 82.0 - 83.0 - 81.0 - 81.0 - 78.0 - 78.0 - 78.0 - 78.0 - 77.0 - 72.0 - 64.0 - 64.0 - 59.0 - 50.0 - 45.0 - 45.0 - 37.0 - 31.0 - 19.0 - 13.0 - 13.0 - 7.0 - 0.0
33,1,1.18,0.86,3.05,11.75,36.5,24.5,290,73,551,0:00,5337 m,46,14.0 - 29.0 - 29.0 - 37.0 - 43.0 - 43.0 - 42.0 - 42.0 - 45.0 - 50.0 - 50.0 - 54.0 - 54.0 - 55.0 - 62.0 - 62.0 - 63.0 - 75.0 - 75.0 - 68.0 - 79.0 - 79.0 - 77.0 - 80.0 - 80.0 - 78.0 - 79.0 - 79.0 - 78.0 - 78.0 - 78.0 - 78.0 - 79.0 - 79.0 - 75.0 - 72.0 - 68.0 - 68.0 - 69.0 - 66.0 - 59.0 - 59.0 - 53.0 - 45.0 - 37.0 - 37.0 - 31.0 - 25.0 - 17.0 - 17.0 - 9.0 - 7.0
34,1,1.21,0.85,2.92,11.83,43,29,279,68,535,0:00,5231 m,42,23.0 - 35.0 - 35.0 - 40.0 - 44.0 - 44.0 - 50.0 - 50.0 - 58.0 - 58.0 - 66.0 - 69.0 - 69.0 - 76.0 - 80.0 - 80.0 - 81.0 - 81.0 - 85.0 - 88.0 - 88.0 - 94.0 - 92.0 - 92.0 - 93.0 - 92.0 - 88.0 - 88.0 - 92.0 - 92.0 - 92.0 - 87.0 - 87.0 - 85.0 - 85.0 - 82.0 - 79.0 - 75.0 - 75.0 - 68.0 - 64.0 - 59.0 - 59.0 - 51.0 - 46.0 - 37.0 - 37.0 - 30.0 - 23.0 - 13.0 - 13.0 - 8.0
35,1,1.21,0.84,2.7,11.76,41,28.6,292,74,555,0:00,5363 m,41,16.0 - 33.0 - 33.0 - 41.0 - 46.0 - 46.0 - 50.0 - 50.0 - 61.0 - 67.0 - 67.0 - 70.0 - 76.0 - 76.0 - 79.0 - 79.0 - 85.0 - 84.0 - 84.0 - 88.0 - 90.0 - 88.0 - 88.0 - 89.0 - 87.0 - 87.0 - 88.0 - 90.0 - 90.0 - 89.0 - 81.0 - 82.0 - 82.0 - 86.0 - 82.0 - 83.0 - 83.0 - 77.0 - 71.0 - 68.0 - 68.0 - 61.0 - 54.0 - 45.0 - 35.0 - 35.0 - 28.0 - 19.0 - 11.0 - 11.0 - 4.0
36,1,1.18,0.8,2.64,11.19,40.8,28.3,288,78,569,0:00,5451 m,38,19.0 - 38.0 - 45.0 - 45.0 - 52.0 - 52.0 - 56.0 - 60.0 - 60.0 - 71.0 - 72.0 - 72.0 - 82.0 - 78.0 - 78.0 - 87.0 - 87.0 - 87.0 - 89.0 - 88.0 - 88.0 - 89.0 - 87.0 - 87.0 - 88.0 - 82.0 - 81.0 - 81.0 - 82.0 - 85.0 - 76.0 - 76.0 - 76.0 - 73.0 - 70.0 - 70.0 - 67.0 - 63.0 - 58.0 - 58.0 - 53.0 - 46.0 - 35.0 - 35.0 - 29.0 - 19.0 - 15.0 - 10.0 - 10.0 - 0.0
37,1,1.18,0.82,3.11,11.05,38.1,26,285,78,570,0:00,5455 m,56,15.0 - 28.0 - 28.0 - 35.0 - 40.0 - 40.0 - 41.0 - 41.0 - 46.0 - 50.0 - 50.0 - 55.0 - 63.0 - 63.0 - 71.0 - 71.0 - 71.0 - 76.0 - 75.0 - 75.0 - 79.0 - 80.0 - 80.0 - 82.0 - 79.0 - 79.0 - 81.0 - 84.0 - 79.0 - 79.0 - 78.0 - 80.0 - 80.0 - 81.0 - 80.0 - 76.0 - 76.0 - 69.0 - 68.0 - 61.0 - 61.0 - 53.0 - 45.0 - 40.0 - 34.0 - 34.0 - 27.0 - 16.0 - 9.0 - 9.0
38,1,1.27,0.88,2.99,12.39,43.5,30.1,305,73,551,0:00,5335 m,50,16.0 - 31.0 - 31.0 - 40.0 - 43.0 - 43.0 - 52.0 - 52.0 - 56.0 - 70.0 - 70.0 - 65.0 - 65.0 - 75.0 - 73.0 - 73.0 - 81.0 - 83.0 - 83.0 - 90.0 - 86.0 - 86.0 - 92.0 - 93.0 - 93.0 - 93.0 - 95.0 - 95.0 - 94.0 - 94.0 - 95.0 - 95.0 - 93.0 - 88.0 - 89.0 - 89.0 - 86.0 - 80.0 - 85.0 - 85.0 - 84.0 - 80.0 - 70.0 - 70.0 - 67.0 - 59.0 - 52.0 - 42.0 - 42.0 - 34.0 - 23.0 - 14.0 - 8.0 - 8.0
39,1,1.15,0.79,3.17,12.04,43.9,28.6,311,79,570,0:00,5458 m,39,20.0 - 32.0 - 32.0 - 35.0 - 40.0 - 40.0 - 47.0 - 47.0 - 50.0 - 63.0 - 63.0 - 65.0 - 77.0 - 77.0 - 80.0 - 91.0 - 91.0 - 90.0 - 96.0 - 96.0 - 96.0 - 94.0 - 94.0 - 95.0 - 95.0 - 95.0 - 95.0 - 95.0 - 92.0 - 92.0 - 88.0 - 87.0 - 86.0 - 86.0 - 78.0 - 73.0 - 68.0 - 68.0 - 56.0 - 55.0 - 44.0 - 44.0 - 34.0 - 26.0 - 18.0 - 15.0 - 15.0 - 7.0 - 0.0
40,1,1.21,0.85,3.41,12.45,39.9,27.6,306,73,550,0:00,5331 m,58,11.0 - 31.0 - 31.0 - 40.0 - 48.0 - 48.0 - 50.0 - 50.0 - 56.0 - 63.0 - 63.0 - 65.0 - 65.0 - 70.0 - 72.0 - 72.0 - 79.0 - 81.0 - 81.0 - 83.0 - 82.0 - 82.0 - 87.0 - 84.0 - 84.0 - 86.0 - 83.0 - 83.0 - 84.0 - 88.0 - 87.0 - 87.0 - 81.0 - 84.0 - 84.0 - 86.0 - 79.0 - 74.0 - 74.0 - 67.0 - 61.0 - 55.0 - 55.0 - 50.0 - 43.0 - 36.0 - 36.0 - 28.0 - 21.0 - 15.0 - 10.0 - 10.0
41,1,1.12,0.82,3.22,12.8,40.9,26.9,301,68,534,0:00,5226 m,36,23.0 - 40.0 - 40.0 - 50.0 - 52.0 - 52.0 - 51.0 - 51.0 - 61.0 - 69.0 - 69.0 - 77.0 - 77.0 - 76.0 - 83.0 - 83.0 - 83.0 - 90.0 - 90.0 - 87.0 - 88.0 - 88.0 - 84.0 - 85.0 - 85.0 - 80.0 - 82.0 - 82.0 - 78.0 - 75.0 - 75.0 - 72.0 - 75.0 - 66.0 - 66.0 - 66.0 - 60.0 - 60.0 - 54.0 - 52.0 - 46.0 - 46.0 - 40.0 - 30.0 - 21.0 - 21.0 - 18.0 - 14.0 - 10.0 - 10.0
42,1,1.18,0.88,3.19,12.16,39.6,27.2,276,65,522,0:00,5142 m,42,14.0 - 33.0 - 33.0 - 44.0 - 44.0 - 51.0 - 51.0 - 51.0 - 56.0 - 56.0 - 62.0 - 62.0 - 64.0 - 71.0 - 71.0 - 75.0 - 78.0 - 78.0 - 80.0 - 80.0 - 80.0 - 87.0 - 87.0 - 83.0 - 82.0 - 82.0 - 82.0 - 82.0 - 82.0 - 81.0 - 83.0 - 83.0 - 85.0 - 78.0 - 74.0 - 74.0 - 77.0 - 73.0 - 73.0 - 70.0 - 63.0 - 58.0 - 58.0 - 56.0 - 52.0 - 45.0 - 45.0 - 38.0 - 30.0 - 23.0 - 23.0 - 13.0 - 10.0
43,1,1.12,0.82,3,12.04,40.3,27.6,279,67,529,0:00,5191 m,46,18.0 - 35.0 - 35.0 - 49.0 - 50.0 - 50.0 - 54.0 - 54.0 - 60.0 - 67.0 - 67.0 - 71.0 - 71.0 - 76.0 - 79.0 - 79.0 - 81.0 - 81.0 - 76.0 - 86.0 - 86.0 - 82.0 - 88.0 - 88.0 - 80.0 - 83.0 - 83.0 - 85.0 - 83.0 - 86.0 - 86.0 - 83.0 - 78.0 - 78.0 - 79.0 - 77.0 - 69.0 - 69.0 - 66.0 - 58.0 - 52.0 - 52.0 - 42.0 - 36.0 - 36.0 - 27.0 - 20.0 - 15.0 - 15.0 - 8.0
44,1,1.24,0.86,3.07,11.77,44.5,30.2,280,69,539,0:00,5257 m,44,20.0 - 39.0 - 39.0 - 54.0 - 57.0 - 57.0 - 60.0 - 60.0 - 69.0 - 75.0 - 75.0 - 80.0 - 81.0 - 81.0 - 86.0 - 86.0 - 90.0 - 96.0 - 96.0 - 95.0 - 96.0 - 96.0 - 98.0 - 90.0 - 95.0 - 95.0 - 91.0 - 91.0 - 91.0 - 87.0 - 89.0 - 86.0 - 86.0 - 86.0 - 83.0 - 78.0 - 78.0 - 74.0 - 73.0 - 67.0 - 67.0 - 63.0 - 51.0 - 48.0 - 40.0 - 40.0 - 35.0 - 22.0 - 18.0 - 18.0 - 12.0 - 8.0
45,1,1.21,0.84,3.28,12.25,43.1,29.1,308,75,559,0:00,5387 m,53,14.0 - 32.0 - 32.0 - 43.0 - 50.0 - 50.0 - 54.0 - 54.0 - 61.0 - 66.0 - 66.0 - 69.0 - 71.0 - 71.0 - 79.0 - 79.0 - 79.0 - 88.0 - 88.0 - 91.0 - 87.0 - 87.0 - 89.0 - 94.0 - 93.0 - 93.0 - 95.0 - 90.0 - 90.0 - 91.0 - 92.0 - 88.0 - 88.0 - 83.0 - 83.0 - 82.0 - 82.0 - 76.0 - 72.0 - 67.0 - 67.0 - 61.0 - 54.0 - 45.0 - 37.0 - 37.0 - 28.0 - 22.0 - 14.0 - 14.0 - 8.0
46,1,1.24,0.87,3.34,12.88,43,29.2,318,73,552,0:00,5343 m,61,10.0 - 26.0 - 26.0 - 40.0 - 48.0 - 48.0 - 54.0 - 54.0 - 59.0 - 69.0 - 69.0 - 69.0 - 69.0 - 70.0 - 79.0 - 79.0 - 79.0 - 90.0 - 90.0 - 84.0 - 89.0 - 89.0 - 86.0 - 90.0 - 90.0 - 89.0 - 92.0 - 92.0 - 92.0 - 88.0 - 92.0 - 92.0 - 94.0 - 89.0 - 88.0 - 88.0 - 80.0 - 84.0 - 80.0 - 80.0 - 82.0 - 67.0 - 63.0 - 63.0 - 54.0 - 43.0 - 38.0 - 29.0 - 29.0 - 21.0 - 9.0 - 7.0 - 7.0 - 0.0
47,1,1.18,0.87,2.98,12.95,37.9,25.6,315,72,546,0:00,5306 m,34,10.0 - 25.0 - 25.0 - 40.0 - 47.0 - 47.0 - 50.0 - 50.0 - 54.0 - 62.0 - 62.0 - 64.0 - 64.0 - 68.0 - 73.0 - 73.0 - 74.0 - 83.0 - 83.0 - 83.0 - 83.0 - 82.0 - 77.0 - 77.0 - 81.0 - 80.0 - 79.0 - 79.0 - 76.0 - 75.0 - 75.0 - 77.0 - 76.0 - 76.0 - 73.0 - 76.0 - 72.0 - 72.0 - 65.0 - 59.0 - 56.0 - 56.0 - 50.0 - 47.0 - 47.0 - 39.0 - 32.0 - 25.0 - 25.0 - 17.0 - 8.0 - 3.0 - 3.0
48,1,1.18,0.83,3.32,11.55,46.2,29.1,273,69,536,0:00,5241 m,46,18.0 - 32.0 - 32.0 - 45.0 - 50.0 - 50.0 - 54.0 - 54.0 - 64.0 - 72.0 - 72.0 - 79.0 - 84.0 - 84.0 - 87.0 - 87.0 - 96.0 - 95.0 - 95.0 - 94.0 - 100.0 - 100.0 - 101.0 - 101.0 - 93.0 - 93.0 - 97.0 - 87.0 - 87.0 - 87.0 - 79.0 - 76.0 - 76.0 - 74.0 - 69.0 - 64.0 - 64.0 - 59.0 - 56.0 - 51.0 - 51.0 - 46.0 - 43.0 - 36.0 - 36.0 - 31.0 - 22.0 - 15.0 - 15.0 - 10.0
49,1,1.12,0.82,2.73,12.61,42,28,299,69,538,0:00,5248 m,51,16.0 - 29.0 - 29.0 - 34.0 - 44.0 - 44.0 - 47.0 - 47.0 - 55.0 - 55.0 - 60.0 - 68.0 - 68.0 - 74.0 - 76.0 - 76.0 - 83.0 - 83.0 - 83.0 - 89.0 - 89.0 - 87.0 - 90.0 - 90.0 - 89.0 - 92.0 - 92.0 - 89.0 - 92.0 - 92.0 - 89.0 - 85.0 - 86.0 - 86.0 - 85.0 - 75.0 - 75.0 - 75.0 - 68.0 - 65.0 - 53.0 - 53.0 - 47.0 - 40.0 - 30.0 - 30.0 - 22.0 - 13.0 - 9.0 - 9.0 - 0.0
50,1,1.24,0.86,3.24,11.12,44,29.1,272,72,549,0:00,5323 m,49,10.0 - 28.0 - 28.0 - 40.0 - 40.0 - 47.0 - 52.0 - 52.0 - 56.0 - 56.0 - 63.0 - 67.0 - 67.0 - 74.0 - 75.0 - 75.0 - 81.0 - 81.0 - 81.0 - 88.0 - 88.0 - 88.0 - 86.0 - 95.0 - 95.0 - 97.0 - 94.0 - 94.0 - 89.0 - 90.0 - 90.0 - 90.0 - 94.0 - 92.0 - 89.0 - 89.0 - 86.0 - 84.0 - 78.0 - 78.0 - 75.0 - 71.0 - 62.0 - 62.0 - 55.0 - 44.0 - 35.0 - 27.0 - 27.0 - 18.0 - 11.0 - 6.0 - 6.0
51,1,1.21,0.88,3.16,12.81,38,25.5,317,74,554,0:00,5351 m,58,11.0 - 24.0 - 24.0 - 34.0 - 41.0 - 41.0 - 44.0 - 44.0 - 48.0 - 53.0 - 53.0 - 57.0 - 57.0 - 58.0 - 65.0 - 65.0 - 65.0 - 74.0 - 74.0 - 71.0 - 79.0 - 79.0 - 74.0 - 81.0 - 81.0 - 81.0 - 80.0 - 80.0 - 82.0 - 82.0 - 82.0 - 83.0 - 82.0 - 82.0 - 82.0 - 78.0 - 83.0 - 83.0 - 80.0 - 72.0 - 67.0 - 67.0 - 61.0 - 56.0 - 44.0 - 44.0 - 35.0 - 30.0 - 23.0 - 23.0 - 18.0 - 11.0 - 6.0 - 6.0 - 0.0
52,1,1.24,0.92,3.13,12.32,36.8,25.3,290,68,535,0:00,5230 m,49,10.0 - 27.0 - 27.0 - 32.0 - 32.0 - 40.0 - 44.0 - 44.0 - 46.0 - 46.0 - 54.0 - 54.0 - 56.0 - 62.0 - 62.0 - 66.0 - 68.0 - 68.0 - 75.0 - 75.0 - 73.0 - 75.0 - 75.0 - 73.0 - 78.0 - 78.0 - 76.0 - 81.0 - 81.0 - 77.0 - 76.0 - 76.0 - 77.0 - 79.0 - 79.0 - 75.0 - 75.0 - 74.0 - 74.0 - 73.0 - 76.0 - 73.0 - 73.0 - 67.0 - 62.0 - 62.0 - 55.0 - 47.0 - 42.0 - 42.0 - 33.0 - 25.0 - 17.0 - 17.0 - 10.0 - 2.0 - 0.0
53,1,1.15,0.85,3.08,11.97,41.3,27.4,280,67,532,0:00,5212 m,47,17.0 - 28.0 - 28.0 - 33.0 - 33.0 - 42.0 - 46.0 - 46.0 - 53.0 - 53.0 - 60.0 - 63.0 - 63.0 - 70.0 - 70.0 - 75.0 - 77.0 - 77.0 - 81.0 - 80.0 - 80.0 - 87.0 - 89.0 - 89.0 - 91.0 - 85.0 - 85.0 - 89.0 - 89.0 - 89.0 - 86.0 - 85.0 - 85.0 - 86.0 - 79.0 - 76.0 - 76.0 - 73.0 - 71.0 - 71.0 - 68.0 - 64.0 - 51.0 - 51.0 - 49.0 - 39.0 - 33.0 - 33.0 - 20.0 - 14.0 - 8.0 - 8.0 - 0.0
54,1,1.15,0.84,3.05,11.89,37.4,25.8,281,68,536,0:00,5236 m,38,20.0 - 32.0 - 32.0 - 39.0 - 39.0 - 44.0 - 52.0 - 52.0 - 63.0 - 63.0 - 71.0 - 73.0 - 73.0 - 77.0 - 76.0 - 76.0 - 79.0 - 79.0 - 78.0 - 82.0 - 82.0 - 80.0 - 75.0 - 75.0 - 75.0 - 75.0 - 75.0 - 72.0 - 73.0 - 74.0 - 74.0 - 70.0 - 69.0 - 69.0 - 70.0 - 69.0 - 65.0 - 65.0 - 61.0 - 57.0 - 57.0 - 56.0 - 50.0 - 42.0 - 42.0 - 31.0 - 28.0 - 19.0 - 19.0 - 11.0 - 3.0 - 0.0
55,1,1.12,0.82,3.03,11.61,42.3,26.6,269,67,530,0:00,5196 m,38,22.0 - 42.0 - 42.0 - 52.0 - 52.0 - 58.0 - 62.0 - 62.0 - 73.0 - 73.0 - 76.0 - 80.0 - 80.0 - 81.0 - 87.0 - 87.0 - 81.0 - 81.0 - 93.0 - 86.0 - 86.0 - 92.0 - 84.0 - 84.0 - 81.0 - 83.0 - 80.0 - 80.0 - 78.0 - 74.0 - 74.0 - 68.0 - 62.0 - 61.0 - 61.0 - 58.0 - 53.0 - 53.0 - 45.0 - 42.0 - 36.0 - 36.0 - 35.0 - 28.0 - 21.0 - 21.0 - 17.0 - 10.0 - 6.0 - 6.0
56,1,1.15,0.84,3.48,11.61,39.6,27.9,268,66,528,0:00,5183 m,59,21.0 - 37.0 - 37.0 - 53.0 - 56.0 - 56.0 - 59.0 - 59.0 - 63.0 - 69.0 - 69.0 - 69.0 - 69.0 - 74.0 - 74.0 - 74.0 - 80.0 - 80.0 - 80.0 - 79.0 - 83.0 - 83.0 - 85.0 - 86.0 - 86.0 - 84.0 - 85.0 - 85.0 - 84.0 - 87.0 - 87.0 - 85.0 - 81.0 - 80.0 - 80.0 - 84.0 - 76.0 - 76.0 - 74.0 - 60.0 - 53.0 - 53.0 - 47.0 - 40.0 - 33.0 - 33.0 - 26.0 - 18.0 - 11.0 - 11.0 - 7.0
57,1,1.24,0.89,2.86,13.02,42.1,29.2,300,66,527,0:00,5179 m,41,12.0 - 29.0 - 29.0 - 44.0 - 44.0 - 56.0 - 56.0 - 59.0 - 67.0 - 67.0 - 69.0 - 69.0 - 76.0 - 77.0 - 77.0 - 80.0 - 80.0 - 83.0 - 87.0 - 87.0 - 89.0 - 92.0 - 92.0 - 88.0 - 90.0 - 90.0 - 89.0 - 90.0 - 90.0 - 88.0 - 89.0 - 83.0 - 83.0 - 86.0 - 81.0 - 81.0 - 78.0 - 79.0 - 78.0 - 78.0 - 73.0 - 72.0 - 67.0 - 67.0 - 61.0 - 51.0 - 43.0 - 43.0 - 34.0 - 27.0 - 19.0 - 19.0 - 13.0 - 7.0
58,1,1.15,0.82,2.73,11.48,39.1,26.9,283,73,552,0:00,5339 m,29,12.0 - 30.0 - 41.0 - 41.0 - 53.0 - 53.0 - 53.0 - 61.0 - 61.0 - 65.0 - 65.0 - 76.0 - 75.0 - 75.0 - 86.0 - 78.0 - 78.0 - 86.0 - 82.0 - 82.0 - 81.0 - 84.0 - 84.0 - 83.0 - 81.0 - 81.0 - 79.0 - 80.0 - 78.0 - 78.0 - 78.0 - 72.0 - 72.0 - 69.0 - 69.0 - 72.0 - 72.0 - 68.0 - 63.0 - 56.0 - 56.0 - 46.0 - 43.0 - 36.0 - 36.0 - 30.0 - 22.0 - 12.0 - 12.0 - 9.0 - 0.0
59,1,1.18,0.85,3.09,11.12,40.1,25.6,275,74,553,0:00,5345 m,52,12.0 - 28.0 - 38.0 - 38.0 - 45.0 - 45.0 - 47.0 - 48.0 - 48.0 - 56.0 - 56.0 - 58.0 - 61.0 - 61.0 - 66.0 - 68.0 - 68.0 - 72.0 - 75.0 - 75.0 - 78.0 - 76.0 - 76.0 - 86.0 - 87.0 - 87.0 - 88.0 - 82.0 - 82.0 - 81.0 - 79.0 - 78.0 - 78.0 - 81.0 - 74.0 - 74.0 - 74.0 - 71.0 - 65.0 - 65.0 - 60.0 - 54.0 - 48.0 - 48.0 - 40.0 - 31.0 - 23.0 - 23.0 - 16.0 - 11.0 - 3.0 - 3.0
60,1,1.15,0.85,3.11,11.97,40.6,26.9,285,69,539,0:00,5258 m,51,11.0 - 26.0 - 26.0 - 34.0 - 46.0 - 46.0 - 47.0 - 47.0 - 51.0 - 51.0 - 56.0 - 58.0 - 58.0 - 63.0 - 63.0 - 63.0 - 70.0 - 70.0 - 71.0 - 78.0 - 78.0 - 74.0 - 86.0 - 86.0 - 83.0 - 89.0 - 89.0 - 85.0 - 88.0 - 88.0 - 83.0 - 87.0 - 88.0 - 88.0 - 86.0 - 81.0 - 81.0 - 77.0 - 72.0 - 71.0 - 71.0 - 65.0 - 57.0 - 50.0 - 50.0 - 41.0 - 32.0 - 23.0 - 23.0 - 15.0 - 11.0
61,1,1.15,0.83,3.25,11.96,42.4,28.3,284,69,538,0:00,5250 m,39,20.0 - 34.0 - 34.0 - 41.0 - 41.0 - 49.0 - 52.0 - 52.0 - 59.0 - 59.0 - 66.0 - 69.0 - 69.0 - 75.0 - 75.0 - 75.0 - 79.0 - 79.0 - 85.0 - 93.0 - 93.0 - 91.0 - 92.0 - 92.0 - 92.0 - 91.0 - 91.0 - 90.0 - 89.0 - 89.0 - 89.0 - 88.0 - 85.0 - 85.0 - 80.0 - 80.0 - 77.0 - 77.0 - 70.0 - 64.0 - 56.0 - 56.0 - 48.0 - 41.0 - 33.0 - 33.0 - 26.0 - 21.0 - 11.0 - 11.0 - 8.0
62,1,1.18,0.87,3.04,12.47,37.6,26.7,296,69,537,0:00,5247 m,47,14.0 - 28.0 - 28.0 - 45.0 - 49.0 - 49.0 - 55.0 - 55.0 - 54.0 - 63.0 - 63.0 - 64.0 - 64.0 - 66.0 - 71.0 - 71.0 - 69.0 - 69.0 - 77.0 - 75.0 - 75.0 - 81.0 - 79.0 - 79.0 - 83.0 - 79.0 - 79.0 - 80.0 - 79.0 - 79.0 - 77.0 - 80.0 - 76.0 - 76.0 - 74.0 - 75.0 - 75.0 - 79.0 - 74.0 - 70.0 - 70.0 - 63.0 - 56.0 - 52.0 - 52.0 - 47.0 - 38.0 - 31.0 - 31.0 - 22.0 - 15.0 - 10.0 - 10.0
63,1,1.18,0.87,3.03,11.84,35.4,24.8,279,69,536,0:00,5237 m,43,20.0 - 33.0 - 33.0 - 41.0 - 41.0 - 41.0 - 45.0 - 45.0 - 53.0 - 53.0 - 59.0 - 58.0 - 58.0 - 62.0 - 62.0 - 63.0 - 70.0 - 70.0 - 69.0 - 76.0 - 76.0 - 73.0 - 78.0 - 78.0 - 72.0 - 76.0 - 76.0 - 75.0 - 72.0 - 72.0 - 73.0 - 74.0 - 74.0 - 74.0 - 74.0 - 74.0 - 70.0 - 73.0 - 75.0 - 75.0 - 72.0 - 61.0 - 54.0 - 54.0 - 46.0 - 35.0 - 35.0 - 30.0 - 21.0 - 17.0 - 17.0 - 9.0 - 6.0
64,1,1.21,0.89,2.72,11.76,38.6,25.9,272,66,529,0:00,5191 m,46,9.0 - 25.0 - 25.0 - 35.0 - 43.0 - 43.0 - 48.0 - 48.0 - 53.0 - 53.0 - 63.0 - 65.0 - 65.0 - 70.0 - 70.0 - 75.0 - 78.0 - 78.0 - 82.0 - 82.0 - 82.0 - 82.0 - 82.0 - 82.0 - 85.0 - 81.0 - 81.0 - 83.0 - 84.0 - 84.0 - 82.0 - 80.0 - 80.0 - 75.0 - 72.0 - 69.0 - 69.0 - 71.0 - 62.0 - 62.0 - 63.0 - 54.0 - 53.0 - 53.0 - 50.0 - 46.0 - 39.0 - 39.0 - 33.0 - 26.0 - 20.0 - 20.0 - 13.0 - 8.0
65,1,1.21,0.87,2.81,11.06,37.6,26,267,71,544,0:00,5289 m,49,13.0 - 29.0 - 29.0 - 40.0 - 40.0 - 47.0 - 51.0 - 51.0 - 54.0 - 54.0 - 58.0 - 65.0 - 65.0 - 65.0 - 73.0 - 73.0 - 68.0 - 75.0 - 75.0 - 76.0 - 81.0 - 81.0 - 78.0 - 80.0 - 80.0 - 82.0 - 80.0 - 80.0 - 80.0 - 78.0 - 78.0 - 77.0 - 79.0 - 80.0 - 80.0 - 76.0 - 73.0 - 73.0 - 71.0 - 67.0 - 63.0 - 63.0 - 60.0 - 53.0 - 47.0 - 47.0 - 37.0 - 30.0 - 26.0 - 17.0 - 17.0 - 12.0 - 7.0
66,1,1.24,0.87,3.01,11.41,39.1,26.3,281,73,551,0:00,5332 m,62,14.0 - 28.0 - 28.0 - 34.0 - 34.0 - 42.0 - 44.0 - 44.0 - 52.0 - 52.0 - 53.0 - 60.0 - 60.0 - 62.0 - 68.0 - 68.0 - 68.0 - 75.0 - 75.0 - 73.0 - 73.0 - 80.0 - 78.0 - 78.0 - 84.0 - 79.0 - 84.0 - 84.0 - 82.0 - 81.0 - 81.0 - 84.0 - 86.0 - 80.0 - 80.0 - 78.0 - 78.0 - 78.0 - 77.0 - 77.0 - 70.0 - 70.0 - 62.0 - 58.0 - 52.0 - 52.0 - 43.0 - 35.0 - 25.0 - 18.0 - 18.0 - 7.0 - 8.0
67,1,1.27,0.9,2.86,12.11,39.7,26,295,72,547,0:00,5308 m,65,10.0 - 23.0 - 23.0 - 36.0 - 40.0 - 40.0 - 43.0 - 43.0 - 47.0 - 47.0 - 51.0 - 56.0 - 56.0 - 57.0 - 64.0 - 64.0 - 64.0 - 64.0 - 72.0 - 70.0 - 70.0 - 77.0 - 74.0 - 74.0 - 77.0 - 79.0 - 79.0 - 80.0 - 79.0 - 79.0 - 81.0 - 83.0 - 80.0 - 80.0 - 80.0 - 87.0 - 87.0 - 83.0 - 84.0 - 76.0 - 76.0 - 73.0 - 72.0 - 69.0 - 69.0 - 62.0 - 55.0 - 44.0 - 44.0 - 35.0 - 27.0 - 21.0 - 21.0 - 11.0 - 4.0
68,1,1.21,0.87,3.01,11.61,38.3,25.7,286,73,552,0:00,5335 m,36,11.0 - 29.0 - 42.0 - 42.0 - 51.0 - 51.0 - 53.0 - 56.0 - 56.0 - 64.0 - 64.0 - 65.0 - 75.0 - 75.0 - 72.0 - 80.0 - 80.0 - 79.0 - 84.0 - 84.0 - 79.0 - 83.0 - 83.0 - 84.0 - 80.0 - 80.0 - 79.0 - 75.0 - 75.0 - 75.0 - 76.0 - 76.0 - 76.0 - 68.0 - 68.0 - 68.0 - 66.0 - 64.0 - 62.0 - 62.0 - 58.0 - 51.0 - 50.0 - 50.0 - 42.0 - 38.0 - 27.0 - 27.0 - 24.0 - 17.0 - 11.0 - 11.0 - 6.0
69,1,1.21,0.89,2.97,11.88,37.2,25,285,70,541,0:00,5273 m,43,13.0 - 27.0 - 27.0 - 35.0 - 41.0 - 41.0 - 47.0 - 47.0 - 50.0 - 58.0 - 58.0 - 61.0 - 61.0 - 70.0 - 72.0 - 72.0 - 75.0 - 76.0 - 76.0 - 80.0 - 79.0 - 79.0 - 82.0 - 79.0 - 79.0 - 82.0 - 78.0 - 78.0 - 79.0 - 77.0 - 77.0 - 73.0 - 73.0 - 73.0 - 73.0 - 67.0 - 65.0 - 65.0 - 64.0 - 62.0 - 56.0 - 56.0 - 56.0 - 47.0 - 45.0 - 45.0 - 31.0 - 28.0 - 28.0 - 21.0 - 17.0 - 12.0 - 12.0 - 8.0
70,1,1.27,0.89,3,11.76,42.2,28,281,70,540,0:00,5262 m,31,19.0 - 35.0 - 35.0 - 47.0 - 47.0 - 54.0 - 57.0 - 57.0 - 65.0 - 65.0 - 69.0 - 73.0 - 73.0 - 83.0 - 83.0 - 83.0 - 93.0 - 93.0 - 87.0 - 91.0 - 91.0 - 92.0 - 90.0 - 88.0 - 88.0 - 87.0 - 89.0 - 89.0 - 81.0 - 80.0 - 80.0 - 81.0 - 79.0 - 79.0 - 79.0 - 73.0 - 69.0 - 66.0 - 66.0 - 66.0 - 60.0 - 52.0 - 52.0 - 56.0 - 47.0 - 49.0 - 49.0 - 34.0 - 30.0 - 22.0 - 17.0 - 17.0 - 11.0 - 6.0 - 0.0
71,1,1.15,0.83,2.93,11.89,41,26.8,292,73,550,0:00,5326 m,35,12.0 - 29.0 - 29.0 - 40.0 - 40.0 - 49.0 - 51.0 - 51.0 - 57.0 - 57.0 - 60.0 - 69.0 - 69.0 - 69.0 - 81.0 - 81.0 - 77.0 - 90.0 - 90.0 - 86.0 - 86.0 - 86.0 - 86.0 - 85.0 - 85.0 - 81.0 - 80.0 - 80.0 - 83.0 - 80.0 - 79.0 - 79.0 - 76.0 - 74.0 - 74.0 - 74.0 - 70.0 - 64.0 - 64.0 - 58.0 - 52.0 - 43.0 - 43.0 - 42.0 - 35.0 - 28.0 - 28.0 - 21.0 - 15.0 - 11.0 - 11.0
72,1,1.15,0.84,2.87,11.54,37.2,26.3,278,71,543,0:00,5284 m,47,16.0 - 29.0 - 40.0 - 40.0 - 47.0 - 47.0 - 50.0 - 50.0 - 54.0 - 59.0 - 59.0 - 65.0 - 69.0 - 69.0 - 74.0 - 74.0 - 75.0 - 77.0 - 77.0 - 80.0 - 81.0 - 81.0 - 80.0 - 82.0 - 82.0 - 77.0 - 80.0 - 80.0 - 79.0 - 77.0 - 82.0 - 82.0 - 77.0 - 71.0 - 71.0 - 69.0 - 68.0 - 65.0 - 65.0 - 62.0 - 58.0 - 51.0 - 51.0 - 45.0 - 38.0 - 31.0 - 31.0 - 24.0 - 14.0 - 12.0 - 12.0
73,1,1.21,0.85,3.05,11.4,43.9,28,275,71,544,0:00,5286 m,62,11.0 - 33.0 - 33.0 - 37.0 - 37.0 - 47.0 - 47.0 - 47.0 - 51.0 - 51.0 - 57.0 - 59.0 - 59.0 - 68.0 - 67.0 - 67.0 - 75.0 - 75.0 - 76.0 - 85.0 - 85.0 - 82.0 - 89.0 - 89.0 - 91.0 - 92.0 - 95.0 - 95.0 - 92.0 - 95.0 - 95.0 - 95.0 - 96.0 - 84.0 - 84.0 - 84.0 - 80.0 - 74.0 - 74.0 - 69.0 - 63.0 - 58.0 - 58.0 - 53.0 - 45.0 - 39.0 - 39.0 - 30.0 - 23.0 - 15.0 - 15.0 - 7.0 - 0.0
74,1,1.15,0.8,3.13,11.97,44.7,29.4,294,73,551,0:00,5330 m,52,19.0 - 37.0 - 37.0 - 43.0 - 48.0 - 48.0 - 54.0 - 54.0 - 63.0 - 73.0 - 73.0 - 73.0 - 73.0 - 81.0 - 79.0 - 79.0 - 88.0 - 85.0 - 85.0 - 93.0 - 92.0 - 92.0 - 93.0 - 93.0 - 93.0 - 98.0 - 93.0 - 97.0 - 97.0 - 91.0 - 90.0 - 87.0 - 87.0 - 85.0 - 79.0 - 73.0 - 73.0 - 68.0 - 59.0 - 52.0 - 52.0 - 43.0 - 35.0 - 28.0 - 28.0 - 21.0 - 14.0 - 11.0 - 11.0 - 0.0
75,1,1.18,0.82,3.09,12.24,44.2,28.6,300,72,549,0:00,5321 m,42,19.0 - 37.0 - 37.0 - 45.0 - 53.0 - 53.0 - 57.0 - 57.0 - 64.0 - 70.0 - 70.0 - 72.0 - 72.0 - 79.0 - 81.0 - 81.0 - 90.0 - 88.0 - 88.0 - 96.0 - 97.0 - 97.0 - 96.0 - 97.0 - 97.0 - 97.0 - 97.0 - 94.0 - 94.0 - 91.0 - 86.0 - 86.0 - 86.0 - 82.0 - 74.0 - 74.0 - 67.0 - 60.0 - 53.0 - 45.0 - 45.0 - 37.0 - 31.0 - 27.0 - 27.0 - 23.0 - 19.0 - 13.0 - 13.0 - 7.0
76,2,1.24,0.87,2.87,12.25,41.5,27.9,298,72,547,0:00,5307 m,31,10.0 - 30.0 - 30.0 - 46.0 - 57.0 - 57.0 - 55.0 - 55.0 - 62.0 - 66.0 - 66.0 - 73.0 - 73.0 - 80.0 - 84.0 - 84.0 - 91.0 - 89.0 - 89.0 - 85.0 - 91.0 - 91.0 - 87.0 - 86.0 - 86.0 - 81.0 - 81.0 - 81.0 - 81.0 - 78.0 - 77.0 - 77.0 - 76.0 - 77.0 - 76.0 - 76.0 - 69.0 - 67.0 - 63.0 - 63.0 - 61.0 - 59.0 - 54.0 - 54.0 - 49.0 - 42.0 - 37.0 - 37.0 - 29.0 - 21.0 - 13.0 - 13.0 - 9.0 - 0.0
77,2,1.18,0.82,2.98,11.55,42.4,28.8,288,74,556,0:00,5360 m,45,14.0 - 30.0 - 44.0 - 44.0 - 55.0 - 55.0 - 59.0 - 63.0 - 63.0 - 70.0 - 70.0 - 71.0 - 79.0 - 79.0 - 79.0 - 85.0 - 85.0 - 82.0 - 91.0 - 91.0 - 87.0 - 93.0 - 93.0 - 89.0 - 87.0 - 91.0 - 91.0 - 86.0 - 85.0 - 85.0 - 85.0 - 88.0 - 80.0 - 80.0 - 78.0 - 73.0 - 67.0 - 67.0 - 63.0 - 59.0 - 53.0 - 53.0 - 47.0 - 39.0 - 32.0 - 24.0 - 24.0 - 16.0 - 11.0
78,2,1.21,0.84,2.77,11.97,39.9,28,300,75,558,0:00,5370 m,46,10.0 - 29.0 - 29.0 - 46.0 - 56.0 - 56.0 - 60.0 - 60.0 - 62.0 - 71.0 - 71.0 - 72.0 - 76.0 - 76.0 - 79.0 - 79.0 - 85.0 - 83.0 - 83.0 - 86.0 - 87.0 - 86.0 - 86.0 - 88.0 - 87.0 - 87.0 - 85.0 - 85.0 - 85.0 - 84.0 - 83.0 - 83.0 - 83.0 - 84.0 - 79.0 - 79.0 - 79.0 - 69.0 - 65.0 - 60.0 - 60.0 - 54.0 - 45.0 - 38.0 - 38.0 - 31.0 - 24.0 - 18.0 - 10.0 - 10.0 - 7.0 - 0.0
79,2,1.18,0.82,2.72,11.34,37.5,27.6,287,76,561,0:00,5390 m,56,20.0 - 39.0 - 39.0 - 46.0 - 53.0 - 53.0 - 52.0 - 52.0 - 60.0 - 69.0 - 69.0 - 66.0 - 74.0 - 74.0 - 72.0 - 75.0 - 75.0 - 77.0 - 77.0 - 78.0 - 80.0 - 78.0 - 78.0 - 78.0 - 78.0 - 78.0 - 79.0 - 82.0 - 82.0 - 78.0 - 77.0 - 77.0 - 77.0 - 74.0 - 76.0 - 76.0 - 76.0 - 73.0 - 70.0 - 65.0 - 65.0 - 58.0 - 52.0 - 43.0 - 43.0 - 34.0 - 25.0 - 14.0 - 12.0 - 12.0
80,2,1.18,0.82,2.85,11.19,42.4,26.4,283,76,561,0:00,5390 m,50,16.0 - 29.0 - 29.0 - 36.0 - 43.0 - 43.0 - 46.0 - 46.0 - 52.0 - 53.0 - 53.0 - 60.0 - 63.0 - 63.0 - 68.0 - 73.0 - 73.0 - 78.0 - 80.0 - 80.0 - 81.0 - 89.0 - 89.0 - 88.0 - 93.0 - 93.0 - 87.0 - 87.0 - 87.0 - 88.0 - 88.0 - 81.0 - 81.0 - 77.0 - 74.0 - 65.0 - 65.0 - 68.0 - 61.0 - 57.0 - 57.0 - 46.0 - 38.0 - 31.0 - 31.0 - 25.0 - 19.0 - 13.0 - 13.0 - 10.0
81,2,1.24,0.87,2.96,11.61,37.9,26.4,287,73,553,0:00,5342 m,44,21.0 - 39.0 - 39.0 - 42.0 - 42.0 - 47.0 - 48.0 - 48.0 - 56.0 - 58.0 - 58.0 - 62.0 - 62.0 - 66.0 - 66.0 - 66.0 - 74.0 - 77.0 - 77.0 - 81.0 - 78.0 - 78.0 - 80.0 - 83.0 - 83.0 - 80.0 - 83.0 - 83.0 - 83.0 - 77.0 - 80.0 - 80.0 - 79.0 - 77.0 - 77.0 - 71.0 - 69.0 - 65.0 - 65.0 - 66.0 - 64.0 - 61.0 - 61.0 - 57.0 - 51.0 - 43.0 - 43.0 - 34.0 - 23.0 - 19.0 - 13.0 - 13.0 - 10.0 - 0.0
82,2,1.21,0.84,2.91,11.82,41.9,29.3,292,73,552,0:00,5337 m,42,24.0 - 42.0 - 49.0 - 49.0 - 55.0 - 55.0 - 58.0 - 66.0 - 66.0 - 70.0 - 70.0 - 76.0 - 75.0 - 75.0 - 85.0 - 85.0 - 85.0 - 85.0 - 91.0 - 91.0 - 90.0 - 92.0 - 92.0 - 88.0 - 91.0 - 91.0 - 88.0 - 88.0 - 88.0 - 88.0 - 85.0 - 86.0 - 83.0 - 83.0 - 77.0 - 75.0 - 72.0 - 72.0 - 69.0 - 66.0 - 60.0 - 60.0 - 54.0 - 46.0 - 39.0 - 28.0 - 28.0 - 19.0 - 11.0 - 5.0 - 5.0 - 0.0
83,2,1.12,0.77,2.91,11.61,41.2,28.1,293,76,561,0:00,5387 m,47,18.0 - 36.0 - 42.0 - 42.0 - 50.0 - 50.0 - 57.0 - 63.0 - 63.0 - 70.0 - 70.0 - 73.0 - 77.0 - 77.0 - 80.0 - 82.0 - 82.0 - 85.0 - 89.0 - 89.0 - 86.0 - 90.0 - 90.0 - 89.0 - 87.0 - 89.0 - 89.0 - 84.0 - 77.0 - 77.0 - 79.0 - 79.0 - 77.0 - 77.0 - 71.0 - 64.0 - 60.0 - 60.0 - 55.0 - 48.0 - 37.0 - 31.0 - 31.0 - 22.0 - 16.0 - 10.0 - 10.0
84,2,1.21,0.87,2.77,11.75,36.3,25.7,289,73,551,0:00,5331 m,55,15.0 - 32.0 - 32.0 - 44.0 - 52.0 - 52.0 - 57.0 - 57.0 - 63.0 - 64.0 - 64.0 - 71.0 - 71.0 - 66.0 - 77.0 - 77.0 - 71.0 - 78.0 - 78.0 - 72.0 - 76.0 - 76.0 - 74.0 - 77.0 - 77.0 - 78.0 - 76.0 - 76.0 - 80.0 - 77.0 - 74.0 - 74.0 - 75.0 - 77.0 - 73.0 - 73.0 - 69.0 - 67.0 - 67.0 - 62.0 - 60.0 - 53.0 - 53.0 - 50.0 - 43.0 - 36.0 - 36.0 - 28.0 - 21.0 - 17.0 - 17.0 - 8.0 - 5.0
85,2,1.21,0.85,2.74,11.19,40.4,26.7,274,72,549,0:00,5321 m,58,10.0 - 21.0 - 21.0 - 36.0 - 36.0 - 44.0 - 49.0 - 49.0 - 53.0 - 53.0 - 59.0 - 63.0 - 63.0 - 64.0 - 70.0 - 70.0 - 72.0 - 78.0 - 78.0 - 77.0 - 77.0 - 82.0 - 85.0 - 84.0 - 84.0 - 82.0 - 86.0 - 86.0 - 85.0 - 89.0 - 89.0 - 82.0 - 79.0 - 80.0 - 80.0 - 79.0 - 73.0 - 71.0 - 71.0 - 66.0 - 61.0 - 58.0 - 58.0 - 52.0 - 45.0 - 38.0 - 38.0 - 31.0 - 22.0 - 16.0 - 16.0 - 10.0
86,2,1.21,0.84,2.66,11.27,39.4,27.5,282,75,557,0:00,5368 m,61,20.0 - 37.0 - 46.0 - 46.0 - 49.0 - 49.0 - 53.0 - 58.0 - 58.0 - 59.0 - 59.0 - 65.0 - 67.0 - 67.0 - 74.0 - 72.0 - 72.0 - 74.0 - 82.0 - 82.0 - 79.0 - 85.0 - 85.0 - 81.0 - 83.0 - 83.0 - 83.0 - 84.0 - 82.0 - 82.0 - 86.0 - 85.0 - 81.0 - 81.0 - 79.0 - 77.0 - 74.0 - 74.0 - 70.0 - 67.0 - 57.0 - 57.0 - 55.0 - 42.0 - 42.0 - 42.0 - 29.0 - 23.0 - 10.0 - 5.0 - 5.0
87,2,1.21,0.84,3.01,11.12,40.3,26.5,283,77,565,0:00,5408 m,53,13.0 - 24.0 - 30.0 - 30.0 - 41.0 - 41.0 - 43.0 - 50.0 - 50.0 - 53.0 - 55.0 - 55.0 - 65.0 - 65.0 - 65.0 - 73.0 - 73.0 - 74.0 - 81.0 - 81.0 - 80.0 - 83.0 - 83.0 - 86.0 - 85.0 - 85.0 - 88.0 - 85.0 - 81.0 - 81.0 - 84.0 - 85.0 - 84.0 - 84.0 - 79.0 - 76.0 - 75.0 - 75.0 - 73.0 - 69.0 - 58.0 - 58.0 - 54.0 - 46.0 - 35.0 - 35.0 - 29.0 - 21.0 - 15.0 - 15.0 - 9.0
88,2,1.21,0.84,3.01,12.03,39.6,28.1,299,74,554,0:00,5351 m,61,22.0 - 35.0 - 35.0 - 44.0 - 44.0 - 45.0 - 53.0 - 53.0 - 58.0 - 67.0 - 67.0 - 67.0 - 67.0 - 74.0 - 74.0 - 74.0 - 82.0 - 80.0 - 80.0 - 82.0 - 82.0 - 82.0 - 84.0 - 83.0 - 83.0 - 85.0 - 86.0 - 86.0 - 81.0 - 80.0 - 87.0 - 87.0 - 83.0 - 83.0 - 75.0 - 75.0 - 71.0 - 67.0 - 73.0 - 73.0 - 68.0 - 68.0 - 54.0 - 54.0 - 46.0 - 40.0 - 31.0 - 31.0 - 23.0 - 14.0 - 9.0
89,2,1.21,0.88,2.96,12.09,37.6,25.5,298,73,551,0:00,5334 m,44,10.0 - 23.0 - 23.0 - 33.0 - 43.0 - 43.0 - 46.0 - 46.0 - 53.0 - 56.0 - 56.0 - 62.0 - 62.0 - 60.0 - 68.0 - 68.0 - 69.0 - 74.0 - 74.0 - 77.0 - 82.0 - 82.0 - 78.0 - 83.0 - 83.0 - 82.0 - 80.0 - 80.0 - 81.0 - 82.0 - 82.0 - 82.0 - 80.0 - 75.0 - 75.0 - 72.0 - 73.0 - 73.0 - 73.0 - 65.0 - 67.0 - 67.0 - 58.0 - 55.0 - 42.0 - 42.0 - 36.0 - 29.0 - 22.0 - 22.0 - 16.0 - 10.0 - 7.0 - 7.0
90,2,1.21,0.84,2.97,11.67,42.1,29.3,283,71,545,0:00,5297 m,40,19.0 - 36.0 - 36.0 - 48.0 - 51.0 - 51.0 - 60.0 - 60.0 - 66.0 - 73.0 - 73.0 - 74.0 - 74.0 - 77.0 - 83.0 - 83.0 - 84.0 - 87.0 - 87.0 - 91.0 - 92.0 - 92.0 - 91.0 - 92.0 - 92.0 - 92.0 - 87.0 - 85.0 - 85.0 - 90.0 - 87.0 - 87.0 - 89.0 - 80.0 - 77.0 - 77.0 - 75.0 - 75.0 - 69.0 - 64.0 - 64.0 - 58.0 - 46.0 - 46.0 - 46.0 - 37.0 - 32.0 - 18.0 - 18.0 - 13.0 - 7.0 - 0.0
91,2,1.24,0.87,2.78,12.03,38.1,26.9,301,75,557,0:00,5367 m,57,11.0 - 26.0 - 26.0 - 37.0 - 44.0 - 44.0 - 50.0 - 50.0 - 55.0 - 63.0 - 63.0 - 68.0 - 68.0 - 66.0 - 77.0 - 77.0 - 75.0 - 81.0 - 81.0 - 77.0 - 80.0 - 80.0 - 80.0 - 81.0 - 81.0 - 81.0 - 79.0 - 79.0 - 81.0 - 83.0 - 80.0 - 80.0 - 83.0 - 83.0 - 83.0 - 81.0 - 77.0 - 75.0 - 75.0 - 69.0 - 67.0 - 63.0 - 58.0 - 58.0 - 52.0 - 44.0 - 33.0 - 33.0 - 27.0 - 19.0 - 13.0 - 13.0 - 4.0
92,2,1.21,0.84,2.77,11.41,37.4,27.5,287,75,560,0:00,5381 m,47,17.0 - 38.0 - 38.0 - 48.0 - 48.0 - 58.0 - 61.0 - 61.0 - 64.0 - 68.0 - 68.0 - 70.0 - 70.0 - 76.0 - 74.0 - 74.0 - 77.0 - 81.0 - 81.0 - 79.0 - 81.0 - 81.0 - 81.0 - 82.0 - 82.0 - 82.0 - 81.0 - 80.0 - 80.0 - 82.0 - 82.0 - 80.0 - 80.0 - 81.0 - 78.0 - 74.0 - 74.0 - 71.0 - 66.0 - 60.0 - 60.0 - 51.0 - 48.0 - 40.0 - 40.0 - 35.0 - 26.0 - 19.0 - 13.0 - 13.0 - 4.0
93,2,1.21,0.87,2.92,11.48,37.5,24.9,289,75,560,0:00,5380 m,55,15.0 - 27.0 - 27.0 - 35.0 - 38.0 - 38.0 - 40.0 - 40.0 - 45.0 - 49.0 - 49.0 - 57.0 - 57.0 - 58.0 - 64.0 - 64.0 - 67.0 - 72.0 - 72.0 - 74.0 - 76.0 - 76.0 - 74.0 - 75.0 - 75.0 - 79.0 - 79.0 - 79.0 - 82.0 - 78.0 - 74.0 - 74.0 - 79.0 - 79.0 - 79.0 - 74.0 - 72.0 - 70.0 - 70.0 - 69.0 - 67.0 - 64.0 - 64.0 - 56.0 - 48.0 - 39.0 - 39.0 - 34.0 - 25.0 - 20.0 - 20.0 - 10.0 - 7.0
94,2,1.21,0.84,3,11.61,40.6,28.6,284,72,549,0:00,5321 m,52,24.0 - 35.0 - 35.0 - 46.0 - 46.0 - 46.0 - 51.0 - 51.0 - 54.0 - 62.0 - 62.0 - 66.0 - 71.0 - 71.0 - 74.0 - 79.0 - 79.0 - 82.0 - 82.0 - 84.0 - 84.0 - 84.0 - 85.0 - 88.0 - 88.0 - 88.0 - 89.0 - 80.0 - 80.0 - 87.0 - 84.0 - 79.0 - 79.0 - 77.0 - 80.0 - 81.0 - 81.0 - 81.0 - 80.0 - 72.0 - 72.0 - 68.0 - 58.0 - 51.0 - 51.0 - 43.0 - 33.0 - 23.0 - 23.0 - 14.0 - 8.0 - 0.0
95,2,1.21,0.85,2.85,12.03,40.6,27,299,74,555,0:00,5354 m,46,15.0 - 26.0 - 26.0 - 34.0 - 39.0 - 39.0 - 45.0 - 45.0 - 49.0 - 54.0 - 54.0 - 60.0 - 65.0 - 65.0 - 74.0 - 74.0 - 74.0 - 80.0 - 80.0 - 81.0 - 87.0 - 87.0 - 80.0 - 89.0 - 89.0 - 89.0 - 88.0 - 88.0 - 87.0 - 86.0 - 88.0 - 88.0 - 84.0 - 87.0 - 80.0 - 80.0 - 80.0 - 73.0 - 70.0 - 70.0 - 66.0 - 57.0 - 49.0 - 49.0 - 41.0 - 35.0 - 27.0 - 27.0 - 21.0 - 12.0 - 8.0 - 8.0
96,2,1.21,0.88,2.85,11.6,38.5,24.9,285,73,550,0:00,5327 m,61,11.0 - 24.0 - 24.0 - 27.0 - 36.0 - 36.0 - 37.0 - 37.0 - 42.0 - 43.0 - 43.0 - 43.0 - 43.0 - 52.0 - 53.0 - 53.0 - 59.0 - 62.0 - 62.0 - 67.0 - 67.0 - 69.0 - 72.0 - 72.0 - 73.0 - 78.0 - 78.0 - 76.0 - 80.0 - 80.0 - 82.0 - 81.0 - 84.0 - 84.0 - 82.0 - 75.0 - 75.0 - 81.0 - 84.0 - 83.0 - 83.0 - 72.0 - 66.0 - 60.0 - 60.0 - 57.0 - 51.0 - 41.0 - 41.0 - 32.0 - 20.0 - 13.0 - 13.0 - 6.0
97,2,1.24,0.87,2.71,11.47,41.7,26.9,280,72,548,0:00,5314 m,43,11.0 - 23.0 - 23.0 - 35.0 - 35.0 - 40.0 - 45.0 - 45.0 - 52.0 - 52.0 - 59.0 - 62.0 - 62.0 - 65.0 - 73.0 - 73.0 - 79.0 - 79.0 - 85.0 - 83.0 - 83.0 - 88.0 - 92.0 - 92.0 - 87.0 - 89.0 - 89.0 - 89.0 - 88.0 - 87.0 - 87.0 - 85.0 - 83.0 - 86.0 - 86.0 - 84.0 - 79.0 - 79.0 - 74.0 - 69.0 - 61.0 - 57.0 - 57.0 - 49.0 - 45.0 - 35.0 - 35.0 - 32.0 - 23.0 - 18.0 - 18.0 - 8.0 - 2.0
98,2,1.21,0.84,2.69,11.19,38,26.3,281,75,558,0:00,5372 m,67,23.0 - 34.0 - 34.0 - 45.0 - 48.0 - 48.0 - 52.0 - 52.0 - 60.0 - 64.0 - 64.0 - 64.0 - 69.0 - 69.0 - 70.0 - 71.0 - 71.0 - 75.0 - 73.0 - 73.0 - 74.0 - 76.0 - 76.0 - 77.0 - 74.0 - 74.0 - 75.0 - 77.0 - 75.0 - 75.0 - 68.0 - 80.0 - 80.0 - 76.0 - 83.0 - 73.0 - 73.0 - 70.0 - 69.0 - 64.0 - 64.0 - 57.0 - 52.0 - 44.0 - 44.0 - 35.0 - 26.0 - 18.0 - 18.0 - 12.0 - 7.0 - 0.0
99,2,1.12,0.8,2.7,10.98,36.4,25.6,274,74,556,0:00,5358 m,49,18.0 - 32.0 - 32.0 - 40.0 - 46.0 - 46.0 - 48.0 - 48.0 - 58.0 - 60.0 - 60.0 - 65.0 - 67.0 - 67.0 - 71.0 - 69.0 - 69.0 - 74.0 - 72.0 - 72.0 - 78.0 - 77.0 - 77.0 - 80.0 - 73.0 - 73.0 - 74.0 - 76.0 - 76.0 - 72.0 - 71.0 - 70.0 - 70.0 - 72.0 - 71.0 - 70.0 - 70.0 - 63.0 - 59.0 - 51.0 - 51.0 - 44.0 - 39.0 - 39.0 - 31.0 - 25.0 - 15.0 - 15.0 - 14.0
100,2,1.18,0.85,2.66,10.97,36.1,25.5,268,72,549,0:00,5319 m,47,18.0 - 34.0 - 42.0 - 42.0 - 47.0 - 47.0 - 45.0 - 56.0 - 56.0 - 58.0 - 58.0 - 64.0 - 57.0 - 57.0 - 68.0 - 71.0 - 71.0 - 74.0 - 70.0 - 70.0 - 76.0 - 75.0 - 75.0 - 78.0 - 79.0 - 79.0 - 78.0 - 79.0 - 79.0 - 76.0 - 76.0 - 79.0 - 79.0 - 75.0 - 70.0 - 70.0 - 67.0 - 67.0 - 65.0 - 65.0 - 61.0 - 56.0 - 49.0 - 49.0 - 38.0 - 38.0 - 27.0 - 27.0 - 24.0 - 11.0 - 6.0 - 6.0 - 0.0
101,2,1.21,0.85,2.83,10.91,41.1,25.9,269,73,552,0:00,5336 m,46,13.0 - 25.0 - 30.0 - 30.0 - 37.0 - 37.0 - 37.0 - 46.0 - 46.0 - 49.0 - 49.0 - 56.0 - 61.0 - 61.0 - 66.0 - 66.0 - 75.0 - 75.0 - 75.0 - 84.0 - 87.0 - 87.0 - 88.0 - 90.0 - 90.0 - 89.0 - 87.0 - 85.0 - 85.0 - 87.0 - 83.0 - 83.0 - 85.0 - 77.0 - 74.0 - 74.0 - 69.0 - 69.0 - 62.0 - 62.0 - 57.0 - 56.0 - 49.0 - 49.0 - 46.0 - 33.0 - 26.0 - 26.0 - 20.0 - 12.0 - 7.0 - 7.0
102,2,1.24,0.86,2.75,11.54,41.2,27,285,73,553,0:00,5341 m,57,13.0 - 28.0 - 28.0 - 41.0 - 41.0 - 46.0 - 51.0 - 51.0 - 55.0 - 64.0 - 64.0 - 66.0 - 66.0 - 72.0 - 73.0 - 73.0 - 80.0 - 80.0 - 80.0 - 82.0 - 83.0 - 83.0 - 87.0 - 87.0 - 87.0 - 87.0 - 88.0 - 88.0 - 85.0 - 90.0 - 90.0 - 90.0 - 85.0 - 81.0 - 77.0 - 77.0 - 71.0 - 68.0 - 65.0 - 65.0 - 60.0 - 56.0 - 52.0 - 52.0 - 45.0 - 40.0 - 30.0 - 30.0 - 24.0 - 17.0 - 9.0 - 9.0 - 4.0
103,2,1.18,0.82,2.84,11.25,38.3,26.3,282,75,558,0:00,5369 m,60,16.0 - 29.0 - 29.0 - 39.0 - 47.0 - 47.0 - 50.0 - 50.0 - 59.0 - 58.0 - 58.0 - 64.0 - 64.0 - 64.0 - 72.0 - 72.0 - 71.0 - 74.0 - 74.0 - 75.0 - 79.0 - 79.0 - 79.0 - 81.0 - 81.0 - 81.0 - 79.0 - 83.0 - 83.0 - 84.0 - 80.0 - 80.0 - 80.0 - 78.0 - 76.0 - 76.0 - 73.0 - 75.0 - 67.0 - 67.0 - 63.0 - 51.0 - 42.0 - 42.0 - 34.0 - 24.0 - 17.0 - 17.0 - 11.0 - 5.0
104,2,1.18,0.82,2.94,11.39,40.4,27.3,280,73,550,0:00,5327 m,40,17.0 - 31.0 - 31.0 - 41.0 - 47.0 - 47.0 - 52.0 - 52.0 - 57.0 - 62.0 - 62.0 - 69.0 - 69.0 - 69.0 - 74.0 - 74.0 - 78.0 - 85.0 - 85.0 - 89.0 - 83.0 - 83.0 - 87.0 - 87.0 - 87.0 - 84.0 - 83.0 - 85.0 - 85.0 - 80.0 - 83.0 - 83.0 - 82.0 - 83.0 - 79.0 - 79.0 - 75.0 - 67.0 - 64.0 - 64.0 - 56.0 - 48.0 - 41.0 - 41.0 - 32.0 - 26.0 - 17.0 - 17.0 - 13.0 - 7.0
105,2,1.24,0.88,2.81,11.83,36.5,26.4,289,72,548,0:00,5318 m,37,16.0 - 30.0 - 30.0 - 36.0 - 36.0 - 42.0 - 46.0 - 46.0 - 51.0 - 51.0 - 60.0 - 60.0 - 60.0 - 69.0 - 69.0 - 69.0 - 77.0 - 73.0 - 73.0 - 80.0 - 80.0 - 76.0 - 76.0 - 76.0 - 80.0 - 79.0 - 80.0 - 80.0 - 77.0 - 79.0 - 79.0 - 76.0 - 77.0 - 77.0 - 79.0 - 79.0 - 78.0 - 78.0 - 76.0 - 71.0 - 69.0 - 69.0 - 65.0 - 61.0 - 53.0 - 53.0 - 46.0 - 34.0 - 27.0 - 27.0 - 19.0 - 12.0 - 6.0 - 6.0
106,2,1.24,0.87,2.78,11.46,35.9,26.9,283,73,552,0:00,5339 m,50,20.0 - 34.0 - 34.0 - 45.0 - 49.0 - 49.0 - 54.0 - 60.0 - 60.0 - 64.0 - 64.0 - 63.0 - 67.0 - 67.0 - 69.0 - 76.0 - 76.0 - 74.0 - 72.0 - 72.0 - 75.0 - 76.0 - 76.0 - 76.0 - 77.0 - 77.0 - 79.0 - 76.0 - 76.0 - 77.0 - 78.0 - 79.0 - 79.0 - 77.0 - 74.0 - 74.0 - 72.0 - 76.0 - 78.0 - 78.0 - 72.0 - 66.0 - 61.0 - 53.0 - 53.0 - 48.0 - 40.0 - 30.0 - 30.0 - 22.0 - 13.0 - 8.0 - 8.0 - 0.0
107,2,1.24,0.87,2.86,11.47,39,26.3,288,75,559,0:00,5373 m,54,11.0 - 27.0 - 27.0 - 36.0 - 42.0 - 42.0 - 45.0 - 45.0 - 47.0 - 52.0 - 52.0 - 54.0 - 54.0 - 61.0 - 63.0 - 63.0 - 68.0 - 71.0 - 71.0 - 78.0 - 75.0 - 75.0 - 82.0 - 82.0 - 82.0 - 84.0 - 82.0 - 82.0 - 86.0 - 84.0 - 85.0 - 85.0 - 80.0 - 79.0 - 79.0 - 81.0 - 80.0 - 75.0 - 75.0 - 71.0 - 68.0 - 61.0 - 61.0 - 58.0 - 51.0 - 45.0 - 38.0 - 38.0 - 31.0 - 22.0 - 13.0 - 13.0 - 11.0 - 0.0
108,2,1.18,0.85,2.92,11.61,35.8,25.9,290,75,557,0:00,5362 m,45,24.0 - 40.0 - 40.0 - 44.0 - 46.0 - 46.0 - 48.0 - 48.0 - 56.0 - 60.0 - 60.0 - 65.0 - 64.0 - 64.0 - 70.0 - 70.0 - 71.0 - 74.0 - 74.0 - 76.0 - 78.0 - 78.0 - 78.0 - 79.0 - 79.0 - 78.0 - 75.0 - 77.0 - 77.0 - 77.0 - 71.0 - 71.0 - 76.0 - 77.0 - 75.0 - 75.0 - 67.0 - 66.0 - 61.0 - 61.0 - 58.0 - 51.0 - 46.0 - 46.0 - 41.0 - 35.0 - 26.0 - 26.0 - 20.0 - 15.0 - 9.0 - 9.0 - 0.0
109,2,1.24,0.87,2.83,11.68,39.1,27.6,284,72,547,0:00,5312 m,62,16.0 - 30.0 - 30.0 - 37.0 - 37.0 - 48.0 - 50.0 - 50.0 - 58.0 - 58.0 - 63.0 - 68.0 - 68.0 - 68.0 - 72.0 - 72.0 - 73.0 - 80.0 - 80.0 - 79.0 - 82.0 - 82.0 - 82.0 - 82.0 - 82.0 - 80.0 - 83.0 - 83.0 - 83.0 - 80.0 - 80.0 - 81.0 - 86.0 - 82.0 - 82.0 - 78.0 - 75.0 - 73.0 - 73.0 - 75.0 - 74.0 - 69.0 - 69.0 - 66.0 - 58.0 - 48.0 - 48.0 - 41.0 - 28.0 - 20.0 - 20.0 - 11.0 - 7.0
110,2,1.24,0.86,2.82,11.6,44.6,28.8,292,75,559,0:00,5375 m,60,15.0 - 29.0 - 29.0 - 37.0 - 42.0 - 42.0 - 45.0 - 45.0 - 47.0 - 56.0 - 56.0 - 56.0 - 67.0 - 67.0 - 70.0 - 70.0 - 80.0 - 79.0 - 79.0 - 80.0 - 85.0 - 85.0 - 89.0 - 90.0 - 90.0 - 89.0 - 90.0 - 90.0 - 90.0 - 94.0 - 98.0 - 95.0 - 95.0 - 93.0 - 92.0 - 88.0 - 88.0 - 86.0 - 84.0 - 76.0 - 76.0 - 72.0 - 66.0 - 55.0 - 55.0 - 50.0 - 38.0 - 30.0 - 22.0 - 22.0 - 11.0 - 11.0
111,2,1.18,0.81,2.92,11.61,37.8,26.3,300,79,571,0:00,5436 m,42,17.0 - 34.0 - 34.0 - 37.0 - 43.0 - 43.0 - 45.0 - 45.0 - 49.0 - 60.0 - 60.0 - 62.0 - 73.0 - 73.0 - 70.0 - 79.0 - 79.0 - 79.0 - 80.0 - 80.0 - 83.0 - 83.0 - 83.0 - 81.0 - 80.0 - 80.0 - 82.0 - 80.0 - 80.0 - 80.0 - 76.0 - 73.0 - 73.0 - 76.0 - 74.0 - 71.0 - 71.0 - 64.0 - 61.0 - 55.0 - 55.0 - 51.0 - 44.0 - 37.0 - 29.0 - 29.0 - 23.0 - 16.0 - 10.0 - 10.0
112,2,1.27,0.89,2.78,11.88,40.3,27.5,294,74,553,0:00,5343 m,43,10.0 - 22.0 - 22.0 - 35.0 - 41.0 - 41.0 - 50.0 - 50.0 - 53.0 - 61.0 - 61.0 - 59.0 - 59.0 - 67.0 - 72.0 - 72.0 - 75.0 - 82.0 - 82.0 - 86.0 - 84.0 - 84.0 - 88.0 - 87.0 - 87.0 - 87.0 - 85.0 - 85.0 - 88.0 - 86.0 - 86.0 - 86.0 - 81.0 - 83.0 - 83.0 - 82.0 - 79.0 - 76.0 - 76.0 - 73.0 - 74.0 - 63.0 - 63.0 - 61.0 - 57.0 - 52.0 - 46.0 - 46.0 - 39.0 - 30.0 - 23.0 - 23.0 - 15.0 - 8.0
113,2,1.15,0.79,2.97,11.35,44.7,27.5,290,77,566,0:00,5412 m,46,14.0 - 29.0 - 29.0 - 40.0 - 51.0 - 51.0 - 55.0 - 55.0 - 59.0 - 67.0 - 67.0 - 67.0 - 78.0 - 78.0 - 74.0 - 85.0 - 85.0 - 80.0 - 88.0 - 88.0 - 93.0 - 98.0 - 98.0 - 92.0 - 91.0 - 90.0 - 90.0 - 87.0 - 85.0 - 85.0 - 79.0 - 74.0 - 71.0 - 71.0 - 69.0 - 63.0 - 59.0 - 59.0 - 55.0 - 45.0 - 43.0 - 43.0 - 35.0 - 30.0 - 21.0 - 15.0 - 15.0 - 11.0
114,2,1.21,0.87,2.99,11.96,38.9,25.8,295,73,552,0:00,5340 m,34,20.0 - 33.0 - 33.0 - 46.0 - 54.0 - 54.0 - 56.0 - 56.0 - 64.0 - 65.0 - 65.0 - 76.0 - 76.0 - 81.0 - 84.0 - 84.0 - 84.0 - 85.0 - 85.0 - 81.0 - 84.0 - 84.0 - 83.0 - 79.0 - 79.0 - 78.0 - 71.0 - 76.0 - 76.0 - 73.0 - 74.0 - 74.0 - 62.0 - 63.0 - 62.0 - 62.0 - 57.0 - 55.0 - 52.0 - 52.0 - 49.0 - 45.0 - 46.0 - 46.0 - 41.0 - 38.0 - 30.0 - 30.0 - 25.0 - 20.0 - 15.0 - 15.0 - 8.0
115,2,1.21,0.89,2.46,11.82,35.6,23.4,282,70,540,0:00,5274 m,40,17.0 - 31.0 - 31.0 - 36.0 - 36.0 - 39.0 - 42.0 - 42.0 - 48.0 - 48.0 - 52.0 - 60.0 - 60.0 - 60.0 - 60.0 - 71.0 - 66.0 - 66.0 - 75.0 - 72.0 - 72.0 - 78.0 - 72.0 - 72.0 - 77.0 - 76.0 - 76.0 - 74.0 - 74.0 - 74.0 - 73.0 - 69.0 - 69.0 - 69.0 - 65.0 - 67.0 - 67.0 - 62.0 - 58.0 - 58.0 - 53.0 - 49.0 - 51.0 - 51.0 - 46.0 - 43.0 - 31.0 - 31.0 - 24.0 - 21.0 - 21.0 - 16.0 - 10.0 - 6.0 - 6.0
116,2,1.21,0.88,2.68,10.28,34,23.6,246,70,541,0:00,5280 m,44,15.0 - 32.0 - 32.0 - 43.0 - 47.0 - 47.0 - 46.0 - 46.0 - 49.0 - 53.0 - 53.0 - 55.0 - 59.0 - 59.0 - 62.0 - 62.0 - 68.0 - 65.0 - 65.0 - 71.0 - 73.0 - 73.0 - 71.0 - 74.0 - 74.0 - 73.0 - 72.0 - 72.0 - 72.0 - 73.0 - 71.0 - 71.0 - 70.0 - 66.0 - 66.0 - 70.0 - 68.0 - 68.0 - 68.0 - 57.0 - 55.0 - 53.0 - 53.0 - 49.0 - 43.0 - 43.0 - 32.0 - 27.0 - 20.0 - 20.0 - 16.0 - 8.0 - 3.0 - 3.0 - 0.0
117,2,1.24,0.86,2.73,10.91,42.9,29.1,265,72,547,0:00,5309 m,46,21.0 - 32.0 - 32.0 - 40.0 - 45.0 - 45.0 - 49.0 - 49.0 - 58.0 - 61.0 - 61.0 - 69.0 - 69.0 - 69.0 - 78.0 - 78.0 - 77.0 - 83.0 - 83.0 - 84.0 - 90.0 - 90.0 - 85.0 - 94.0 - 92.0 - 92.0 - 92.0 - 88.0 - 88.0 - 91.0 - 87.0 - 86.0 - 86.0 - 88.0 - 85.0 - 87.0 - 87.0 - 80.0 - 75.0 - 72.0 - 72.0 - 68.0 - 63.0 - 57.0 - 57.0 - 49.0 - 41.0 - 31.0 - 22.0 - 22.0 - 14.0 - 8.0
118,2,1.21,0.83,3.42,11.39,40.3,27.3,296,79,573,0:00,5443 m,52,22.0 - 34.0 - 42.0 - 42.0 - 44.0 - 44.0 - 48.0 - 54.0 - 54.0 - 57.0 - 67.0 - 67.0 - 70.0 - 76.0 - 76.0 - 77.0 - 80.0 - 80.0 - 81.0 - 86.0 - 86.0 - 85.0 - 84.0 - 84.0 - 84.0 - 88.0 - 85.0 - 85.0 - 84.0 - 81.0 - 81.0 - 81.0 - 82.0 - 82.0 - 82.0 - 76.0 - 73.0 - 71.0 - 63.0 - 63.0 - 60.0 - 51.0 - 39.0 - 39.0 - 35.0 - 25.0 - 21.0 - 21.0 - 9.0 - 3.0
119,2,1.21,0.89,2.51,13.21,39.6,26.4,319,71,544,0:00,5296 m,41,11.0 - 26.0 - 26.0 - 40.0 - 40.0 - 50.0 - 54.0 - 54.0 - 58.0 - 58.0 - 66.0 - 69.0 - 69.0 - 72.0 - 72.0 - 74.0 - 68.0 - 68.0 - 81.0 - 79.0 - 79.0 - 87.0 - 80.0 - 80.0 - 79.0 - 76.0 - 76.0 - 77.0 - 77.0 - 77.0 - 74.0 - 75.0 - 76.0 - 76.0 - 71.0 - 71.0 - 71.0 - 72.0 - 69.0 - 68.0 - 68.0 - 63.0 - 58.0 - 55.0 - 55.0 - 49.0 - 43.0 - 34.0 - 34.0 - 28.0 - 22.0 - 15.0 - 15.0 - 7.0
120,2,1.21,0.84,2.71,10.49,38.4,26.4,261,74,555,0:00,5355 m,40,14.0 - 31.0 - 31.0 - 41.0 - 48.0 - 48.0 - 51.0 - 56.0 - 56.0 - 57.0 - 57.0 - 66.0 - 66.0 - 66.0 - 70.0 - 71.0 - 71.0 - 80.0 - 82.0 - 82.0 - 84.0 - 83.0 - 83.0 - 81.0 - 84.0 - 84.0 - 82.0 - 78.0 - 81.0 - 81.0 - 81.0 - 77.0 - 77.0 - 74.0 - 74.0 - 71.0 - 71.0 - 71.0 - 66.0 - 60.0 - 55.0 - 55.0 - 48.0 - 41.0 - 33.0 - 33.0 - 29.0 - 21.0 - 13.0 - 13.0 - 9.0 - 0.0
121,2,1.18,0.81,2.76,11.12,40.3,27.9,281,76,561,0:00,5384 m,50,23.0 - 36.0 - 36.0 - 45.0 - 43.0 - 43.0 - 51.0 - 51.0 - 53.0 - 61.0 - 61.0 - 62.0 - 66.0 - 66.0 - 74.0 - 74.0 - 75.0 - 78.0 - 78.0 - 82.0 - 83.0 - 84.0 - 84.0 - 87.0 - 88.0 - 88.0 - 86.0 - 86.0 - 86.0 - 88.0 - 87.0 - 86.0 - 86.0 - 84.0 - 80.0 - 74.0 - 74.0 - 77.0 - 71.0 - 70.0 - 70.0 - 55.0 - 45.0 - 39.0 - 28.0 - 28.0 - 19.0 - 11.0 - 4.0 - 4.0
122,2,1.27,0.87,2.86,11.54,41.3,27.7,294,77,565,0:00,5405 m,52,13.0 - 28.0 - 28.0 - 40.0 - 49.0 - 49.0 - 51.0 - 51.0 - 57.0 - 63.0 - 63.0 - 64.0 - 70.0 - 70.0 - 72.0 - 78.0 - 78.0 - 79.0 - 82.0 - 82.0 - 85.0 - 84.0 - 84.0 - 83.0 - 89.0 - 89.0 - 85.0 - 91.0 - 91.0 - 84.0 - 81.0 - 83.0 - 83.0 - 85.0 - 82.0 - 82.0 - 82.0 - 78.0 - 74.0 - 71.0 - 71.0 - 68.0 - 61.0 - 55.0 - 49.0 - 49.0 - 42.0 - 33.0 - 25.0 - 19.0 - 19.0 - 13.0 - 5.0 - 0.0
123,2,1.27,0.87,3.09,11.89,40.8,28.7,308,79,571,0:00,5436 m,47,17.0 - 30.0 - 43.0 - 43.0 - 49.0 - 49.0 - 53.0 - 62.0 - 62.0 - 62.0 - 71.0 - 71.0 - 70.0 - 70.0 - 77.0 - 77.0 - 77.0 - 83.0 - 82.0 - 82.0 - 86.0 - 85.0 - 85.0 - 85.0 - 89.0 - 89.0 - 89.0 - 84.0 - 87.0 - 89.0 - 89.0 - 83.0 - 85.0 - 86.0 - 86.0 - 84.0 - 80.0 - 78.0 - 78.0 - 74.0 - 72.0 - 65.0 - 59.0 - 59.0 - 52.0 - 45.0 - 36.0 - 36.0 - 28.0 - 19.0 - 11.0 - 7.0 - 7.0
124,2,1.21,0.84,3.09,12.45,41.5,28.4,320,78,567,0:00,5417 m,53,10.0 - 27.0 - 27.0 - 39.0 - 47.0 - 47.0 - 55.0 - 55.0 - 58.0 - 67.0 - 67.0 - 68.0 - 75.0 - 75.0 - 76.0 - 76.0 - 84.0 - 84.0 - 84.0 - 87.0 - 87.0 - 87.0 - 87.0 - 86.0 - 85.0 - 85.0 - 91.0 - 84.0 - 84.0 - 87.0 - 84.0 - 85.0 - 85.0 - 84.0 - 82.0 - 77.0 - 77.0 - 75.0 - 73.0 - 66.0 - 66.0 - 63.0 - 56.0 - 46.0 - 37.0 - 37.0 - 29.0 - 23.0 - 15.0 - 15.0 - 8.0
125,2,1.27,0.89,2.74,12.45,35.7,26.3,310,74,556,0:00,5359 m,64,22.0 - 36.0 - 36.0 - 43.0 - 46.0 - 46.0 - 48.0 - 48.0 - 53.0 - 59.0 - 59.0 - 58.0 - 58.0 - 63.0 - 62.0 - 62.0 - 67.0 - 68.0 - 68.0 - 73.0 - 68.0 - 68.0 - 75.0 - 75.0 - 75.0 - 73.0 - 74.0 - 74.0 - 75.0 - 76.0 - 76.0 - 74.0 - 74.0 - 74.0 - 74.0 - 78.0 - 77.0 - 76.0 - 76.0 - 74.0 - 76.0 - 76.0 - 73.0 - 72.0 - 63.0 - 53.0 - 53.0 - 46.0 - 38.0 - 29.0 - 29.0 - 19.0 - 13.0 - 4.0 - 4.0 - 0.0
126,2,1.24,0.87,2.67,11.33,36.5,25,283,75,557,0:00,5362 m,58,17.0 - 28.0 - 28.0 - 32.0 - 40.0 - 40.0 - 40.0 - 49.0 - 49.0 - 45.0 - 45.0 - 52.0 - 52.0 - 52.0 - 58.0 - 61.0 - 61.0 - 66.0 - 66.0 - 65.0 - 73.0 - 73.0 - 73.0 - 76.0 - 76.0 - 76.0 - 76.0 - 76.0 - 76.0 - 78.0 - 80.0 - 80.0 - 74.0 - 74.0 - 74.0 - 74.0 - 74.0 - 78.0 - 78.0 - 76.0 - 73.0 - 67.0 - 67.0 - 62.0 - 55.0 - 48.0 - 48.0 - 40.0 - 30.0 - 22.0 - 22.0 - 12.0 - 9.0
127,2,1.24,0.87,3.11,11.11,38.3,25.2,276,74,554,0:00,5351 m,57,12.0 - 24.0 - 24.0 - 32.0 - 39.0 - 39.0 - 41.0 - 41.0 - 47.0 - 51.0 - 51.0 - 55.0 - 56.0 - 56.0 - 60.0 - 60.0 - 65.0 - 69.0 - 69.0 - 70.0 - 72.0 - 72.0 - 76.0 - 73.0 - 73.0 - 74.0 - 80.0 - 80.0 - 80.0 - 84.0 - 79.0 - 79.0 - 80.0 - 84.0 - 84.0 - 83.0 - 77.0 - 73.0 - 73.0 - 75.0 - 68.0 - 65.0 - 65.0 - 56.0 - 49.0 - 42.0 - 42.0 - 35.0 - 27.0 - 21.0 - 21.0 - 11.0 - 6.0
128,2,1.15,0.84,2.8,12.1,39.1,26.4,290,70,541,0:00,5282 m,41,20.0 - 30.0 - 30.0 - 39.0 - 44.0 - 44.0 - 49.0 - 49.0 - 56.0 - 61.0 - 61.0 - 67.0 - 67.0 - 70.0 - 74.0 - 74.0 - 77.0 - 79.0 - 79.0 - 85.0 - 86.0 - 86.0 - 81.0 - 84.0 - 84.0 - 84.0 - 81.0 - 81.0 - 79.0 - 82.0 - 82.0 - 78.0 - 76.0 - 70.0 - 70.0 - 70.0 - 67.0 - 67.0 - 64.0 - 57.0 - 52.0 - 52.0 - 47.0 - 39.0 - 35.0 - 35.0 - 28.0 - 21.0 - 13.0 - 13.0 - 11.0
129,2,1.21,0.85,2.94,11.19,39.7,27.9,269,70,543,0:00,5290 m,50,17.0 - 30.0 - 30.0 - 40.0 - 40.0 - 45.0 - 50.0 - 50.0 - 53.0 - 53.0 - 57.0 - 62.0 - 62.0 - 64.0 - 70.0 - 70.0 - 70.0 - 76.0 - 76.0 - 78.0 - 78.0 - 82.0 - 82.0 - 86.0 - 86.0 - 87.0 - 85.0 - 85.0 - 87.0 - 85.0 - 85.0 - 82.0 - 86.0 - 85.0 - 85.0 - 85.0 - 81.0 - 82.0 - 82.0 - 74.0 - 73.0 - 66.0 - 66.0 - 59.0 - 52.0 - 44.0 - 44.0 - 33.0 - 24.0 - 16.0 - 16.0 - 9.0
130,2,1.21,0.85,2.72,11.8,38.6,26.8,292,73,553,0:00,5341 m,46,14.0 - 29.0 - 29.0 - 36.0 - 44.0 - 44.0 - 45.0 - 45.0 - 54.0 - 57.0 - 57.0 - 62.0 - 62.0 - 65.0 - 68.0 - 68.0 - 76.0 - 75.0 - 75.0 - 80.0 - 80.0 - 80.0 - 82.0 - 85.0 - 85.0 - 82.0 - 84.0 - 84.0 - 83.0 - 81.0 - 83.0 - 83.0 - 83.0 - 77.0 - 77.0 - 77.0 - 74.0 - 73.0 - 73.0 - 72.0 - 67.0 - 60.0 - 60.0 - 50.0 - 48.0 - 36.0 - 33.0 - 33.0 - 18.0 - 15.0 - 8.0 - 8.0
131,2,1.15,0.83,2.68,11.11,37.1,24.8,276,74,554,0:00,5350 m,53,23.0 - 29.0 - 29.0 - 38.0 - 39.0 - 39.0 - 42.0 - 42.0 - 48.0 - 54.0 - 54.0 - 56.0 - 56.0 - 63.0 - 63.0 - 63.0 - 70.0 - 72.0 - 72.0 - 75.0 - 77.0 - 77.0 - 77.0 - 76.0 - 76.0 - 74.0 - 81.0 - 81.0 - 77.0 - 78.0 - 76.0 - 76.0 - 72.0 - 72.0 - 72.0 - 67.0 - 64.0 - 63.0 - 63.0 - 60.0 - 54.0 - 50.0 - 50.0 - 42.0 - 35.0 - 28.0 - 28.0 - 21.0 - 14.0 - 10.0 - 10.0
132,2,1.24,0.87,3.16,10.97,40.3,25.9,268,72,548,0:00,5316 m,45,12.0 - 28.0 - 28.0 - 39.0 - 47.0 - 47.0 - 47.0 - 47.0 - 52.0 - 51.0 - 51.0 - 55.0 - 55.0 - 60.0 - 61.0 - 61.0 - 66.0 - 66.0 - 66.0 - 69.0 - 75.0 - 75.0 - 79.0 - 88.0 - 88.0 - 80.0 - 83.0 - 83.0 - 81.0 - 80.0 - 80.0 - 82.0 - 78.0 - 73.0 - 73.0 - 73.0 - 74.0 - 69.0 - 69.0 - 69.0 - 65.0 - 63.0 - 63.0 - 60.0 - 56.0 - 48.0 - 48.0 - 39.0 - 31.0 - 18.0 - 18.0 - 16.0 - 12.0
133,2,1.21,0.89,2.98,12.37,39.1,25.7,296,70,540,0:00,5278 m,51,12.0 - 27.0 - 27.0 - 36.0 - 39.0 - 39.0 - 40.0 - 40.0 - 47.0 - 52.0 - 52.0 - 59.0 - 59.0 - 61.0 - 68.0 - 68.0 - 68.0 - 68.0 - 75.0 - 78.0 - 78.0 - 79.0 - 80.0 - 80.0 - 85.0 - 82.0 - 82.0 - 86.0 - 84.0 - 84.0 - 84.0 - 83.0 - 82.0 - 82.0 - 82.0 - 83.0 - 83.0 - 77.0 - 72.0 - 67.0 - 67.0 - 64.0 - 59.0 - 53.0 - 53.0 - 47.0 - 34.0 - 30.0 - 30.0 - 22.0 - 16.0 - 9.0 - 9.0 - 6.0 - 0.0
134,2,1.18,0.87,2.61,11.68,39.6,26.4,277,69,537,0:00,5264 m,60,17.0 - 27.0 - 27.0 - 31.0 - 40.0 - 40.0 - 43.0 - 43.0 - 51.0 - 52.0 - 52.0 - 59.0 - 59.0 - 62.0 - 68.0 - 68.0 - 66.0 - 75.0 - 75.0 - 75.0 - 75.0 - 79.0 - 78.0 - 78.0 - 83.0 - 81.0 - 81.0 - 82.0 - 83.0 - 82.0 - 82.0 - 87.0 - 83.0 - 83.0 - 79.0 - 80.0 - 83.0 - 83.0 - 77.0 - 76.0 - 76.0 - 61.0 - 62.0 - 52.0 - 52.0 - 51.0 - 34.0 - 30.0 - 30.0 - 22.0 - 15.0 - 10.0 - 10.0
135,2,1.27,0.86,2.83,10.91,43.7,30.8,274,75,559,0:00,5371 m,51,22.0 - 34.0 - 34.0 - 43.0 - 44.0 - 44.0 - 55.0 - 55.0 - 60.0 - 70.0 - 70.0 - 70.0 - 77.0 - 77.0 - 78.0 - 86.0 - 86.0 - 86.0 - 90.0 - 90.0 - 91.0 - 94.0 - 94.0 - 90.0 - 92.0 - 92.0 - 96.0 - 90.0 - 92.0 - 92.0 - 90.0 - 91.0 - 90.0 - 90.0 - 89.0 - 86.0 - 83.0 - 83.0 - 83.0 - 81.0 - 81.0 - 77.0 - 77.0 - 66.0 - 62.0 - 55.0 - 45.0 - 45.0 - 34.0 - 22.0 - 15.0 - 8.0 - 8.0
136,2,1.27,0.86,3.04,12.03,40.3,27.4,325,84,588,0:00,5511 m,44,11.0 - 24.0 - 24.0 - 34.0 - 44.0 - 44.0 - 48.0 - 48.0 - 54.0 - 57.0 - 57.0 - 61.0 - 61.0 - 61.0 - 68.0 - 68.0 - 68.0 - 75.0 - 74.0 - 74.0 - 84.0 - 81.0 - 81.0 - 88.0 - 84.0 - 84.0 - 82.0 - 83.0 - 85.0 - 85.0 - 86.0 - 87.0 - 84.0 - 84.0 - 80.0 - 79.0 - 74.0 - 74.0 - 77.0 - 74.0 - 75.0 - 64.0 - 64.0 - 60.0 - 56.0 - 48.0 - 48.0 - 42.0 - 33.0 - 23.0 - 13.0 - 13.0 - 8.0 - 0.0
137,2,1.18,0.81,3.05,12.23,43.1,29.2,316,78,569,0:00,5423 m,63,15.0 - 30.0 - 30.0 - 38.0 - 38.0 - 44.0 - 46.0 - 46.0 - 55.0 - 60.0 - 60.0 - 69.0 - 69.0 - 72.0 - 81.0 - 81.0 - 80.0 - 87.0 - 87.0 - 90.0 - 88.0 - 88.0 - 91.0 - 89.0 - 89.0 - 89.0 - 90.0 - 91.0 - 91.0 - 92.0 - 95.0 - 93.0 - 93.0 - 86.0 - 85.0 - 82.0 - 82.0 - 78.0 - 73.0 - 67.0 - 60.0 - 60.0 - 51.0 - 44.0 - 33.0 - 33.0 - 25.0 - 16.0 - 6.0
138,2,1.24,0.86,2.94,12.3,42.9,29.5,312,76,562,0:00,5389 m,60,18.0 - 32.0 - 44.0 - 44.0 - 48.0 - 48.0 - 52.0 - 57.0 - 57.0 - 61.0 - 61.0 - 64.0 - 65.0 - 65.0 - 70.0 - 66.0 - 66.0 - 78.0 - 81.0 - 81.0 - 85.0 - 87.0 - 87.0 - 90.0 - 91.0 - 91.0 - 91.0 - 91.0 - 93.0 - 93.0 - 94.0 - 91.0 - 91.0 - 89.0 - 89.0 - 94.0 - 94.0 - 89.0 - 89.0 - 81.0 - 73.0 - 73.0 - 66.0 - 58.0 - 48.0 - 48.0 - 41.0 - 29.0 - 25.0 - 17.0 - 17.0 - 14.0
139,2,1.21,0.82,2.87,12.03,40.9,29.4,313,79,572,0:00,5438 m,58,23.0 - 38.0 - 38.0 - 51.0 - 54.0 - 54.0 - 61.0 - 61.0 - 64.0 - 70.0 - 70.0 - 71.0 - 74.0 - 74.0 - 77.0 - 84.0 - 84.0 - 82.0 - 86.0 - 86.0 - 85.0 - 88.0 - 88.0 - 88.0 - 89.0 - 85.0 - 85.0 - 88.0 - 90.0 - 86.0 - 86.0 - 86.0 - 84.0 - 81.0 - 81.0 - 82.0 - 79.0 - 72.0 - 72.0 - 66.0 - 60.0 - 54.0 - 48.0 - 48.0 - 39.0 - 31.0 - 22.0 - 22.0 - 16.0 - 8.0
140,2,1.21,0.83,2.98,11.81,42.9,27.7,306,79,572,0:00,5434 m,65,14.0 - 28.0 - 28.0 - 33.0 - 39.0 - 39.0 - 43.0 - 43.0 - 51.0 - 56.0 - 56.0 - 58.0 - 65.0 - 65.0 - 72.0 - 74.0 - 74.0 - 80.0 - 81.0 - 81.0 - 85.0 - 85.0 - 85.0 - 88.0 - 84.0 - 84.0 - 89.0 - 91.0 - 89.0 - 89.0 - 93.0 - 93.0 - 93.0 - 94.0 - 90.0 - 88.0 - 88.0 - 80.0 - 76.0 - 68.0 - 60.0 - 60.0 - 52.0 - 44.0 - 36.0 - 36.0 - 29.0 - 20.0 - 11.0 - 4.0 - 4.0 - 0.0
141,2,1.24,0.87,2.99,12.1,40.3,27.6,306,76,561,0:00,5383 m,57,14.0 - 29.0 - 29.0 - 37.0 - 39.0 - 39.0 - 40.0 - 40.0 - 46.0 - 50.0 - 50.0 - 53.0 - 60.0 - 60.0 - 61.0 - 61.0 - 73.0 - 72.0 - 72.0 - 79.0 - 82.0 - 82.0 - 85.0 - 86.0 - 86.0 - 86.0 - 87.0 - 87.0 - 84.0 - 87.0 - 88.0 - 88.0 - 82.0 - 84.0 - 85.0 - 85.0 - 84.0 - 83.0 - 83.0 - 84.0 - 79.0 - 76.0 - 66.0 - 66.0 - 58.0 - 51.0 - 44.0 - 44.0 - 32.0 - 24.0 - 14.0 - 10.0 - 10.0 - 0.0
142,2,1.24,0.86,2.96,12.09,39.5,27.9,304,75,559,0:00,5373 m,57,11.0 - 31.0 - 31.0 - 36.0 - 45.0 - 45.0 - 44.0 - 44.0 - 52.0 - 58.0 - 58.0 - 63.0 - 63.0 - 71.0 - 71.0 - 71.0 - 75.0 - 75.0 - 75.0 - 82.0 - 79.0 - 79.0 - 83.0 - 84.0 - 84.0 - 81.0 - 84.0 - 84.0 - 83.0 - 84.0 - 87.0 - 87.0 - 85.0 - 79.0 - 84.0 - 84.0 - 84.0 - 85.0 - 80.0 - 80.0 - 78.0 - 70.0 - 66.0 - 66.0 - 60.0 - 52.0 - 42.0 - 42.0 - 30.0 - 22.0 - 15.0 - 9.0 - 9.0 - 0.0
143,2,1.27,0.88,2.74,12.1,39.9,27.4,306,76,561,0:00,5385 m,59,12.0 - 26.0 - 26.0 - 37.0 - 37.0 - 41.0 - 49.0 - 49.0 - 54.0 - 59.0 - 59.0 - 59.0 - 59.0 - 66.0 - 67.0 - 67.0 - 74.0 - 73.0 - 73.0 - 79.0 - 80.0 - 80.0 - 81.0 - 80.0 - 80.0 - 83.0 - 84.0 - 84.0 - 81.0 - 84.0 - 84.0 - 88.0 - 84.0 - 84.0 - 84.0 - 83.0 - 82.0 - 80.0 - 80.0 - 82.0 - 75.0 - 73.0 - 73.0 - 67.0 - 60.0 - 57.0 - 47.0 - 47.0 - 39.0 - 31.0 - 20.0 - 20.0 - 14.0 - 7.0
144,2,1.27,0.88,2.88,11.54,40.6,26.4,298,78,570,0:00,5424 m,46,12.0 - 26.0 - 26.0 - 37.0 - 44.0 - 44.0 - 44.0 - 44.0 - 50.0 - 53.0 - 53.0 - 58.0 - 61.0 - 61.0 - 65.0 - 70.0 - 70.0 - 78.0 - 77.0 - 77.0 - 78.0 - 86.0 - 86.0 - 83.0 - 89.0 - 89.0 - 81.0 - 85.0 - 85.0 - 84.0 - 83.0 - 80.0 - 80.0 - 85.0 - 84.0 - 81.0 - 81.0 - 76.0 - 74.0 - 68.0 - 68.0 - 63.0 - 57.0 - 52.0 - 52.0 - 47.0 - 42.0 - 34.0 - 27.0 - 27.0 - 18.0 - 11.0 - 5.0 - 5.0
145,2,1.27,0.87,2.71,11.88,42.3,29.5,304,77,567,0:00,5410 m,60,12.0 - 29.0 - 39.0 - 39.0 - 52.0 - 52.0 - 58.0 - 66.0 - 66.0 - 71.0 - 74.0 - 74.0 - 79.0 - 79.0 - 82.0 - 81.0 - 81.0 - 86.0 - 84.0 - 84.0 - 84.0 - 86.0 - 87.0 - 87.0 - 85.0 - 84.0 - 84.0 - 85.0 - 84.0 - 92.0 - 92.0 - 93.0 - 89.0 - 84.0 - 84.0 - 84.0 - 82.0 - 78.0 - 78.0 - 74.0 - 69.0 - 64.0 - 61.0 - 61.0 - 53.0 - 49.0 - 39.0 - 39.0 - 32.0 - 23.0 - 17.0 - 10.0 - 10.0
146,2,1.21,0.81,2.89,11.47,44.9,28.9,308,83,586,0:00,5498 m,56,19.0 - 29.0 - 29.0 - 36.0 - 37.0 - 37.0 - 41.0 - 41.0 - 48.0 - 55.0 - 55.0 - 62.0 - 70.0 - 70.0 - 74.0 - 81.0 - 81.0 - 88.0 - 90.0 - 90.0 - 96.0 - 97.0 - 97.0 - 93.0 - 95.0 - 97.0 - 97.0 - 98.0 - 97.0 - 96.0 - 96.0 - 90.0 - 90.0 - 85.0 - 85.0 - 80.0 - 77.0 - 75.0 - 68.0 - 68.0 - 64.0 - 57.0 - 48.0 - 48.0 - 39.0 - 28.0 - 20.0 - 15.0 - 15.0 - 9.0
147,2,1.24,0.85,3.11,12.01,40.3,27.8,317,81,578,0:00,5463 m,50,22.0 - 33.0 - 33.0 - 37.0 - 43.0 - 43.0 - 46.0 - 51.0 - 51.0 - 57.0 - 57.0 - 58.0 - 67.0 - 67.0 - 66.0 - 73.0 - 73.0 - 76.0 - 76.0 - 76.0 - 81.0 - 79.0 - 79.0 - 83.0 - 83.0 - 88.0 - 88.0 - 81.0 - 88.0 - 88.0 - 86.0 - 88.0 - 84.0 - 84.0 - 87.0 - 84.0 - 82.0 - 82.0 - 78.0 - 71.0 - 68.0 - 61.0 - 61.0 - 55.0 - 48.0 - 45.0 - 34.0 - 34.0 - 25.0 - 15.0 - 9.0 - 9.0
148,2,1.24,0.86,2.9,12.5,40.3,27.4,318,76,563,0:00,5394 m,45,20.0 - 35.0 - 35.0 - 44.0 - 49.0 - 49.0 - 52.0 - 52.0 - 59.0 - 61.0 - 61.0 - 69.0 - 67.0 - 67.0 - 77.0 - 77.0 - 74.0 - 85.0 - 85.0 - 84.0 - 84.0 - 84.0 - 81.0 - 88.0 - 85.0 - 85.0 - 87.0 - 82.0 - 82.0 - 82.0 - 84.0 - 80.0 - 80.0 - 79.0 - 79.0 - 77.0 - 77.0 - 71.0 - 67.0 - 63.0 - 63.0 - 58.0 - 53.0 - 49.0 - 49.0 - 38.0 - 35.0 - 26.0 - 26.0 - 20.0 - 8.0 - 6.0 - 0.0
149,2,1.24,0.85,2.88,11.82,43.8,29.7,298,75,560,0:00,5379 m,60,14.0 - 32.0 - 43.0 - 43.0 - 49.0 - 49.0 - 51.0 - 57.0 - 57.0 - 62.0 - 62.0 - 68.0 - 69.0 - 69.0 - 75.0 - 77.0 - 77.0 - 82.0 - 85.0 - 85.0 - 87.0 - 91.0 - 91.0 - 87.0 - 91.0 - 91.0 - 92.0 - 89.0 - 93.0 - 93.0 - 96.0 - 88.0 - 92.0 - 92.0 - 88.0 - 88.0 - 85.0 - 85.0 - 82.0 - 78.0 - 73.0 - 73.0 - 69.0 - 58.0 - 49.0 - 41.0 - 41.0 - 33.0 - 25.0 - 15.0 - 9.0 - 9.0
150,2,1.24,0.84,2.96,11.96,42.3,28.8,314,80,576,0:00,5453 m,52,14.0 - 32.0 - 32.0 - 41.0 - 47.0 - 47.0 - 53.0 - 53.0 - 53.0 - 65.0 - 65.0 - 65.0 - 77.0 - 77.0 - 71.0 - 81.0 - 81.0 - 81.0 - 85.0 - 85.0 - 87.0 - 90.0 - 90.0 - 87.0 - 90.0 - 90.0 - 93.0 - 93.0 - 90.0 - 90.0 - 85.0 - 86.0 - 87.0 - 87.0 - 91.0 - 87.0 - 85.0 - 85.0 - 82.0 - 71.0 - 70.0 - 61.0 - 61.0 - 54.0 - 41.0 - 33.0 - 24.0 - 24.0 - 19.0 - 13.0 - 8.0 - 8.0
151,2,1.24,0.85,3.05,12.16,42.6,28.6,316,79,572,0:00,5435 m,52,10.0 - 27.0 - 27.0 - 37.0 - 44.0 - 44.0 - 48.0 - 48.0 - 51.0 - 59.0 - 59.0 - 62.0 - 69.0 - 69.0 - 68.0 - 81.0 - 81.0 - 80.0 - 87.0 - 87.0 - 84.0 - 89.0 - 89.0 - 88.0 - 91.0 - 91.0 - 93.0 - 90.0 - 89.0 - 89.0 - 93.0 - 91.0 - 91.0 - 93.0 - 91.0 - 87.0 - 87.0 - 87.0 - 82.0 - 74.0 - 69.0 - 69.0 - 62.0 - 53.0 - 43.0 - 35.0 - 35.0 - 29.0 - 21.0 - 14.0 - 14.0 - 5.0
152,2,1.24,0.86,3.05,12.37,37.5,27.6,316,77,565,0:00,5403 m,48,14.0 - 27.0 - 27.0 - 37.0 - 37.0 - 43.0 - 48.0 - 48.0 - 53.0 - 61.0 - 61.0 - 61.0 - 61.0 - 72.0 - 73.0 - 73.0 - 81.0 - 74.0 - 74.0 - 78.0 - 76.0 - 76.0 - 81.0 - 80.0 - 80.0 - 82.0 - 79.0 - 79.0 - 78.0 - 82.0 - 82.0 - 82.0 - 74.0 - 75.0 - 75.0 - 76.0 - 77.0 - 79.0 - 79.0 - 79.0 - 77.0 - 74.0 - 71.0 - 71.0 - 63.0 - 51.0 - 48.0 - 48.0 - 36.0 - 29.0 - 14.0 - 7.0 - 7.0 - 0.0
