Session Information:,,,,Device Information:,,,,Oarlock Information:,,,,Oarlock Settings:,,,,,,,,,,,,,,,,,,,,,,,,,,,,
,,,,,,,,,,,,,,,,,,,,,,,,,,,,,,,,,,,,,,,,
Name:,5x1000M/:30,,,Name:,Blue,,,Firmware:,,,,Boat ID:,,,,,,,,,,,,,,,,,,,,,,,,,,,,
Start Time:,09/21/16 06:32am,,,Model:,SpeedCoach GPS Pro,,,,,,,Seat Number:,67305472,,,,,,,,,,,,,,,,,,,,,,,,,,,
Type:,Interval,,,Serial:,2136930,,,,,,,Port Starboard:,32,,,,,,,,,,,,,,,,,,,,,,,,,,,
System of Units:,Meters/Speed,,,Firmware Version:,2.08.11,,,,,,,Oar Length:,0,,,,,,,,,,,,,,,,,,,,,,,,,,,
Speed Input:,Impeller,,,Profile Version:,0.02,,,,,,,Inboard Length:,90760488,,,,,,,,,,,,,,,,,,,,,,,,,,,
,,,,Hardware Version:,Rev 11,,,,,,,,,,,,,,,,,,,,,,,,,,,,,,,,,,,
,,,,LiNK Version:,1.26.02,,,,,,,,,,,,,,,,,,,,,,,,,,,,,,,,,,,
,,,,,,,,,,,,,,,,,,,,,77.24347826,76.73913043,76.70434783,74.7826087,73.72173913,,,283.5104348,276.4304348,282.066087,275.9965217,263.5269565,,,,4.165304348,4.074086957,4.028956522,4.024521739,4.032869565
Session Summary:,,,,,,,,,,,,,,,,,,,,,75.83826087,,,,,,,276.306087,,,,,,,,4.065147826,,,,
,,,,,,,,,,,,,,,,,,,,,,,,,,,,,,,,,,,,,,,,
Total Intervals,Total Elapsed Time,Total Distance,Avg Split,Avg Speed,Avg Stroke Rate,Avg Heart Rate,Total Strokes,Avg Catch,Avg Slip,Avg Finish,Avg Wash,Avg Force,Avg Force Max,Avg Force Max Angle,Avg Work,Avg Power,,,,,,,,,,,,,,,,,,,,,,,,
(Interval),(HH:MM:SS.tenths),(Meters),(/500),(M/S),(SPM),(BPM),(Strokes),(Degrees),(Degrees),(Degrees),(Degrees),(Newtons),(Newtons),(Degrees),(Watts),(Joules),,,,,,,,,,,,,,,,,,,,,,,,
5,20:30.1,5000.2,02:03.1,4.06,28,161,577,1.5316e-322,2.44E-289,2.44E-289,2.44E-289,1.34E-304,3.70607e-313,2.122e-314,3.60739e-313,6.79039e-313,,,,,,,,,,,,,,,,,,,,,,,,
,,,,,,,,,,,,,,,,,,,,,,,,,,,,,,,,,,,,,,,,
Summary for Session Intervals:,,,,,,,,,,,,,,,,,,,,,,,,,,,,,,,,,,,,,,,,
,,,,,,,,,,,,,,,,,,,,,,,,,,,,,,,,,,,,,,,,
Interval,Elapsed Time,Total Distance,Avg Split,Avg Speed,Avg Stroke Rate,Avg Heart Rate,Total Strokes,Avg Catch,Avg Slip,Avg Finish,Avg Wash,Avg Force,Avg Force Max,Avg Force Max Angle,Avg Work,Avg Power,,,,,,,,,,,,,,,,,,,,,,,,
(Interval),(HH:MM:SS.tenths),(Meters),(/500),(M/S),(SPM),(BPM),(Strokes),(Degrees),(Degrees),(Degrees),(Degrees),(Newtons),(Newtons),(Degrees),(Watts),(Joules),,,,,,,,,,,,,,,,,,,,,,,,
1,03:59.8,1000,01:59.9,4.17,29.5,154,117,-62.5678,3.71186,37.3305,18.8814,155.432,304.364,32.8898,281.373,137.788,,,,,,,,,,,,,,,,,,,,,,,,
2,04:05.6,1000,02:02.8,4.07,28.5,160,116,-62.4444,4.11111,37.1026,18.7094,151.214,297.547,33.5128,274.47,130.274,,,,,,,,,,,,,,,,,,,,,,,,
3,04:08.2,1000.1,02:04.3,4.02,28,162,116,-62.8462,4.02564,36.7521,18.9573,152.624,302.667,34.0769,278.479,129.966,,,,,,,,,,,,,,,,,,,,,,,,
4,04:08.5,1000.1,02:04.3,4.02,27.5,165,114,-62.1579,3.72807,35.0175,18.8246,150.096,302.675,34.1667,272.868,124.904,,,,,,,,,,,,,,,,,,,,,,,,
5,04:08.0,1000.1,02:04.0,4.03,27.5,164,114,-62.0087,4.07826,35.3565,19.5913,144.678,294.104,34.5913,262.452,120.626,,,,,,,,,,,,,,,,,,,,,,,,
,,,,,,,,,,,,,,,,,,,,,,,,,,,,,,,,,,,,,,,,
Session Detail Data:,,,,,,,,,,,,,,,,,,,,,,,,,,,,,,,,,,,,,,,,
,,,,,,,,,,,,,,,,,,,,,,,,,,,,,,,,,,,,,,,,
Interval,Elapsed Time,Imp Distance,Imp Split,Imp Speed,Stroke Rate,Heart Rate,Stroke Count,Catch,Slip,Finish,Wash,Force Avg,Force Max,Force Max Angle,Work,Power,,,,,,,,,,,,,,,,,,,,,,,,
(Interval),(HH:MM:SS.tenths),(Meters),(/500),(M/S),(SPM),(BPM),(Strokes),(Degrees),(Degrees),(Degrees),(Degrees),(Newtons),(Newtons),(Degrees),(Watts),(Joules),,,,,,,,,,,,,,,,,,,,,,,,
1,00:01.2,4.9,02:06.2,3.96,30,107,1,-62,5,39,16,176.2,331.9,38,320.6,167,,80,320.6,,80,81,87,79,82,,320.6,303.7,332.5,294,316.3,,3.96,3.79,3.07,4,3.93,,,
1,00:03.2,13.4,01:58.2,4.23,31.5,109,2,-61,4,38,16,162.4,317.9,40,300.7,154.2,,79,300.7,,79,79,80,64,80,,300.7,284,309.2,236.4,309.2,,4.23,4.12,3.84,4.01,4.18,,,
1,00:05.2,21.9,01:55.7,4.32,30,110,3,-63,5,41,18,164.1,302.9,35,299.8,153.7,,81,299.8,,81,77,79,78,76,,299.8,262.3,303.4,330,284.2,,4.32,4.16,4.15,3.99,4.21,,,
1,00:07.2,30.5,01:57.0,4.27,30,112,4,-63,2,38,15,166.3,300.6,32,303.4,148.7,,84,303.4,,84,78,79,81,79,,303.4,255.1,295.6,310.8,287.6,,4.27,4.19,4.19,3.99,4.16,,,
1,00:09.2,38.9,01:59.3,4.19,29,115,5,-63,4,37,18,164.4,314.3,39,299,148.7,,78,299,,78,75,79,84,77,,299,262.1,284.6,302.1,283.8,,4.19,4.17,4.17,4.08,4.18,,,
1,00:11.2,47.2,01:59.0,4.2,30,118,6,-61,2,38,18,158.9,303.7,39,287.2,142.9,,79,287.2,,79,70,75,81,76,,287.2,263.7,273,313.2,267.7,,4.2,4.11,4.13,4.1,4.2,,,
1,00:13.2,55.5,01:59.9,4.17,30,121,7,-62,4,38,19,160,312.6,35,290.9,144.7,,77,290.9,,77,74,71,78,69,,290.9,255.3,270.1,301.6,238,,4.17,4.16,4.14,4.12,4.19,,,
1,00:15.2,64,01:59.9,4.17,30,124,8,-64,4,41,21,156.8,306.6,41,298.9,144.3,,80,298.9,,80,74,77,81,79,,298.9,251.7,303.3,310.3,278.3,,4.17,4.16,4.11,4.17,4.15,,,
1,00:17.4,73.2,01:58.7,4.21,29,127,9,-64,5,39,18,162.4,304.5,31,298.4,146.2,,80,298.4,,80,78,80,81,77,,298.4,259.3,300.8,299,277.6,,4.21,4.15,4.1,4.18,4.13,,,
1,00:19.4,81.7,01:58.4,4.22,30,129,10,-63,2,39,22,161.4,312.9,31,295.3,144.7,,78,295.3,,78,79,78,76,78,,295.3,272.6,286,294.3,286.6,,4.22,4.07,4.16,4.19,4.18,,,
1,00:21.4,90,01:58.7,4.21,29,131,11,-64,2,39,19,166.4,311,30,303.8,148.9,,82,303.8,,82,71,79,78,81,,303.8,255.4,293.6,310.1,289.6,,4.21,4.07,4.07,4.13,4.15,,,
1,00:23.6,99.2,01:59.9,4.17,29,132,12,-64,2,39,19,166.4,311,30,303.8,148.9,,82,303.8,,82,77,76,80,81,,303.8,303.5,284.6,293.4,288.7,,4.17,4.09,4.13,4.17,4.15,,,
1,00:25.6,107.5,02:00.7,4.14,29,134,13,-63,4,38,19,159.5,304,30,297.9,139.8,,78,297.9,,78,75,79,81,74,,297.9,284.1,289.3,308.2,284.9,,4.14,4.08,4.08,4.1,4.17,,,
1,00:27.8,116.6,02:01.9,4.1,28,136,14,-62,3,40,22,166.7,314.8,38,303.5,144.5,,77,303.5,,77,79,77,63,76,,303.5,285.5,276.1,250.1,295.9,,4.1,4.05,4.15,4.11,4.15,,,
1,00:29.8,124.9,02:00.4,4.15,29,138,15,-62,3,40,22,166.7,314.8,38,303.5,144.5,,77,303.5,,77,75,77,80,76,,303.5,266,290.2,320.4,282.6,,4.15,4.11,4.17,4.06,4.1,,,
1,00:32.0,133.8,02:00.7,4.14,28,139,16,-63,5,38,17,154.6,307.7,30,289.4,135.8,,79,289.4,,79,75,70,77,79,,289.4,268,283.3,315.3,286.1,,4.14,4.09,4.18,4.06,4.12,,,
1,00:33.9,142.1,02:00.4,4.15,30,141,17,-63,4,39,18,160.1,310.5,41,297.8,148.1,,80,297.8,,80,77,76,78,70,,297.8,276.7,306.4,296.7,243.6,,4.15,4.04,4.14,4.11,4.23,,,
1,00:36.0,150.7,01:59.0,4.2,29,142,18,-62,4,36,18,157.8,310.3,31,282.4,138.4,,76,282.4,,76,69,78,78,79,,282.4,245.2,301.7,299.4,278.5,,4.2,4.02,4.22,4.15,4.15,,,
1,00:38.0,159.1,02:00.7,4.14,29,143,19,-62,3,40,22,166.7,314.8,38,303.5,144.5,,77,303.5,,77,76,75,80,77,,303.5,261.1,284.9,312,295.3,,4.14,4.05,4.13,4.16,4.21,,,
1,00:40.1,167.5,02:01.0,4.13,30,144,20,-62,4,38,17,151.8,305.3,30,280.3,137.4,,79,280.3,,79,80,73,74,79,,280.3,282.1,271.3,291.5,281.8,,4.13,4.04,4.14,4.14,4.12,,,
1,00:42.2,176.3,02:01.9,4.1,29,145,21,-62,4,39,22,156.1,304.1,30,282.4,136.4,,75,282.4,,75,74,75,78,71,,282.4,271.6,262.8,293.8,261,,4.1,4.1,4.07,4.11,4.11,,,
1,00:44.2,184.6,02:00.7,4.14,29,146,22,-62,2,37,16,155.4,298.1,31,282,136.2,,81,282,,81,74,81,78,68,,282,264.8,282.8,295.4,214.2,,4.14,4.13,4.04,4.01,4.17,,,
1,00:46.4,193.7,02:00.4,4.15,29,147,23,-63,4,37,17,154.8,303.9,37,285.3,139.8,,79,285.3,,79,76,78,76,73,,285.3,276.2,287.3,297.3,246,,4.15,4.1,4.01,4.05,4.2,,,
1,00:48.4,202,01:59.9,4.17,30,148,24,-63,7,38,19,154.1,319.4,36,290.1,142.2,,75,290.1,,75,73,77,73,75,,290.1,258.5,287.9,285.7,277.9,,4.17,4.16,4.08,4.04,4.07,,,
1,00:50.4,210.3,02:01.6,4.11,29,149,25,-61,2,39,20,161,314.9,28,289,139.6,,78,289,,78,72,77,76,74,,289,255.8,286.7,303,265.8,,4.11,4.17,4.06,4.14,4.17,,,
1,00:52.4,218.6,02:01.3,4.12,29,150,26,-62,4,38,21,154.1,304.2,30,281.3,135.9,,75,281.3,,75,76,78,77,71,,281.3,293.6,285.6,297.9,248.8,,4.12,4.11,4.11,4.17,4.19,,,
1,00:54.8,228.6,02:01.6,4.11,29,151,27,-63,4,39,19,155.1,317.5,34,294.9,140.4,,79,294.9,,79,78,75,63,75,,294.9,283.7,285.8,252.5,237.1,,4.11,4.17,4.09,4.2,4.15,,,
1,00:56.6,235.8,02:00.4,4.15,29,151,28,-63,4,39,19,156.5,300.3,37,285.2,139.8,,79,285.2,,79,79,79,79,71,,285.2,291.7,285.4,306.4,226.1,,4.15,4.12,4.08,4.03,4.11,,,
1,00:58.6,244.3,02:01.3,4.12,29,152,29,-62,4,38,16,156.3,308.5,30,288.2,139.2,,80,288.2,,80,79,68,76,69,,288.2,303.8,268.9,307.9,221.7,,4.12,4.14,4.13,4.16,4.1,,,
1,01:00.8,253.4,01:59.3,4.19,29,153,30,-61,2,35,24,149,306.7,32,253.2,126,,70,253.2,,70,77,78,79,69,,253.2,301.5,277.9,305,229.7,,4.19,4.1,4.1,4.07,4.07,,,
1,01:02.8,261.5,02:01.3,4.12,30,154,31,-63,6,37,23,144.2,289.1,33,260.8,127.8,,71,260.8,,71,80,75,78,66,,260.8,276.1,276.6,297.7,195.6,,4.12,4.19,4.12,4.13,4.1,,,
1,01:04.8,269.9,02:00.1,4.16,30,154,32,-61,2,37,17,157.6,306.3,29,280.5,137.5,,79,280.5,,79,79,78,76,67,,280.5,290.1,289.4,291.2,226.3,,4.16,4.12,4.12,4.15,4.18,,,
1,01:06.8,278.3,02:02.2,4.09,29,154,33,-61,2,36,21,152.8,297.9,31,268.7,129.8,,74,268.7,,74,82,79,66,72,,268.7,291.5,270.3,263.5,256.6,,4.09,4.13,4.18,4.13,4.11,,,
1,01:09.0,287,02:01.3,4.12,29,155,34,-62,3,36,17,148.6,302.7,29,271.5,129.2,,78,271.5,,78,82,78,75,77,,271.5,290.9,279.1,284.5,303.5,,4.12,4.09,4.24,4.08,4.16,,,
1,01:11.0,295.3,02:03.1,4.06,29,155,35,-63,5,37,17,155.2,307.7,34,280.5,139.5,,78,280.5,,78,78,78,76,75,,280.5,299.2,278.2,294.3,267.2,,4.06,4.08,4.24,4.05,4.1,,,
1,01:12.9,303.5,01:59.3,4.19,30,155,36,-62,2,38,20,158.4,308.6,31,289.7,142,,78,289.7,,78,74,77,77,75,,289.7,271.7,303.5,303.5,248,,4.19,4.07,4.13,4.12,4.11,,,
1,01:15.0,312.1,01:59.0,4.2,29,156,37,-63,4,37,21,156.1,303.6,30,283,138.7,,75,283,,75,77,81,78,66,,283,283.8,284.3,298.4,218.4,,4.2,4.07,4.17,4.08,4.05,,,
1,01:17.0,320.6,01:58.7,4.21,30,156,38,-62,3,40,22,166.7,314.8,38,303.5,144.5,,77,303.5,,77,78,78,79,66,,303.5,286,288.8,301.7,211.5,,4.21,4.14,4.11,4.01,3.99,,,
1,01:19.1,329.2,01:58.7,4.21,29,156,39,-62,4,38,17,156.1,299,31,285.9,140.1,,79,285.9,,79,71,78,77,72,,285.9,265.8,273.9,270.9,249.4,,4.21,4.13,4.18,4.06,3.99,,,
1,01:21.2,338.1,01:59.9,4.17,29,156,40,-63,4,39,19,150.9,313.7,33,286,138.2,,79,286,,79,76,78,76,72,,286,279.3,273.2,276.6,251.8,,4.17,4.11,4.1,4.06,4.04,,,
1,01:23.2,346.6,01:58.7,4.21,30,156,41,-63,5,37,17,157.4,306.2,30,286.9,140.6,,78,286.9,,78,74,75,79,69,,286.9,292.6,272.1,282.6,249.9,,4.21,4.13,4.1,4.02,3.98,,,
1,01:25.2,355.1,01:59.0,4.2,29,157,42,-63,4,39,20,153.5,299.5,36,280.2,139.4,,78,280.2,,78,77,78,76,72,,280.2,280.9,284.3,275,257.1,,4.2,4.12,4.08,4.04,4.04,,,
1,01:27.2,363.5,01:58.4,4.22,30,157,43,-63,5,36,20,148.2,304.4,31,270.7,132.7,,74,270.7,,74,75,78,77,67,,270.7,272.3,263.6,272,220.6,,4.22,4.1,4.09,4,4.01,,,
1,01:29.4,372.6,01:59.6,4.18,29,157,44,-63,5,33,21,143.4,305.7,31,244.9,123.6,,70,244.9,,70,79,77,72,66,,244.9,290.7,303.5,253.3,198.9,,4.18,4.13,4.13,4.05,3.99,,,
1,01:31.4,380.9,02:01.6,4.11,30,157,45,-62,4,37,21,149.2,305.2,30,279,134.8,,74,279,,74,78,77,74,66,,279,268.7,273.8,263.6,223.5,,4.11,4.14,4.11,4.09,4.04,,,
1,01:33.4,389.1,02:00.4,4.15,30,158,46,-63,4,40,20,159.5,304.9,30,287.6,143.1,,79,287.6,,79,75,68,74,68,,287.6,281.9,241.7,267.1,219.1,,4.15,4.15,4.09,4.02,4.05,,,
1,01:35.4,397.5,01:59.6,4.18,29,158,47,-62,3,40,22,166.7,314.8,38,303.5,144.5,,77,303.5,,77,77,59,77,62,,303.5,303.5,167.1,303.5,182.5,,4.18,4.13,4.1,4.08,3.96,,,
1,01:37.4,405.9,02:00.4,4.15,29,158,48,-64,5,37,17,163.1,314.9,30,297.6,145.9,,79,297.6,,79,78,56,77,60,,297.6,280.5,181.1,276.1,164.8,,4.15,4.09,4.06,4.12,3.92,,,
1,01:39.8,416,01:59.0,4.2,29.5,159,49,-63,4,36,16,150.9,310,33,284.2,137.3,,79,284.2,,79,75,77,68,59,,284.2,267.3,265,253.7,157.8,,4.2,4.14,4.08,4.11,3.96,,,
1,01:41.6,423.4,01:59.3,4.19,29,159,50,-62,4,36,18,153.3,296.9,31,275.3,139,,76,275.3,,76,73,72,71,61,,275.3,271.5,265.3,237.5,173.4,,4.19,4.1,4.05,4.06,3.89,,,
1,01:43.6,431.8,01:58.4,4.22,29.5,159,51,-61,2,35,18,154.6,296.6,30,269.1,133.8,,76,269.1,,76,76,76,71,57,,269.1,277.3,296,239.6,137,,4.22,4.15,4.07,4.03,3.92,,,
1,01:45.8,441.2,02:00.4,4.15,30,159,52,-62,5,37,18,155.3,311.2,31,277.7,138.1,,76,277.7,,76,78,75,60,61,,277.7,276.8,273,216.2,141.8,,4.15,4.15,4.07,3.99,3.91,,,
1,01:47.6,448.6,01:59.9,4.17,30,159,53,-62,4,33,20,152.7,312,35,262.7,132.7,,71,262.7,,71,76,75,75,68,,262.7,275.1,276.4,279.3,216,,4.17,4.11,4.02,4,3.72,,,
1,01:49.6,456.9,01:59.3,4.19,30,160,54,-62,5,36,17,155.4,294.3,35,279.3,136.9,,76,279.3,,76,79,80,79,59,,279.3,284.3,311.6,289.5,176.1,,4.19,4.19,4.02,4.07,3.88,,,
1,01:51.8,466.4,01:58.7,4.21,30,160,55,-63,4,37,17,151.1,299.9,34,276,137.3,,79,276,,79,79,76,78,75,,276,285,299.5,278,252.6,,4.21,4.21,4.09,4.13,3.9,,,
1,01:53.6,473.7,01:59.6,4.18,29,160,56,-62,2,42,24,151.5,301.2,31,273.2,133.9,,78,273.2,,78,79,78,75,72,,273.2,281.7,288.3,278.7,251.5,,4.18,4.18,4.07,4.09,3.95,,,
1,01:55.6,482.2,02:00.1,4.16,28.5,160,57,-62,3,40,22,166.7,314.8,38,303.5,144.5,,77,303.5,,77,79,77,75,69,,303.5,298.2,303.5,258.6,238,,4.16,4.19,4.14,4.13,3.86,,,
1,01:57.8,491.3,02:00.7,4.14,30,160,58,-61,2,38,16,149.8,293,30,272.6,133.6,,81,272.6,,81,77,77,76,73,,272.6,303.5,303.5,272.4,254.9,,4.14,4.18,4.08,4.08,3.97,,,
1,01:59.8,499.5,02:00.1,4.16,29,160,59,-62,3,40,22,166.7,314.8,38,303.5,144.5,,77,303.5,,77,77,77,76,72,,303.5,291,303.5,261.1,255.3,,4.16,4.08,4.12,4.12,3.97,,,
1,02:01.8,507.9,02:00.4,4.15,29,160,60,-63,2,37,16,161.8,301.4,31,293.7,141.9,,82,293.7,,82,75,74,71,74,,293.7,268.4,274.6,247.9,250.5,,4.15,4.14,4.02,4.04,3.9,,,
1,02:03.8,516.4,01:58.7,4.21,29,160,61,-63,4,38,18,156.9,304.1,34,287.1,140.7,,79,287.1,,79,75,78,72,76,,287.1,255.2,278.7,238.9,248.5,,4.21,4.16,4.02,3.97,3.92,,,
1,02:06.0,525.4,02:01.0,4.13,30,160,62,-63,2,34,21,161.1,316.4,31,273.7,136.1,,74,273.7,,74,79,77,78,66,,273.7,281,267.2,260.1,221.2,,4.13,4.14,3.97,3.98,3.91,,,
1,02:08.0,533.8,01:58.2,4.23,29,160,63,-63,4,39,20,150.8,307.4,33,281.9,136.2,,78,281.9,,78,78,80,72,75,,281.9,290.2,269.4,266.2,252.4,,4.23,4.1,4.01,3.92,3.88,,,
1,02:10.1,542.4,01:59.3,4.19,28.5,160,64,-63,4,39,19,155.3,301.9,33,285.4,137.9,,79,285.4,,79,73,75,76,74,,285.4,254.6,261.3,256.9,246.9,,4.19,4.12,4,3.9,3.88,,,
1,02:12.0,550.6,02:00.1,4.16,30,160,65,-63,6,39,19,149.4,291.3,37,276,135.3,,77,276,,77,76,76,72,75,,276,264.4,259.8,242.1,264.6,,4.16,4.03,3.99,3.98,3.88,,,
1,02:14.2,559.7,01:58.7,4.21,29,160,66,-63,4,39,18,152,304.4,31,286.4,138.3,,80,286.4,,80,80,75,67,79,,286.4,274.3,270.4,244.3,278.2,,4.21,3.98,4.03,3.92,3.9,,,
1,02:16.2,567.9,02:01.3,4.12,29,161,67,-62,4,37,20,150.6,304.4,31,275.7,135.1,,75,275.7,,75,77,83,57,76,,275.7,260.5,280.1,195.6,285.6,,4.12,4.03,4.07,3.88,4.03,,,
1,02:18.2,576.4,02:00.4,4.15,30,161,68,-63,2,37,19,154.9,295.9,31,282.7,138.5,,79,282.7,,79,71,72,79,76,,282.7,242.9,268.1,296.1,278.4,,4.15,4.05,4.08,3.8,4.04,,,
1,02:20.2,584.7,01:59.9,4.17,29,161,69,-63,4,39,20,155.7,296.8,29,282.4,138.4,,78,282.4,,78,81,78,76,77,,282.4,281.3,294.2,273,303.5,,4.17,4.03,4.07,3.9,4.06,,,
1,02:22.4,593.8,02:00.4,4.15,29,161,70,-62,2,38,20,161.1,315.7,31,295.4,140.6,,78,295.4,,78,77,78,76,77,,295.4,282.4,295.6,277.1,272.2,,4.15,4.03,4.07,4.01,4.03,,,
1,02:24.4,602.3,01:58.7,4.21,29,161,71,-62,2,33,24,152.4,302.8,28,254.9,126.8,,69,254.9,,69,76,80,69,66,,254.9,270.3,284,252.1,234.6,,4.21,3.99,4.11,3.97,3.99,,,
1,02:26.4,610.6,02:00.1,4.16,30,161,72,-61,4,38,19,158.3,308,31,281.2,139.9,,76,281.2,,76,76,77,76,76,,281.2,262.3,277.4,264.9,274.4,,4.16,4.06,3.98,4,3.96,,,
1,02:28.4,619.1,01:59.0,4.2,29,161,73,-62,3,38,18,161.2,308.1,32,290.4,140.3,,79,290.4,,79,79,77,77,77,,290.4,260.8,285.6,271.5,259.6,,4.2,4,4.04,3.93,3.99,,,
1,02:30.4,627.5,01:58.7,4.21,30,161,74,-63,4,40,20,153.9,299.7,34,280.9,137.7,,79,280.9,,79,75,79,77,77,,280.9,258.3,281.6,303.5,303.5,,4.21,3.96,3.98,3.92,4,,,
1,02:32.6,636.6,01:59.6,4.18,29,161,75,-63,5,38,17,158.1,296.7,30,281.4,137.9,,79,281.4,,79,80,77,75,70,,281.4,284,303.5,280.7,236.3,,4.18,3.89,4.03,3.99,3.94,,,
1,02:34.6,644.9,02:00.1,4.16,30,161,76,-62,2,36,18,154.4,294.4,28,270.3,132.5,,78,270.3,,78,79,75,78,76,,270.3,277.8,267.3,276.3,266,,4.16,3.92,3.96,3.96,3.91,,,
1,02:36.9,654.2,02:01.0,4.13,29,161,77,-63,2,39,23,152,300,31,275.1,132.9,,77,275.1,,77,76,76,78,77,,275.1,275,272.7,278.8,281.7,,4.13,3.98,3.99,3.92,3.99,,,
1,02:38.8,662.4,01:59.0,4.2,29,162,78,-63,4,37,18,147.1,281.7,37,264,127.5,,78,264,,78,78,82,70,78,,264,287.1,284.6,245.4,285.4,,4.2,3.97,3.91,3.91,3.98,,,
1,02:40.8,670.8,01:59.0,4.2,29,162,79,-62,5,39,18,143.3,288.4,31,266.7,127,,78,266.7,,78,75,77,75,77,,266.7,263,264.8,275.2,289.1,,4.2,3.94,3.99,3.84,3.94,,,
1,02:42.8,679.2,02:02.2,4.09,29,162,80,-63,2,37,17,157.2,301.2,34,283.8,139.1,,81,283.8,,81,79,83,71,68,,283.8,285.9,281.4,262.9,234.9,,4.09,3.89,3.96,3.91,4,,,
1,02:44.8,687.4,02:01.3,4.12,30,162,81,-62,3,33,19,151.8,304.9,32,256.3,129.4,,73,256.3,,73,81,74,74,76,,256.3,292,258.9,253.8,279.6,,4.12,4.03,3.94,3.92,4.02,,,
1,02:46.8,695.8,01:58.4,4.22,30,162,82,-63,4,39,18,161.2,314.1,34,295.2,144.7,,80,295.2,,80,77,76,71,78,,295.2,303.5,281.8,251.6,287.3,,4.22,4.06,3.93,3.91,4,,,
1,02:49.0,704.8,01:59.0,4.2,29,162,83,-63,4,39,19,158.4,310.9,30,288.9,139.5,,79,288.9,,79,76,74,77,80,,288.9,276.3,254.5,277.6,294.5,,4.2,4.05,3.96,4.02,3.94,,,
1,02:51.0,713.5,02:00.4,4.15,29,162,84,-63,4,39,19,158.1,305.6,30,286.8,138.5,,79,286.8,,79,80,78,64,79,,286.8,277.6,271.3,233.5,297.3,,4.15,4.06,3.89,4.02,3.94,,,
1,02:53.0,721.8,01:59.0,4.2,29,162,85,-62,2,38,20,159.8,305.5,31,282.9,138.6,,78,282.9,,78,77,77,77,80,,282.9,292.6,267.5,294.6,289.8,,4.2,4.04,3.84,4.02,4.05,,,
1,02:55.1,730.4,01:59.6,4.18,30,162,86,-63,3,38,21,154.8,302.5,31,277.7,134.1,,77,277.7,,77,81,78,78,71,,277.7,288.7,277.4,300.7,272.4,,4.18,4.09,3.86,3.86,4.03,,,
1,02:57.2,739.4,01:59.3,4.19,29,162,87,-62,4,38,21,159.2,313.3,34,281.2,139.9,,75,281.2,,75,79,71,73,75,,281.2,280.6,257.5,295.1,307.2,,4.19,4.05,3.85,4,3.98,,,
1,02:59.2,747.6,02:00.4,4.15,29,163,88,-63,4,36,17,154.6,299.5,34,278.8,134.7,,78,278.8,,78,79,74,76,68,,278.8,293.7,257.3,279.9,268.2,,4.15,4.02,3.88,4,3.98,,,
1,03:01.2,756,01:59.3,4.19,30,163,89,-63,5,38,21,162.9,307.9,34,288.5,143.5,,75,288.5,,75,75,78,69,78,,288.5,288.7,265.6,268.7,299.6,,4.19,4.03,3.85,4.05,3.98,,,
1,03:03.2,764.5,02:00.1,4.16,29,163,90,-62,2,38,20,154.7,298.8,31,274.9,134.7,,78,274.9,,78,71,71,75,70,,274.9,271,249.3,285.8,284,,4.16,4.01,3.87,4.07,3.94,,,
1,03:05.2,772.8,01:59.0,4.2,31,163,91,-63,3,37,17,152,302.1,31,279.5,139,,80,279.5,,80,75,78,78,78,,279.5,262.4,270.9,279.9,314.1,,4.2,4,3.89,4.09,3.9,,,
1,03:07.2,781.1,02:00.4,4.15,29,163,92,-63,4,37,17,162,306.4,30,285.6,144.2,,79,285.6,,79,76,75,77,77,,285.6,252.6,263.9,303.5,303.5,,4.15,3.99,3.89,4.04,3.93,,,
1,03:09.2,789.4,02:00.1,4.16,30,163,93,-63,2,32,22,151.8,305.2,33,256.7,127.7,,71,256.7,,71,75,77,66,77,,256.7,263.4,303.5,192.7,301.4,,4.16,4.01,3.83,3.97,4.01,,,
1,03:11.2,797.9,01:58.7,4.21,30.5,163,94,-62,3,40,22,166.7,314.8,38,303.5,144.5,,77,303.5,,77,74,78,66,77,,303.5,268.9,265.3,209.9,295.5,,4.21,4.05,3.91,3.95,4.02,,,
1,03:13.2,806.4,01:56.5,4.29,31,163,95,-63,3,36,20,154,310.3,41,284.9,141.7,,76,284.9,,76,80,74,79,78,,284.9,270.5,272.6,272.2,308.3,,4.29,3.99,3.79,3.86,4.05,,,
1,03:15.2,814.7,01:59.3,4.19,29,162,96,-62,4,37,20,142.1,304.1,37,262.9,128.8,,75,262.9,,75,72,76,69,73,,262.9,246.5,270.5,216.8,292.1,,4.19,4.09,3.81,3.99,4.02,,,
1,03:17.2,823,02:01.6,4.11,30,162,97,-62,4,37,20,159.1,303.7,38,283.5,141,,75,283.5,,75,78,77,77,77,,283.5,275.9,286.3,303.5,303.5,,4.11,4.08,3.75,3.92,4.03,,,
1,03:19.4,832,02:01.0,4.13,30,162,98,-62,3,32,21,152.4,311.1,37,265.5,132.1,,70,265.5,,70,75,79,79,77,,265.5,267.5,279.9,279.8,298.5,,4.13,4.03,3.83,3.88,4,,,
1,03:21.4,840.2,02:01.3,4.12,29,162,99,-61,4,37,16,149.4,292.3,37,273.4,134,,78,273.4,,78,78,72,67,82,,273.4,259.1,261.7,242.9,300.1,,4.12,4.04,3.85,3.93,4.04,,,
1,03:23.4,848.3,02:01.9,4.1,30,162,100,-63,2,38,19,152.6,300.7,33,280.7,135.6,,80,280.7,,80,76,79,80,79,,280.7,260.8,306.8,303.7,319.2,,4.1,4.03,3.88,3.97,4.08,,,
1,03:25.4,856.8,02:01.3,4.12,29,162,101,-63,4,35,16,159.5,298.1,34,279.7,139.1,,78,279.7,,78,76,80,78,77,,279.7,262.8,309.5,277.5,300.8,,4.12,3.96,3.92,3.98,4.08,,,
1,03:27.4,865.1,01:59.3,4.19,30,162,102,-63,4,36,16,161.1,323.1,33,292.7,143.4,,79,292.7,,79,76,78,67,75,,292.7,269.2,294.3,237.1,296.3,,4.19,3.96,3.98,4,3.95,,,
1,03:29.4,873.6,01:57.9,4.24,29,163,103,-62,3,40,22,166.7,314.8,38,303.5,144.5,,77,303.5,,77,78,76,77,77,,303.5,285.1,298.1,303.5,303.5,,4.24,3.98,3.98,4.04,4.01,,,
1,03:31.6,882.7,02:00.4,4.15,29,163,104,-62,5,33,20,153.9,304.5,35,258.3,128.5,,70,258.3,,70,77,85,70,77,,258.3,278.3,324.8,279,284.4,,4.15,4.03,3.96,4.06,3.97,,,
1,03:33.9,891.9,02:01.6,4.11,30,163,105,-63,5,38,19,146.9,297.1,40,273.8,134.2,,77,273.8,,77,76,82,75,74,,273.8,258,315.1,272.7,269.7,,4.11,4.08,4.02,4.01,4.03,,,
1,03:35.6,899.1,02:01.3,4.12,30,163,106,-62,3,40,22,166.7,314.8,38,303.5,144.5,,77,303.5,,77,80,80,75,82,,303.5,284.6,292.9,248.3,310.3,,4.12,4.04,4.11,4,4.03,,,
1,03:37.6,907.4,02:00.4,4.15,29,163,107,-62,4,37,17,153.2,291.6,30,270.5,134.6,,78,270.5,,78,77,75,65,79,,270.5,294.9,286.3,229.1,310.6,,4.15,4.1,4.12,3.96,4.06,,,
1,03:39.8,916.6,02:01.3,4.12,30,163,108,-63,3,38,20,159.8,306.4,33,289.9,140,,78,289.9,,78,76,78,77,78,,289.9,294.7,305.4,283.7,320.4,,4.12,3.95,4.08,4.05,4.06,,,
1,03:41.8,924.8,02:00.1,4.16,29,163,109,-63,5,31,20,153.9,317,34,267.8,131.2,,69,267.8,,69,77,79,74,80,,267.8,290.5,314.5,280.7,311.7,,4.16,4.04,3.97,3.96,4.09,,,
1,03:43.8,933.1,02:00.4,4.15,30,163,110,-62,4,36,15,152.6,299,30,281,137.7,,79,281,,79,80,75,83,78,,281,295.3,297.1,288.1,302.3,,4.15,4.04,4.11,4.01,4.08,,,
1,03:45.8,941.5,02:01.3,4.12,29,163,111,-63,2,34,18,167.4,320.8,30,284,143.4,,77,284,,77,77,77,81,81,,284,278.4,294.3,279.8,304.1,,4.12,4.1,4.01,4,4.06,,,
1,03:47.8,949.7,01:59.9,4.17,30,163,112,-64,5,37,22,161.7,308.6,30,285.2,139.8,,74,285.2,,74,81,74,76,80,,285.2,289.8,301.8,253.7,314.2,,4.17,4.1,4,4.01,4,,,
1,03:49.8,958.2,01:59.9,4.17,30,164,113,-63,5,38,17,159.1,294.5,38,282.5,138.5,,79,282.5,,79,77,79,59,79,,282.5,303.5,307.4,169.9,299,,4.17,4.08,4.05,4.08,4,,,
1,03:51.8,966.6,02:00.1,4.16,29,163,114,-62,4,33,20,153.9,309.5,31,263.2,130.9,,71,263.2,,71,77,79,77,62,,263.2,273.6,315.3,303.5,107.5,,4.16,4.05,4.06,3.72,4.07,,,
1,03:53.8,974.7,02:01.3,4.12,30,164,115,-63,3,36,19,155.5,301.4,31,282.3,136.3,,77,282.3,,77,75,80,77,77,,282.3,243,294.9,303.5,303.5,,4.12,4.03,3.98,3.72,4.07,,,
1,03:55.8,983.1,01:59.6,4.18,29,163,116,-63,5,32,20,150.9,297.5,31,253,127.8,,70,253,,,,,,,,,,,,,,,,,,,,,
1,03:57.9,991.7,02:00.4,4.15,30,163,117,-63,5,38,21,155.9,306.7,34,276.5,137.5,,75,276.5,,,,,,,,,,,,,,,,,,,,,
1,03:59.8,1000,02:00.1,4.16,30,163,117,-62,3,40,22,166.7,314.8,38,303.5,144.5,,77,303.5,,,,,,,,,,,,,,,,,,,,,
2,00:01.6,6.2,02:11.9,3.79,29,151,1,-62,3,38,16,162.2,316.4,39,303.7,153.4,,81,303.7,,,,,,,,,,,,,,,,,,,,,
2,00:03.6,14.5,02:01.3,4.12,30,150,2,-63,5,39,18,155.4,292.8,30,284,141.3,,79,284,,,,,,,,,,,,,,,,,,,,,
2,00:05.6,22.8,02:00.1,4.16,30,148,3,-63,4,39,21,145.8,284.6,33,262.3,130.4,,77,262.3,,,,,,,,,,,,,,,,,,,,,
2,00:07.6,31.3,01:59.3,4.19,30,146,4,-64,5,36,17,141.4,272.3,33,255.1,126.9,,78,255.1,,,,,,,,,,,,,,,,,,,,,
2,00:10.0,41.3,01:59.9,4.17,29,142,5,-62,5,34,16,152.4,283.1,32,262.1,130.4,,75,262.1,,,,,,,,,,,,,,,,,,,,,
2,00:11.8,48.6,02:01.6,4.11,30,143,6,-63,4,32,21,150.4,302,34,263.7,131.2,,70,263.7,,,,,,,,,,,,,,,,,,,,,
2,00:13.8,56.9,02:00.1,4.16,30,144,7,-62,4,34,18,152.4,295.3,27,255.3,128.9,,74,255.3,,,,,,,,,,,,,,,,,,,,,
2,00:16.0,66.2,02:00.1,4.16,30,144,8,-62,4,35,19,147,282.4,27,251.7,123.4,,74,251.7,,,,,,,,,,,,,,,,,,,,,
2,00:17.8,73.5,02:00.4,4.15,29,145,9,-62,4,36,16,142.6,285.1,30,259.3,127.1,,78,259.3,,,,,,,,,,,,,,,,,,,,,
2,00:19.8,81.6,02:02.8,4.07,29,146,10,-62,3,36,16,148.9,293.7,33,272.6,131.7,,79,272.6,,,,,,,,,,,,,,,,,,,,,
2,00:22.0,90.7,02:02.8,4.07,30,146,11,-62,5,34,20,142.4,305.6,32,255.4,125.2,,71,255.4,,,,,,,,,,,,,,,,,,,,,
2,00:24.0,98.8,02:02.2,4.09,29,147,12,-62,3,40,22,166.7,314.8,38,303.5,144.5,,77,303.5,,,,,,,,,,,,,,,,,,,,,
2,00:26.0,107,02:02.5,4.08,29,147,13,-62,5,37,19,156.1,302,31,284.1,135.3,,75,284.1,,,,,,,,,,,,,,,,,,,,,
2,00:28.0,115.3,02:03.4,4.05,29,148,14,-63,5,38,17,156.5,299.5,28,285.5,137.9,,79,285.5,,,,,,,,,,,,,,,,,,,,,
2,00:30.2,124.2,02:01.6,4.11,28,149,15,-62,5,35,17,155.9,291.8,29,266,128.5,,75,266,,,,,,,,,,,,,,,,,,,,,
2,00:32.2,132.4,02:02.2,4.09,29,149,16,-61,4,38,20,147.7,290.3,34,268,125.8,,75,268,,,,,,,,,,,,,,,,,,,,,
2,00:34.4,141.1,02:03.7,4.04,29,151,17,-62,3,36,18,154,295.1,27,276.7,129.9,,77,276.7,,,,,,,,,,,,,,,,,,,,,
2,00:36.4,149.2,02:04.3,4.02,28,151,18,-62,3,31,21,144.5,291.5,30,245.2,120.2,,69,245.2,,,,,,,,,,,,,,,,,,,,,
2,00:38.6,158.1,02:03.4,4.05,29.5,152,19,-61,4,38,19,146.5,298.6,31,261.1,128,,76,261.1,,,,,,,,,,,,,,,,,,,,,
2,00:40.6,166.2,02:03.7,4.04,29,153,20,-65,6,36,15,144.2,301.2,34,282.1,136.2,,80,282.1,,,,,,,,,,,,,,,,,,,,,
2,00:42.6,174.5,02:01.9,4.1,29,154,21,-62,4,38,22,150,299.2,33,271.6,129.3,,74,271.6,,,,,,,,,,,,,,,,,,,,,
2,00:44.8,183.5,02:01.0,4.13,29,154,22,-62,6,38,20,146.9,287.3,35,264.8,127.9,,74,264.8,,,,,,,,,,,,,,,,,,,,,
2,00:46.8,191.7,02:01.9,4.1,29,155,23,-61,4,37,18,156,291.6,38,276.2,133.4,,76,276.2,,,,,,,,,,,,,,,,,,,,,
2,00:49.0,201,02:00.1,4.16,29,156,24,-62,5,36,20,144.2,287,34,258.5,124.8,,73,258.5,,,,,,,,,,,,,,,,,,,,,
2,00:51.0,209.3,01:59.9,4.17,30,156,25,-62,3,34,21,152.4,303.7,31,255.8,127.3,,72,255.8,,,,,,,,,,,,,,,,,,,,,
2,00:53.0,217.4,02:01.6,4.11,29,156,26,-63,4,37,20,158.8,314.7,31,293.6,141.8,,76,293.6,,,,,,,,,,,,,,,,,,,,,
2,00:55.0,226,01:59.9,4.17,29,157,27,-64,4,38,20,152.3,290.6,40,283.7,135.1,,78,283.7,,,,,,,,,,,,,,,,,,,,,
2,00:57.2,234.9,02:01.3,4.12,29,157,28,-63,3,38,19,159.1,313.4,36,291.7,140.9,,79,291.7,,,,,,,,,,,,,,,,,,,,,
2,00:59.2,243.2,02:00.7,4.14,28,157,29,-63,2,37,19,165.4,319.2,38,303.8,140.6,,79,303.8,,,,,,,,,,,,,,,,,,,,,
2,01:01.4,252.2,02:01.9,4.1,28,158,30,-65,5,40,23,153.9,310.5,39,301.5,137.6,,77,301.5,,,,,,,,,,,,,,,,,,,,,
2,01:03.6,261.5,01:59.3,4.19,27.5,158,31,-63,3,40,20,146.7,291.8,30,276.1,127.8,,80,276.1,,,,,,,,,,,,,,,,,,,,,
2,01:05.8,270.4,02:01.3,4.12,27.5,159,32,-62,4,38,17,154.1,306.7,41,290.1,136.2,,79,290.1,,,,,,,,,,,,,,,,,,,,,
2,01:07.8,278.8,02:01.0,4.13,29,158,33,-63,4,39,16,152.1,304.4,33,291.5,136.8,,82,291.5,,,,,,,,,,,,,,,,,,,,,
2,01:10.0,287.9,02:02.2,4.09,28,159,34,-63,4,38,15,157.6,299.7,30,290.9,136.5,,82,290.9,,,,,,,,,,,,,,,,,,,,,
2,01:12.2,296.7,02:02.5,4.08,28,160,35,-62,2,37,19,163.4,323.7,38,299.2,142.4,,78,299.2,,,,,,,,,,,,,,,,,,,,,
2,01:14.2,304.8,02:02.8,4.07,29,159,36,-63,4,34,19,155.6,307.9,37,271.7,133.2,,74,271.7,,,,,,,,,,,,,,,,,,,,,
2,01:16.2,313.4,02:02.8,4.07,29,160,37,-63,5,37,18,155,309.5,44,283.8,135.1,,77,283.8,,,,,,,,,,,,,,,,,,,,,
2,01:18.4,322.1,02:00.7,4.14,29,160,38,-62,4,37,17,162,294.9,45,286,140.2,,78,286,,,,,,,,,,,,,,,,,,,,,
2,01:20.4,330.3,02:01.0,4.13,30,160,39,-62,4,32,19,157.8,319.2,31,265.8,134.2,,71,265.8,,,,,,,,,,,,,,,,,,,,,
2,01:22.2,338.1,02:01.6,4.11,30,160,40,-61,4,37,18,156,308.4,31,279.3,138.9,,76,279.3,,,,,,,,,,,,,,,,,,,,,
2,01:24.4,346.8,02:01.0,4.13,30,161,41,-62,5,37,20,165,314.8,33,292.6,145.5,,74,292.6,,,,,,,,,,,,,,,,,,,,,
2,01:26.4,355,02:01.3,4.12,30,161,42,-62,3,37,19,155.2,304.2,31,280.9,135.7,,77,280.9,,,,,,,,,,,,,,,,,,,,,
2,01:28.4,363.3,02:01.9,4.1,29,161,43,-61,4,38,20,143.9,305.6,38,272.3,129.6,,75,272.3,,,,,,,,,,,,,,,,,,,,,
2,01:30.6,372.4,02:01.0,4.13,28,161,44,-62,2,40,21,154.4,300.8,38,290.7,138.4,,79,290.7,,,,,,,,,,,,,,,,,,,,,
2,01:32.6,380.8,02:00.7,4.14,28.5,162,45,-62,4,38,18,148.4,287.6,37,268.7,129.8,,78,268.7,,,,,,,,,,,,,,,,,,,,,
2,01:34.8,389.8,02:00.4,4.15,29,162,46,-62,5,38,20,159.5,299,35,281.9,138.2,,75,281.9,,,,,,,,,,,,,,,,,,,,,
2,01:37.0,399,02:01.0,4.13,29,163,47,-62,3,40,22,166.7,314.8,38,303.5,144.5,,77,303.5,,,,,,,,,,,,,,,,,,,,,
2,01:38.8,406.3,02:02.2,4.09,29,163,48,-63,5,39,19,155.3,295.1,30,280.5,135.5,,78,280.5,,,,,,,,,,,,,,,,,,,,,
2,01:41.0,415.3,02:00.7,4.14,29,163,49,-62,5,36,18,150.5,287.8,35,267.3,131,,75,267.3,,,,,,,,,,,,,,,,,,,,,
2,01:43.0,423.8,02:01.9,4.1,30,164,50,-62,2,33,20,155.2,306.9,34,271.5,133,,73,271.5,,,,,,,,,,,,,,,,,,,,,
2,01:45.0,431.9,02:00.4,4.15,29,164,51,-62,5,38,19,153.1,302.9,35,277.3,135.9,,76,277.3,,,,,,,,,,,,,,,,,,,,,
2,01:47.0,440.3,02:00.4,4.15,30,164,52,-62,4,37,17,153.1,297.2,33,276.8,133.7,,78,276.8,,,,,,,,,,,,,,,,,,,,,
2,01:49.0,448.7,02:01.6,4.11,29,164,53,-62,6,38,18,150.2,297.5,33,275.1,132.9,,76,275.1,,,,,,,,,,,,,,,,,,,,,
2,01:51.2,457.7,01:59.3,4.19,29,164,54,-63,5,38,17,155.8,303,34,284.3,139.4,,79,284.3,,,,,,,,,,,,,,,,,,,,,
2,01:53.2,466.2,01:58.7,4.21,29,164,55,-62,4,37,16,156.8,297.7,38,285,135.7,,79,285,,,,,,,,,,,,,,,,,,,,,
2,01:55.2,474.7,01:59.6,4.18,29,165,56,-63,5,38,17,154.2,292.1,38,281.7,138.1,,79,281.7,,,,,,,,,,,,,,,,,,,,,
2,01:57.4,483.7,01:59.3,4.19,29,165,57,-62,5,39,17,161.2,314.4,35,298.2,142,,79,298.2,,,,,,,,,,,,,,,,,,,,,
2,01:59.4,492.1,01:59.6,4.18,29,165,58,-62,3,40,22,166.7,314.8,38,303.5,144.5,,77,303.5,,,,,,,,,,,,,,,,,,,,,
2,02:01.6,501,02:02.5,4.08,29,165,59,-61,2,38,20,160.9,317,31,291,138.6,,77,291,,,,,,,,,,,,,,,,,,,,,
2,02:03.6,509.4,02:00.7,4.14,29,165,60,-63,5,38,21,151.8,298.4,34,268.4,131.5,,75,268.4,,,,,,,,,,,,,,,,,,,,,
2,02:05.6,517.7,02:00.1,4.16,29,165,61,-61,4,35,17,146.4,287.9,31,255.2,123.2,,75,255.2,,,,,,,,,,,,,,,,,,,,,
2,02:07.8,526.7,02:00.7,4.14,29,166,62,-61,5,38,15,155.7,308.6,35,281,135.7,,79,281,,,,,,,,,,,,,,,,,,,,,
2,02:10.0,536,02:01.9,4.1,29,166,63,-63,4,40,21,158.9,306.2,36,290.2,140.2,,78,290.2,,,,,,,,,,,,,,,,,,,,,
2,02:12.0,543.9,02:01.3,4.12,28,166,64,-63,4,32,18,148.1,297.5,30,254.6,121.2,,73,254.6,,,,,,,,,,,,,,,,,,,,,
2,02:14.0,552,02:04.0,4.03,29.5,166,65,-63,5,37,19,147.4,299.4,33,264.4,125.9,,76,264.4,,,,,,,,,,,,,,,,,,,,,
2,02:16.0,560.2,02:05.6,3.98,28,166,66,-63,4,37,16,153.9,280.9,32,274.3,130.6,,80,274.3,,,,,,,,,,,,,,,,,,,,,
2,02:18.2,568.8,02:04.0,4.03,29,166,67,-62,4,36,17,140.7,284.3,30,260.5,120.6,,77,260.5,,,,,,,,,,,,,,,,,,,,,
2,02:20.4,577.8,02:03.4,4.05,28,166,68,-62,5,33,19,144.2,295.1,33,242.9,119,,71,242.9,,,,,,,,,,,,,,,,,,,,,
2,02:22.4,585.9,02:04.0,4.03,29,166,69,-62,3,37,15,152.5,296.2,36,281.3,132.1,,81,281.3,,,,,,,,,,,,,,,,,,,,,
2,02:24.6,594.7,02:04.0,4.03,28.5,166,70,-62,2,37,20,158,305.1,34,282.4,132.5,,77,282.4,,,,,,,,,,,,,,,,,,,,,
2,02:26.8,603.5,02:05.3,3.99,28,166,71,-62,4,39,21,148.5,299.9,32,270.3,125.1,,76,270.3,,,,,,,,,,,,,,,,,,,,,
2,02:28.8,611.7,02:03.1,4.06,28,166,72,-62,4,38,20,140.8,288.6,32,262.3,119.7,,76,262.3,,,,,,,,,,,,,,,,,,,,,
2,02:31.0,620.6,02:05.0,4,27,166,73,-62,4,39,18,140.1,291.6,31,260.8,120.7,,79,260.8,,,,,,,,,,,,,,,,,,,,,
2,02:33.2,629.1,02:06.2,3.96,27.5,166,74,-63,6,38,20,141.2,289,31,258.3,117.9,,75,258.3,,,,,,,,,,,,,,,,,,,,,
2,02:35.4,637.6,02:08.5,3.89,27,166,75,-64,6,38,16,150.6,297,45,284,129.6,,80,284,,,,,,,,,,,,,,,,,,,,,
2,02:37.6,646.3,02:07.5,3.92,27.5,166,76,-63,4,39,19,148.4,286.8,39,277.8,126.8,,79,277.8,,,,,,,,,,,,,,,,,,,,,
2,02:40.0,656,02:05.6,3.98,28,165,77,-63,6,37,18,146.7,295.1,38,275,127.3,,76,275,,,,,,,,,,,,,,,,,,,,,
2,02:42.0,663.8,02:05.9,3.97,28,165,78,-62,4,38,18,154.9,303.8,41,287.1,132.9,,78,287.1,,,,,,,,,,,,,,,,,,,,,
2,02:44.2,672.3,02:06.9,3.94,28,165,79,-62,4,39,22,147.2,278.4,36,263,121.7,,75,263,,,,,,,,,,,,,,,,,,,,,
2,02:46.3,680.6,02:08.5,3.89,27,165,80,-63,5,38,17,157.6,298.2,32,285.9,130.5,,79,285.9,,,,,,,,,,,,,,,,,,,,,
2,02:48.4,689.3,02:04.0,4.03,28,165,81,-63,4,37,15,158.7,306.6,29,292,135.1,,81,292,,,,,,,,,,,,,,,,,,,,,
2,02:50.6,698,02:03.1,4.06,28.5,165,82,-62,3,40,22,166.7,314.8,38,303.5,144.5,,77,303.5,,,,,,,,,,,,,,,,,,,,,
2,02:52.6,706.2,02:03.4,4.05,29,165,83,-62,4,38,20,155.6,297.1,33,276.3,131.6,,76,276.3,,,,,,,,,,,,,,,,,,,,,
2,02:55.0,716.2,02:03.1,4.06,28,165,84,-63,4,38,17,152.8,292.7,32,277.6,128.5,,80,277.6,,,,,,,,,,,,,,,,,,,,,
2,02:57.0,724,02:03.7,4.04,28,166,85,-63,3,40,23,151.1,312.1,32,292.6,131.8,,77,292.6,,,,,,,,,,,,,,,,,,,,,
2,02:59.2,733,02:02.2,4.09,28,166,86,-65,2,39,21,157.9,301.6,39,288.7,133.6,,81,288.7,,,,,,,,,,,,,,,,,,,,,
2,03:01.2,741.4,02:03.4,4.05,27,166,87,-65,2,40,24,148.5,293.3,34,280.6,123,,79,280.6,,,,,,,,,,,,,,,,,,,,,
2,03:03.6,750.8,02:04.3,4.02,27,166,88,-63,6,37,15,157.9,306.2,36,293.7,136,,79,293.7,,,,,,,,,,,,,,,,,,,,,
2,03:05.8,759.5,02:04.0,4.03,28,166,89,-62,5,38,20,158.5,309,43,288.7,137.4,,75,288.7,,,,,,,,,,,,,,,,,,,,,
2,03:07.8,767.7,02:04.6,4.01,28,166,90,-63,5,34,21,154.4,314,32,271,127.2,,71,271,,,,,,,,,,,,,,,,,,,,,
2,03:10.0,776.5,02:05.0,4,29,166,91,-62,4,36,19,146,288,32,262.4,123.2,,75,262.4,,,,,,,,,,,,,,,,,,,,,
2,03:12.2,785.1,02:05.3,3.99,28,166,92,-61,4,37,18,144.4,276.5,32,252.6,120.2,,76,252.6,,,,,,,,,,,,,,,,,,,,,
2,03:14.2,793.3,02:04.6,4.01,29,166,93,-63,5,37,20,144.9,286.6,30,263.4,123.6,,75,263.4,,,,,,,,,,,,,,,,,,,,,
2,03:16.2,801.7,02:03.4,4.05,28,166,94,-62,6,38,20,146.2,301.6,32,268.9,126.2,,74,268.9,,,,,,,,,,,,,,,,,,,,,
2,03:18.4,810.2,02:05.3,3.99,29,166,95,-62,2,39,19,151.9,295,30,270.5,128.8,,80,270.5,,,,,,,,,,,,,,,,,,,,,
2,03:20.6,819.2,02:02.2,4.09,28,166,96,-62,4,33,19,146.9,290.8,30,246.5,117.4,,72,246.5,,,,,,,,,,,,,,,,,,,,,
2,03:22.6,827.4,02:02.5,4.08,29,166,97,-61,4,38,17,152.9,299.9,33,275.9,131.4,,78,275.9,,,,,,,,,,,,,,,,,,,,,
2,03:25.0,837.2,02:04.0,4.03,29,166,98,-63,3,39,24,144.8,295.2,32,267.5,123.8,,75,267.5,,,,,,,,,,,,,,,,,,,,,
2,03:26.8,844.5,02:03.7,4.04,28,166,99,-62,2,38,20,144.5,285.4,30,259.1,121.6,,78,259.1,,,,,,,,,,,,,,,,,,,,,
2,03:29.0,853.2,02:04.0,4.03,28,166,100,-63,4,35,18,146.3,279,26,260.8,122.4,,76,260.8,,,,,,,,,,,,,,,,,,,,,
2,03:31.1,861.3,02:06.2,3.96,29,166,101,-61,4,36,17,148.7,295.9,29,262.8,126.9,,76,262.8,,,,,,,,,,,,,,,,,,,,,
2,03:33.2,869.9,02:06.2,3.96,28,166,102,-62,5,36,17,149,288,29,269.2,126.4,,76,269.2,,,,,,,,,,,,,,,,,,,,,
2,03:35.4,878.5,02:05.6,3.98,28.5,166,103,-62,3,37,18,156.1,305.7,30,285.1,133.8,,78,285.1,,,,,,,,,,,,,,,,,,,,,
2,03:37.4,886.8,02:04.0,4.03,28,166,104,-62,4,39,20,153.2,302.7,30,278.3,130.6,,77,278.3,,,,,,,,,,,,,,,,,,,,,
2,03:39.6,895.7,02:02.5,4.08,28,166,105,-62,4,38,20,147.4,279.8,30,258,121.1,,76,258,,,,,,,,,,,,,,,,,,,,,
2,03:41.8,904.4,02:03.7,4.04,28,165,106,-63,4,39,18,154.4,299.1,35,284.6,133.6,,80,284.6,,,,,,,,,,,,,,,,,,,,,
2,03:43.8,912.7,02:01.9,4.1,28.5,165,107,-63,4,40,22,155.9,317.5,29,294.9,136.5,,77,294.9,,,,,,,,,,,,,,,,,,,,,
2,03:46.0,921.5,02:06.5,3.95,28,165,108,-64,4,37,21,162.5,311.5,39,294.7,140.3,,76,294.7,,,,,,,,,,,,,,,,,,,,,
2,03:48.2,930.3,02:03.7,4.04,29,165,109,-64,5,38,20,155,309.5,32,290.5,134.5,,77,290.5,,,,,,,,,,,,,,,,,,,,,
2,03:50.4,939.1,02:03.7,4.04,27,165,110,-64,4,38,18,157.6,306.6,42,295.3,136.7,,80,295.3,,,,,,,,,,,,,,,,,,,,,
2,03:52.4,947.4,02:01.9,4.1,28,165,111,-63,4,37,19,152.4,300.1,33,278.4,130.7,,77,278.4,,,,,,,,,,,,,,,,,,,,,
2,03:54.6,956.4,02:01.9,4.1,28.5,165,112,-63,2,36,16,155.9,301.6,41,289.8,136,,81,289.8,,,,,,,,,,,,,,,,,,,,,
2,03:56.8,965.3,02:02.5,4.08,28,165,113,-62,3,40,22,166.7,314.8,38,303.5,144.5,,77,303.5,,,,,,,,,,,,,,,,,,,,,
2,03:58.8,973.5,02:03.4,4.05,29,165,114,-63,4,35,17,153.9,310.3,32,273.6,130.3,,77,273.6,,,,,,,,,,,,,,,,,,,,,
2,04:01.0,982.4,02:04.0,4.03,28,165,115,-61,4,37,19,131.5,268.7,29,243,110.9,,75,243,,,,,,,,,,,,,,,,,,,,,
2,04:03.2,990.9,02:07.5,3.92,26,166,116,-63,6,38,24,112.9,231.2,29,211.9,89.4,,71,211.9,,,,,,,,,,,,,,,,,,,,,
2,04:05.6,1000,02:16.2,3.67,26,166,116,-62,3,40,22,166.7,314.8,38,303.5,144.5,,77,303.5,,,,,,,,,,,,,,,,,,,,,
3,00:00.6,1.4,02:42.8,3.07,27,153,1,-62,2,38,11,186.8,335.9,41,332.5,165.4,,87,332.5,,,,,,,,,,,,,,,,,,,,,
3,00:02.6,9.4,02:10.2,3.84,30,152,2,-62,2,37,17,171,319.5,41,309.2,156.1,,80,309.2,,,,,,,,,,,,,,,,,,,,,
3,00:04.6,18,02:00.4,4.15,29,152,3,-63,5,39,18,169.6,307.3,37,303.4,153.2,,79,303.4,,,,,,,,,,,,,,,,,,,,,
3,00:06.8,26.8,01:59.3,4.19,30,152,4,-63,5,40,19,159.9,304.8,31,295.6,144.9,,79,295.6,,,,,,,,,,,,,,,,,,,,,
3,00:08.8,35.2,01:59.9,4.17,29,151,5,-62,3,38,18,158.7,301.8,35,284.6,139.5,,79,284.6,,,,,,,,,,,,,,,,,,,,,
3,00:10.8,43.5,02:01.0,4.13,30,151,6,-63,6,39,21,149.2,289.8,32,273,133.8,,75,273,,,,,,,,,,,,,,,,,,,,,
3,00:12.8,51.8,02:00.7,4.14,29,152,7,-63,5,33,20,156.3,303.8,35,270.1,134.4,,71,270.1,,,,,,,,,,,,,,,,,,,,,
3,00:14.8,60,02:01.6,4.11,30,152,8,-62,5,37,17,170.9,330.9,32,303.3,150.9,,77,303.3,,,,,,,,,,,,,,,,,,,,,
3,00:17.0,69,02:01.9,4.1,29,152,9,-63,4,36,15,162.7,318.8,31,300.8,143.2,,80,300.8,,,,,,,,,,,,,,,,,,,,,
3,00:19.0,77.3,02:00.1,4.16,30,153,10,-62,2,37,19,157.4,307.2,31,286,140.2,,78,286,,,,,,,,,,,,,,,,,,,,,
3,00:21.0,85.5,02:02.8,4.07,29,153,11,-63,4,40,20,162,316.9,30,293.6,143.9,,79,293.6,,,,,,,,,,,,,,,,,,,,,
3,00:23.0,93.8,02:01.0,4.13,29,154,12,-63,5,38,20,159.8,309,35,284.6,139.5,,76,284.6,,,,,,,,,,,,,,,,,,,,,
3,00:25.4,103.8,02:02.5,4.08,29,155,13,-63,4,38,18,157.8,307.5,30,289.3,139.7,,79,289.3,,,,,,,,,,,,,,,,,,,,,
3,00:27.2,111,02:00.4,4.15,29.5,155,14,-63,6,36,16,155,310.9,34,276.1,137.3,,77,276.1,,,,,,,,,,,,,,,,,,,,,
3,00:29.2,119.4,01:59.9,4.17,29,155,15,-62,3,38,20,163.4,316.7,34,290.2,142.2,,77,290.2,,,,,,,,,,,,,,,,,,,,,
3,00:31.4,128.7,01:59.6,4.18,29.5,156,16,-62,4,33,21,161.3,332.2,37,283.3,140.9,,70,283.3,,,,,,,,,,,,,,,,,,,,,
3,00:33.2,136.1,02:00.7,4.14,30,156,17,-63,5,37,19,166.6,335.5,42,306.4,152.4,,76,306.4,,,,,,,,,,,,,,,,,,,,,
3,00:35.2,144.6,01:58.4,4.22,29,157,18,-63,3,37,19,165.6,317,35,301.7,143.6,,78,301.7,,,,,,,,,,,,,,,,,,,,,
3,00:37.4,153.8,02:01.0,4.13,28.5,157,19,-62,5,37,19,155.5,305.7,38,284.9,135.7,,75,284.9,,,,,,,,,,,,,,,,,,,,,
3,00:39.4,161.8,02:00.7,4.14,29,158,20,-62,3,32,18,155.2,316.1,39,271.3,131,,73,271.3,,,,,,,,,,,,,,,,,,,,,
3,00:41.6,170.7,02:02.8,4.07,29,158,21,-61,4,36,18,146.2,298.7,31,262.8,128.8,,75,262.8,,,,,,,,,,,,,,,,,,,,,
3,00:43.5,178.7,02:03.7,4.04,29,159,22,-62,2,38,17,157.9,297.5,38,282.8,132.7,,81,282.8,,,,,,,,,,,,,,,,,,,,,
3,00:45.6,187,02:04.6,4.01,29,159,23,-63,4,39,20,155.1,303.7,30,287.3,136.8,,78,287.3,,,,,,,,,,,,,,,,,,,,,
3,00:47.8,195.9,02:02.5,4.08,28,160,24,-63,4,38,20,156.6,308.1,29,287.9,135.2,,77,287.9,,,,,,,,,,,,,,,,,,,,,
3,00:50.0,204.8,02:03.1,4.06,28,160,25,-63,5,38,19,160,301.4,30,286.7,136.5,,77,286.7,,,,,,,,,,,,,,,,,,,,,
3,00:52.0,213.1,02:01.6,4.11,28.5,160,26,-62,4,37,17,156.7,317.7,33,285.6,138,,78,285.6,,,,,,,,,,,,,,,,,,,,,
3,00:54.0,221.3,02:02.2,4.09,30,160,27,-62,4,38,21,161.7,301.3,30,285.8,140.1,,75,285.8,,,,,,,,,,,,,,,,,,,,,
3,00:56.2,230.3,02:02.5,4.08,29,160,28,-62,2,35,16,166.3,306,35,285.4,139.9,,79,285.4,,,,,,,,,,,,,,,,,,,,,
3,00:58.4,239.5,02:01.0,4.13,29,160,29,-61,4,32,21,157.8,328.8,32,268.9,131.8,,68,268.9,,,,,,,,,,,,,,,,,,,,,
3,01:00.2,246.7,02:01.9,4.1,30,161,30,-62,4,36,16,152.8,316.4,33,277.9,136.2,,78,277.9,,,,,,,,,,,,,,,,,,,,,
3,01:02.2,255,02:01.3,4.12,29,161,31,-63,4,32,16,157.7,310.9,30,276.6,135.6,,75,276.6,,,,,,,,,,,,,,,,,,,,,
3,01:04.4,264.2,02:01.3,4.12,30,161,32,-64,5,37,18,156.6,307,30,289.4,139.8,,78,289.4,,,,,,,,,,,,,,,,,,,,,
3,01:06.4,272.4,01:59.6,4.18,29,162,33,-64,3,36,18,152.9,291,41,270.3,130.6,,79,270.3,,,,,,,,,,,,,,,,,,,,,
3,01:08.4,281,01:57.9,4.24,29,162,34,-63,5,38,18,155.3,310.7,30,279.1,134.8,,78,279.1,,,,,,,,,,,,,,,,,,,,,
3,01:10.5,290,01:57.9,4.24,29,163,35,-63,4,38,19,150.2,298.4,33,278.2,130.6,,78,278.2,,,,,,,,,,,,,,,,,,,,,
3,01:12.6,298.6,02:01.0,4.13,28,163,36,-62,3,40,22,166.7,314.8,38,303.5,144.5,,77,303.5,,,,,,,,,,,,,,,,,,,,,
3,01:14.8,307.6,01:59.9,4.17,28,164,37,-63,2,38,18,156.8,303.8,31,284.3,133.5,,81,284.3,,,,,,,,,,,,,,,,,,,,,
3,01:16.8,316,02:01.6,4.11,28.5,164,38,-64,5,38,19,154.2,294,40,288.8,135.6,,78,288.8,,,,,,,,,,,,,,,,,,,,,
3,01:19.0,325.1,01:59.6,4.18,28,164,39,-62,2,38,20,149.2,289.4,31,273.9,130.4,,78,273.9,,,,,,,,,,,,,,,,,,,,,
3,01:21.2,334,02:01.9,4.1,28.5,165,40,-64,5,35,16,146.3,303.4,30,273.2,128.2,,78,273.2,,,,,,,,,,,,,,,,,,,,,
3,01:23.2,342.3,02:01.9,4.1,29,165,41,-64,4,37,22,146,286,28,272.1,127.7,,75,272.1,,,,,,,,,,,,,,,,,,,,,
3,01:25.4,351.3,02:02.5,4.08,28,166,42,-63,4,38,19,148.7,298.1,33,284.3,131.6,,78,284.3,,,,,,,,,,,,,,,,,,,,,
3,01:27.6,360.4,02:02.2,4.09,28,166,43,-63,5,38,18,138.3,290.8,31,263.6,123.7,,78,263.6,,,,,,,,,,,,,,,,,,,,,
3,01:29.6,368.6,02:01.0,4.13,28,166,44,-62,3,40,22,166.7,314.8,38,303.5,144.5,,77,303.5,,,,,,,,,,,,,,,,,,,,,
3,01:31.8,377.6,02:01.6,4.11,28,166,45,-64,4,39,22,149.8,295.9,32,273.8,128.5,,77,273.8,,,,,,,,,,,,,,,,,,,,,
3,01:34.0,386.6,02:02.2,4.09,28,166,46,-63,3,29,21,143.5,295.4,36,241.7,113.4,,68,241.7,,,,,,,,,,,,,,,,,,,,,
3,01:36.0,394.9,02:01.9,4.1,29,166,47,-65,9,31,28,94.1,230.5,30,167.1,78.4,,59,167.1,,,,,,,,,,,,,,,,,,,,,
3,01:38.2,403.7,02:03.1,4.06,29,166,48,-62,4,27,29,117.8,256.6,26,181.1,90.1,,56,181.1,,,,,,,,,,,,,,,,,,,,,
3,01:40.4,413,02:02.5,4.08,29,166,49,-62,4,37,18,149.1,289.5,30,265,124.4,,77,265,,,,,,,,,,,,,,,,,,,,,
3,01:42.4,421,02:03.4,4.05,28,166,50,-63,4,32,19,152.1,301.6,33,265.3,126.3,,72,265.3,,,,,,,,,,,,,,,,,,,,,
3,01:44.4,429.1,02:02.8,4.07,29,166,51,-63,4,34,17,158.8,319.9,41,296,140.9,,76,296,,,,,,,,,,,,,,,,,,,,,
3,01:46.5,437.7,02:02.8,4.07,28,166,52,-61,4,37,19,156.3,304.9,34,273,130,,75,273,,,,,,,,,,,,,,,,,,,,,
3,01:48.6,446.1,02:04.3,4.02,28.5,166,53,-61,2,34,18,154.4,324.5,39,276.4,129.7,,75,276.4,,,,,,,,,,,,,,,,,,,,,
3,01:50.8,454.8,02:04.3,4.02,29,166,54,-62,4,38,16,165.8,329.9,37,311.6,148.4,,80,311.6,,,,,,,,,,,,,,,,,,,,,
3,01:52.8,463.1,02:02.2,4.09,28,166,55,-62,4,35,17,160.7,340.9,38,299.5,140.6,,76,299.5,,,,,,,,,,,,,,,,,,,,,
3,01:55.0,472.1,02:02.8,4.07,28,166,56,-63,4,38,19,154.4,311.6,33,288.3,133.4,,78,288.3,,,,,,,,,,,,,,,,,,,,,
3,01:57.2,481.1,02:00.7,4.14,28,166,57,-62,3,40,22,166.7,314.8,38,303.5,144.5,,77,303.5,,,,,,,,,,,,,,,,,,,,,
3,01:59.4,490.1,02:02.5,4.08,27,166,58,-62,3,40,22,166.7,314.8,38,303.5,144.5,,77,303.5,,,,,,,,,,,,,,,,,,,,,
3,02:01.5,499,02:01.3,4.12,27,166,59,-62,3,40,22,166.7,314.8,38,303.5,144.5,,77,303.5,,,,,,,,,,,,,,,,,,,,,
3,02:03.8,508,02:04.3,4.02,28,166,60,-63,5,39,23,145.2,305.2,31,274.6,127.1,,74,274.6,,,,,,,,,,,,,,,,,,,,,
3,02:06.0,516.8,02:04.3,4.02,27,167,61,-64,4,40,22,150.2,288.4,29,278.7,127.2,,78,278.7,,,,,,,,,,,,,,,,,,,,,
3,02:08.2,525.5,02:05.9,3.97,27.5,167,62,-63,4,38,20,143.6,276.2,40,267.2,118.7,,77,267.2,,,,,,,,,,,,,,,,,,,,,
3,02:10.4,534.6,02:04.6,4.01,27,167,63,-63,5,38,16,148.2,276.9,40,269.4,124.7,,80,269.4,,,,,,,,,,,,,,,,,,,,,
3,02:12.6,543.2,02:05.0,4,28,167,64,-62,4,39,22,140.9,281.9,29,261.3,117.7,,75,261.3,,,,,,,,,,,,,,,,,,,,,
3,02:15.0,552.7,02:05.3,3.99,26,167,65,-63,5,41,23,134.8,283.2,27,259.8,112.4,,76,259.8,,,,,,,,,,,,,,,,,,,,,
3,02:17.2,561.6,02:04.0,4.03,26.5,167,66,-63,3,39,24,147,296.7,38,270.4,121.8,,75,270.4,,,,,,,,,,,,,,,,,,,,,
3,02:19.4,570.7,02:02.8,4.07,27,167,67,-63,3,39,16,151.3,287.5,30,280.1,127.9,,83,280.1,,,,,,,,,,,,,,,,,,,,,
3,02:21.6,579.6,02:02.5,4.08,27.5,167,68,-63,4,33,20,152.5,303.3,30,268.1,125.8,,72,268.1,,,,,,,,,,,,,,,,,,,,,
3,02:23.6,587.8,02:02.8,4.07,29,166,69,-63,6,37,16,157.4,322.3,38,294.2,138.1,,78,294.2,,,,,,,,,,,,,,,,,,,,,
3,02:25.8,596.8,02:02.8,4.07,28,166,70,-63,4,37,18,160.2,313.7,41,295.6,135,,78,295.6,,,,,,,,,,,,,,,,,,,,,
3,02:28.0,605.8,02:01.6,4.11,27,166,71,-66,7,38,17,139.8,302.8,41,284,129.7,,80,284,,,,,,,,,,,,,,,,,,,,,
3,02:30.2,614.6,02:05.6,3.98,28,166,72,-63,4,37,19,151.4,297,29,277.4,126.7,,77,277.4,,,,,,,,,,,,,,,,,,,,,
3,02:32.4,623.5,02:03.7,4.04,27,166,73,-62,4,37,18,155.5,309.2,40,285.6,128.6,,77,285.6,,,,,,,,,,,,,,,,,,,,,
3,02:34.5,632.1,02:05.6,3.98,28,166,74,-62,2,38,19,154.1,291.8,30,281.6,128.6,,79,281.6,,,,,,,,,,,,,,,,,,,,,
3,02:36.8,641,02:04.0,4.03,27,167,75,-62,3,40,22,166.7,314.8,38,303.5,144.5,,77,303.5,,,,,,,,,,,,,,,,,,,,,
3,02:39.0,649.9,02:06.2,3.96,26,167,76,-63,5,38,21,141.8,286.3,36,267.3,117.2,,75,267.3,,,,,,,,,,,,,,,,,,,,,
3,02:41.4,659.2,02:05.3,3.99,26.5,167,77,-63,6,40,21,147.8,289.9,34,272.7,122.8,,76,272.7,,,,,,,,,,,,,,,,,,,,,
3,02:43.5,667.8,02:07.8,3.91,27,168,78,-63,2,39,18,151.3,289.5,35,284.6,124.8,,82,284.6,,,,,,,,,,,,,,,,,,,,,
3,02:45.8,676.8,02:05.3,3.99,26,168,79,-63,4,39,21,141.1,282.7,27,264.8,117.7,,77,264.8,,,,,,,,,,,,,,,,,,,,,
3,02:48.2,686.1,02:06.2,3.96,26.5,167,80,-63,3,38,15,149,288.2,35,281.4,123.4,,83,281.4,,,,,,,,,,,,,,,,,,,,,
3,02:50.4,694.9,02:06.9,3.94,27,167,81,-63,3,36,22,147.3,304.4,31,258.9,119.8,,74,258.9,,,,,,,,,,,,,,,,,,,,,
3,02:52.6,703.4,02:07.2,3.93,27.5,167,82,-62,4,37,19,149.6,303.7,32,281.8,125.2,,76,281.8,,,,,,,,,,,,,,,,,,,,,
3,02:54.8,712.2,02:06.2,3.96,27,167,83,-63,6,38,21,131.6,282.9,30,254.5,111.6,,74,254.5,,,,,,,,,,,,,,,,,,,,,
3,02:57.0,720.8,02:08.5,3.89,26,167,84,-63,3,38,20,149.4,285.2,31,271.3,120.6,,78,271.3,,,,,,,,,,,,,,,,,,,,,
3,02:59.4,730,02:10.2,3.84,27,167,85,-62,4,38,19,150.8,286,35,267.5,120.5,,77,267.5,,,,,,,,,,,,,,,,,,,,,
3,03:01.5,738.3,02:09.5,3.86,27,166,86,-62,4,37,17,149.7,290.1,28,277.4,123.3,,78,277.4,,,,,,,,,,,,,,,,,,,,,
3,03:03.8,747,02:09.8,3.85,27,166,87,-63,5,33,20,146.4,312.1,33,257.5,119.2,,71,257.5,,,,,,,,,,,,,,,,,,,,,
3,03:06.0,755.5,02:08.8,3.88,28,166,88,-62,4,37,21,140.9,279.9,39,257.3,115.9,,74,257.3,,,,,,,,,,,,,,,,,,,,,
3,03:08.2,764,02:09.8,3.85,27,166,89,-62,2,36,18,149.2,285.3,36,265.6,118,,78,265.6,,,,,,,,,,,,,,,,,,,,,
3,03:10.5,772.8,02:09.1,3.87,26,166,90,-63,4,31,19,140.9,301.1,31,249.3,110.8,,71,249.3,,,,,,,,,,,,,,,,,,,,,
3,03:12.6,781.1,02:08.5,3.89,27.5,166,91,-63,6,38,17,140.7,294.9,30,270.9,120.4,,78,270.9,,,,,,,,,,,,,,,,,,,,,
3,03:15.0,790.4,02:08.5,3.89,26,166,92,-62,3,36,20,137.1,287,35,263.9,112.7,,75,263.9,,,,,,,,,,,,,,,,,,,,,
3,03:17.2,799,02:10.5,3.83,26,165,93,-62,3,40,22,166.7,314.8,38,303.5,144.5,,77,303.5,,,,,,,,,,,,,,,,,,,,,
3,03:19.4,807.7,02:07.8,3.91,28,165,94,-62,5,37,16,137,302.7,33,265.3,119.5,,78,265.3,,,,,,,,,,,,,,,,,,,,,
3,03:21.8,816.6,02:11.9,3.79,26,165,95,-62,4,38,22,145.5,297.9,35,272.6,119.5,,74,272.6,,,,,,,,,,,,,,,,,,,,,
3,03:24.0,825,02:11.2,3.81,26.5,165,96,-63,4,38,21,150.9,301.1,30,270.5,120.2,,76,270.5,,,,,,,,,,,,,,,,,,,,,
3,03:26.2,833.3,02:13.3,3.75,26,165,97,-64,3,37,21,155.3,311.7,30,286.3,123.9,,77,286.3,,,,,,,,,,,,,,,,,,,,,
3,03:28.5,842.3,02:10.5,3.83,27,164,98,-65,4,37,19,147.3,297,29,279.9,119.6,,79,279.9,,,,,,,,,,,,,,,,,,,,,
3,03:31.0,851.7,02:09.8,3.85,25,164,99,-63,4,32,19,152.6,302.7,38,261.7,116.3,,72,261.7,,,,,,,,,,,,,,,,,,,,,
3,03:33.2,860.3,02:08.8,3.88,27,164,100,-64,6,37,16,162.2,325.9,41,306.8,138.2,,79,306.8,,,,,,,,,,,,,,,,,,,,,
3,03:35.2,868.3,02:07.5,3.92,28,164,101,-64,4,38,18,171.3,329.8,35,309.5,145.3,,80,309.5,,,,,,,,,,,,,,,,,,,,,
3,03:37.4,877.1,02:05.6,3.98,27.5,164,102,-63,4,39,20,164.8,308.5,30,294.3,136.2,,78,294.3,,,,,,,,,,,,,,,,,,,,,
3,03:39.6,885.7,02:05.6,3.98,29,164,103,-63,5,38,20,162.8,325.7,36,298.1,138,,76,298.1,,,,,,,,,,,,,,,,,,,,,
3,03:41.8,894.4,02:06.2,3.96,28,163,104,-64,1,38,16,180.4,338.6,40,324.8,154.7,,85,324.8,,,,,,,,,,,,,,,,,,,,,
3,03:43.8,902.6,02:04.3,4.02,28,163,105,-64,4,37,15,171.2,328.2,39,315.1,150,,82,315.1,,,,,,,,,,,,,,,,,,,,,
3,03:46.0,911.7,02:01.6,4.11,28.5,163,106,-64,4,36,16,158.9,317.9,39,292.9,137.5,,80,292.9,,,,,,,,,,,,,,,,,,,,,
3,03:48.0,919.9,02:01.3,4.12,29,164,107,-63,3,34,19,163,326.2,37,286.3,140.3,,75,286.3,,,,,,,,,,,,,,,,,,,,,
3,03:50.0,928,02:02.5,4.08,29,164,108,-63,4,37,18,168.2,330.7,40,305.4,145.4,,78,305.4,,,,,,,,,,,,,,,,,,,,,
3,03:52.4,937.8,02:05.9,3.97,29,164,109,-64,4,37,18,172.5,328.5,36,314.5,151.9,,79,314.5,,,,,,,,,,,,,,,,,,,,,
3,03:54.2,945,02:01.6,4.11,29,164,110,-63,4,37,21,163.5,324.2,33,297.1,143.5,,75,297.1,,,,,,,,,,,,,,,,,,,,,
3,03:56.4,953.6,02:04.6,4.01,29,164,111,-63,4,37,19,163.5,317.9,33,294.3,142.1,,77,294.3,,,,,,,,,,,,,,,,,,,,,
3,03:58.4,962,02:05.0,4,29,164,112,-62,2,32,18,168.8,344.2,38,301.8,147.9,,74,301.8,,,,,,,,,,,,,,,,,,,,,
3,04:00.4,969.9,02:03.4,4.05,30,164,113,-63,4,37,17,167.2,323.8,41,307.4,148.5,,79,307.4,,,,,,,,,,,,,,,,,,,,,
3,04:02.6,978.7,02:03.1,4.06,28,165,114,-63,4,36,16,173.3,338.1,40,315.3,148,,79,315.3,,,,,,,,,,,,,,,,,,,,,
3,04:04.7,987,02:05.6,3.98,28,165,115,-63,2,38,19,163.5,322.6,37,294.9,138.4,,80,294.9,,,,,,,,,,,,,,,,,,,,,
3,04:07.0,995.9,02:08.8,3.88,27.5,165,116,-63,7,33,29,56.8,109.4,44,106.5,42.7,,60,106.5,,,,,,,,,,,,,,,,,,,,,
3,04:08.2,1000.1,02:08.8,3.88,27.5,165,116,-62,3,40,22,166.7,314.8,38,303.5,144.5,,77,303.5,,,,,,,,,,,,,,,,,,,,,
4,00:00.2,0.6,00:00.0,0,29,156,1,-62,3,37,17,163.3,305.3,41,294,146.3,,79,294,,,,,,,,,,,,,,,,,,,,,
4,00:02.2,8.8,02:04.6,4.01,30,155,2,-62,2,22,18,143.3,300.9,32,236.4,117.6,,64,236.4,,,,,,,,,,,,,,,,,,,,,
4,00:04.2,16.7,02:05.3,3.99,29,155,3,-62,5,37,16,182.4,343,36,330,161.7,,78,330,,,,,,,,,,,,,,,,,,,,,
4,00:06.2,24.7,02:05.3,3.99,30,154,4,-63,2,39,19,170.4,325.1,33,310.8,150.1,,81,310.8,,,,,,,,,,,,,,,,,,,,,
4,00:08.2,33.1,02:02.5,4.08,29,154,5,-64,3,39,16,163.8,305.1,40,302.1,148.1,,84,302.1,,,,,,,,,,,,,,,,,,,,,
4,00:10.4,41.9,02:01.9,4.1,30,155,6,-63,2,37,17,169,315.4,40,313.2,158.2,,81,313.2,,,,,,,,,,,,,,,,,,,,,
4,00:12.4,50.1,02:01.3,4.12,30,156,7,-62,5,37,16,161.5,318.3,40,301.6,150,,78,301.6,,,,,,,,,,,,,,,,,,,,,
4,00:14.3,58.4,01:59.9,4.17,30,157,8,-63,4,38,16,165.4,318.8,34,310.3,152.1,,81,310.3,,,,,,,,,,,,,,,,,,,,,
4,00:16.4,66.8,01:59.6,4.18,29,157,9,-63,4,37,15,158.9,306.5,34,299,146.5,,81,299,,,,,,,,,,,,,,,,,,,,,
4,00:18.4,75.3,01:59.3,4.19,30,158,10,-63,3,31,15,167,330.9,33,294.3,148.6,,76,294.3,,,,,,,,,,,,,,,,,,,,,
4,00:20.3,83.3,02:01.0,4.13,30,158,11,-63,4,37,18,166.2,332.8,47,310.1,156.6,,78,310.1,,,,,,,,,,,,,,,,,,,,,
4,00:22.4,91.8,01:59.9,4.17,30,159,12,-63,4,40,19,155.2,311.2,31,293.4,139.7,,80,293.4,,,,,,,,,,,,,,,,,,,,,
4,00:24.6,100.8,02:01.9,4.1,28,159,13,-64,2,36,17,170.7,311.8,40,308.2,148.9,,81,308.2,,,,,,,,,,,,,,,,,,,,,
4,00:26.6,109.1,02:01.6,4.11,28.5,159,14,-62,5,23,17,152,330.7,32,250.1,124.4,,63,250.1,,,,,,,,,,,,,,,,,,,,,
4,00:28.6,117.2,02:03.1,4.06,30,159,15,-63,4,36,15,177,340.3,41,320.4,154.7,,80,320.4,,,,,,,,,,,,,,,,,,,,,
4,00:30.6,125.5,02:03.1,4.06,29,160,16,-63,4,36,18,168.7,334.9,43,315.3,150.1,,77,315.3,,,,,,,,,,,,,,,,,,,,,
4,00:32.8,134.5,02:01.6,4.11,29,160,17,-64,4,39,21,160.4,319,33,296.7,143.3,,78,296.7,,,,,,,,,,,,,,,,,,,,,
4,00:34.8,142.8,02:00.4,4.15,29,161,18,-63,1,37,21,161.1,315.5,30,299.4,140.5,,78,299.4,,,,,,,,,,,,,,,,,,,,,
4,00:37.0,151.9,02:00.1,4.16,27,161,19,-64,5,37,16,158.8,326.6,38,312,142.5,,80,312,,,,,,,,,,,,,,,,,,,,,
4,00:39.2,161.1,02:00.7,4.14,27.5,162,20,-63,2,28,15,162.2,343.6,43,291.5,138.8,,74,291.5,,,,,,,,,,,,,,,,,,,,,
4,00:41.4,169.8,02:01.6,4.11,28,163,21,-63,3,37,19,157.9,317.2,35,293.8,134.2,,78,293.8,,,,,,,,,,,,,,,,,,,,,
4,00:43.4,178,02:04.6,4.01,29,163,22,-63,4,37,18,158.5,312.3,40,295.4,140.6,,78,295.4,,,,,,,,,,,,,,,,,,,,,
4,00:45.6,186.9,02:03.4,4.05,28,163,23,-63,4,37,20,162,320.6,41,297.3,141.6,,76,297.3,,,,,,,,,,,,,,,,,,,,,
4,00:47.8,195.7,02:03.7,4.04,28.5,164,24,-62,4,31,16,164.6,334.6,36,285.7,138,,73,285.7,,,,,,,,,,,,,,,,,,,,,
4,00:49.8,204.1,02:00.7,4.14,29,164,25,-62,5,36,17,161.9,325.6,42,303,146.4,,76,303,,,,,,,,,,,,,,,,,,,,,
4,00:51.8,212.6,01:59.9,4.17,29,164,26,-62,4,36,17,160.6,318.1,42,297.9,141.8,,77,297.9,,,,,,,,,,,,,,,,,,,,,
4,00:54.0,221.6,01:59.0,4.2,28.5,164,27,-62,4,25,20,154.6,329.2,28,252.5,125.6,,63,252.5,,,,,,,,,,,,,,,,,,,,,
4,00:56.2,230.7,02:04.0,4.03,29,165,28,-62,4,36,15,166.1,327.7,33,306.4,143.8,,79,306.4,,,,,,,,,,,,,,,,,,,,,
4,00:58.0,238.1,02:00.1,4.16,29,165,29,-63,5,38,20,171.9,324.9,35,307.9,148.7,,76,307.9,,,,,,,,,,,,,,,,,,,,,
4,01:00.2,246.9,02:02.8,4.07,29,165,30,-62,2,38,19,171.4,321.6,35,305,143.1,,79,305,,,,,,,,,,,,,,,,,,,,,
4,01:02.3,255.7,02:01.0,4.13,28,166,31,-63,2,37,20,162.8,309,34,297.7,137.8,,78,297.7,,,,,,,,,,,,,,,,,,,,,
4,01:04.4,264.6,02:00.4,4.15,28,166,32,-62,4,33,15,158.5,322.3,31,291.2,136.7,,76,291.2,,,,,,,,,,,,,,,,,,,,,
4,01:06.6,273.5,02:01.0,4.13,29,167,33,-62,5,26,17,160.9,338.2,32,263.5,131.1,,66,263.5,,,,,,,,,,,,,,,,,,,,,
4,01:08.6,281.7,02:02.5,4.08,29,167,34,-60,4,36,17,158.1,317.7,38,284.5,131.7,,75,284.5,,,,,,,,,,,,,,,,,,,,,
4,01:10.8,290.6,02:03.4,4.05,28,167,35,-62,2,38,22,160.9,327.3,33,294.3,134.4,,76,294.3,,,,,,,,,,,,,,,,,,,,,
4,01:13.0,299.7,02:01.3,4.12,27,168,36,-62,3,40,22,166.7,314.8,38,303.5,144.5,,77,303.5,,,,,,,,,,,,,,,,,,,,,
4,01:15.2,308.5,02:02.5,4.08,28,168,37,-62,4,37,17,166.7,323.3,37,298.4,140,,78,298.4,,,,,,,,,,,,,,,,,,,,,
4,01:17.4,317.4,02:04.6,4.01,27,168,38,-62,2,35,16,169.4,317.9,35,301.7,139.7,,79,301.7,,,,,,,,,,,,,,,,,,,,,
4,01:19.6,326.3,02:03.1,4.06,29,168,39,-62,4,39,20,146.1,305.1,30,270.9,122,,77,270.9,,,,,,,,,,,,,,,,,,,,,
4,01:21.8,335.3,02:03.1,4.06,26,168,40,-62,4,38,20,147,300.3,32,276.6,121.3,,76,276.6,,,,,,,,,,,,,,,,,,,,,
4,01:24.0,344.2,02:04.3,4.02,27,168,41,-62,4,38,17,150.8,292.5,34,282.6,127.3,,79,282.6,,,,,,,,,,,,,,,,,,,,,
4,01:26.2,353.2,02:03.7,4.04,27,168,42,-62,3,36,19,153.3,297.5,31,275,123.8,,76,275,,,,,,,,,,,,,,,,,,,,,
4,01:28.4,361.9,02:05.0,4,27,168,43,-62,5,39,19,143.5,284.7,30,272,119.3,,77,272,,,,,,,,,,,,,,,,,,,,,
4,01:30.8,371.6,02:03.4,4.05,26,169,44,-62,4,30,16,143.4,304.3,40,253.3,115.7,,72,253.3,,,,,,,,,,,,,,,,,,,,,
4,01:33.0,380.5,02:02.2,4.09,27.5,169,45,-61,4,38,21,144.4,281.3,37,263.6,118.7,,74,263.6,,,,,,,,,,,,,,,,,,,,,
4,01:35.3,389.8,02:04.3,4.02,27,168,46,-62,5,34,17,148.9,300,31,267.1,121.9,,74,267.1,,,,,,,,,,,,,,,,,,,,,
4,01:37.4,398.6,02:02.5,4.08,28,169,47,-62,3,40,22,166.7,314.8,38,303.5,144.5,,77,303.5,,,,,,,,,,,,,,,,,,,,,
4,01:39.6,407.4,02:01.3,4.12,27.5,169,48,-63,5,38,19,146.1,293.1,36,276.1,124.3,,77,276.1,,,,,,,,,,,,,,,,,,,,,
4,01:41.8,416.5,02:01.6,4.11,27,169,49,-62,5,29,18,141.8,306.7,41,253.7,115.8,,68,253.7,,,,,,,,,,,,,,,,,,,,,
4,01:43.8,424.8,02:03.1,4.06,28,169,50,-61,3,32,19,146.1,274.8,35,237.5,114.7,,71,237.5,,,,,,,,,,,,,,,,,,,,,
4,01:46.0,433.5,02:04.0,4.03,29,169,51,-62,4,35,22,136.6,276.6,26,239.6,109.4,,71,239.6,,,,,,,,,,,,,,,,,,,,,
4,01:48.2,442.3,02:05.3,3.99,27,169,52,-62,4,21,19,128.7,289.7,30,216.2,100.1,,60,216.2,,,,,,,,,,,,,,,,,,,,,
4,01:50.2,450.6,02:05.0,4,27.5,169,53,-60,4,36,17,154.4,312.2,34,279.3,129.3,,75,279.3,,,,,,,,,,,,,,,,,,,,,
4,01:52.4,459.3,02:02.8,4.07,28,169,54,-62,4,38,17,152.6,308.3,33,289.5,134,,79,289.5,,,,,,,,,,,,,,,,,,,,,
4,01:54.8,469.3,02:01.0,4.13,27.5,169,55,-63,4,37,18,146.6,296.9,30,278,123.5,,78,278,,,,,,,,,,,,,,,,,,,,,
4,01:56.8,477.6,02:02.2,4.09,27,170,56,-62,4,35,18,152.1,313.6,30,278.7,130.8,,75,278.7,,,,,,,,,,,,,,,,,,,,,
4,01:59.3,487.6,02:01.0,4.13,28,170,57,-63,4,38,22,135.9,279.2,28,258.6,114.9,,75,258.6,,,,,,,,,,,,,,,,,,,,,
4,02:01.4,496.3,02:02.5,4.08,26,170,58,-63,4,39,22,142.1,296.6,29,272.4,117.9,,76,272.4,,,,,,,,,,,,,,,,,,,,,
4,02:03.8,506.2,02:01.3,4.12,25,170,59,-62,3,39,22,136.6,283.7,29,261.1,110.1,,76,261.1,,,,,,,,,,,,,,,,,,,,,
4,02:06.2,515.8,02:03.7,4.04,25.5,169,60,-62,5,34,20,140.2,287.3,29,247.9,105.9,,71,247.9,,,,,,,,,,,,,,,,,,,,,
4,02:08.4,524.5,02:05.9,3.97,26,169,61,-62,4,37,23,132,269.3,31,238.9,103.4,,72,238.9,,,,,,,,,,,,,,,,,,,,,
4,02:10.8,534.2,02:05.6,3.98,26,169,62,-63,4,39,20,137.3,281.2,31,260.1,112.6,,78,260.1,,,,,,,,,,,,,,,,,,,,,
4,02:13.0,542.7,02:07.5,3.92,26,168,63,-63,4,35,22,143.7,293.8,39,266.2,115.2,,72,266.2,,,,,,,,,,,,,,,,,,,,,
4,02:15.4,552.1,02:08.2,3.9,27,168,64,-62,4,39,21,135,278.4,33,256.9,111.2,,76,256.9,,,,,,,,,,,,,,,,,,,,,
4,02:17.8,561.6,02:05.6,3.98,24.5,167,65,-61,4,35,20,140.5,276.9,31,242.1,104.8,,72,242.1,,,,,,,,,,,,,,,,,,,,,
4,02:20.3,571.3,02:07.5,3.92,26.5,167,66,-60,2,31,22,141.3,291,31,244.3,108.5,,67,244.3,,,,,,,,,,,,,,,,,,,,,
4,02:22.2,578.8,02:08.8,3.88,27.5,167,67,-61,4,18,18,128,289.2,29,195.6,93.1,,57,195.6,,,,,,,,,,,,,,,,,,,,,
4,02:24.4,587.2,02:11.5,3.8,28,167,68,-61,2,35,15,161.9,313.4,45,296.1,129.8,,79,296.1,,,,,,,,,,,,,,,,,,,,,
4,02:26.5,595.3,02:08.2,3.9,27,167,69,-62,4,37,19,147,301.6,40,273,123,,76,273,,,,,,,,,,,,,,,,,,,,,
4,02:28.8,604.7,02:04.6,4.01,27,167,70,-63,4,37,20,150.3,296,32,277.1,123.1,,76,277.1,,,,,,,,,,,,,,,,,,,,,
4,02:31.0,613.4,02:05.9,3.97,27,167,71,-62,4,32,21,138.7,297.3,32,252.1,112,,69,252.1,,,,,,,,,,,,,,,,,,,,,
4,02:33.2,622.3,02:05.0,4,27,167,72,-62,5,39,20,140.6,288.3,31,264.9,117.7,,76,264.9,,,,,,,,,,,,,,,,,,,,,
4,02:35.6,631.6,02:07.2,3.93,25,167,73,-63,4,36,18,147.1,284.8,28,271.5,113.1,,77,271.5,,,,,,,,,,,,,,,,,,,,,
4,02:38.3,642.1,02:07.5,3.92,25.5,167,74,-62,3,40,22,166.7,314.8,38,303.5,144.5,,77,303.5,,,,,,,,,,,,,,,,,,,,,
4,02:40.2,650,02:05.3,3.99,27,167,75,-63,4,38,22,145.6,303.1,35,280.7,124.7,,75,280.7,,,,,,,,,,,,,,,,,,,,,
4,02:42.4,658.7,02:06.2,3.96,26,167,76,-62,4,37,17,148.5,313.3,33,276.3,122.8,,78,276.3,,,,,,,,,,,,,,,,,,,,,
4,02:44.8,668,02:07.5,3.92,27,167,77,-62,4,36,16,150.7,300.1,41,278.8,122.2,,78,278.8,,,,,,,,,,,,,,,,,,,,,
4,02:47.2,677.5,02:07.8,3.91,26,167,78,-61,3,32,20,137,294.6,38,245.4,109,,70,245.4,,,,,,,,,,,,,,,,,,,,,
4,02:49.2,685.1,02:10.2,3.84,28,167,79,-63,5,38,21,148.9,287.9,33,275.2,123.9,,75,275.2,,,,,,,,,,,,,,,,,,,,,
4,02:51.6,694.4,02:07.8,3.91,26,167,80,-62,7,34,18,145.5,303.8,38,262.9,118.4,,71,262.9,,,,,,,,,,,,,,,,,,,,,
4,02:53.8,703,02:07.5,3.92,27,166,81,-61,4,38,21,138.5,274.4,29,253.8,109.8,,74,253.8,,,,,,,,,,,,,,,,,,,,,
4,02:56.3,712.7,02:07.8,3.91,26,166,82,-62,2,29,18,150.1,302,34,251.6,111.8,,71,251.6,,,,,,,,,,,,,,,,,,,,,
4,02:58.2,720.5,02:04.3,4.02,28,166,83,-63,4,37,19,150.9,292.7,36,277.6,125,,77,277.6,,,,,,,,,,,,,,,,,,,,,
4,03:00.6,730.2,02:04.3,4.02,26,166,84,-61,4,27,20,138.5,298.8,30,233.5,103.7,,64,233.5,,,,,,,,,,,,,,,,,,,,,
4,03:02.8,739,02:04.3,4.02,26,166,85,-60,4,37,16,158.7,325.5,40,294.6,125.9,,77,294.6,,,,,,,,,,,,,,,,,,,,,
4,03:05.3,748.5,02:09.5,3.86,27.5,166,86,-62,2,36,18,167.1,324.8,35,300.7,135.4,,78,300.7,,,,,,,,,,,,,,,,,,,,,
4,03:07.2,756.4,02:05.0,4,27,166,87,-62,4,34,19,165.8,322,29,295.1,134.7,,73,295.1,,,,,,,,,,,,,,,,,,,,,
4,03:09.4,765.3,02:05.0,4,27,166,88,-61,2,37,20,157.7,306.8,27,279.9,126.1,,76,279.9,,,,,,,,,,,,,,,,,,,,,
4,03:11.8,774.9,02:03.4,4.05,27,166,89,-62,4,31,20,156.9,319.9,30,268.7,122.6,,69,268.7,,,,,,,,,,,,,,,,,,,,,
4,03:14.3,784.9,02:02.8,4.07,28,166,90,-62,4,37,20,149.8,302.9,42,285.8,125.3,,75,285.8,,,,,,,,,,,,,,,,,,,,,
4,03:16.2,793,02:02.2,4.09,26,166,91,-64,5,40,21,143.4,299.9,35,279.9,118.1,,78,279.9,,,,,,,,,,,,,,,,,,,,,
4,03:18.6,802.7,02:03.7,4.04,25,166,92,-62,3,40,22,166.7,314.8,38,303.5,144.5,,77,303.5,,,,,,,,,,,,,,,,,,,,,
4,03:21.0,812.1,02:05.9,3.97,25,166,93,-63,4,31,24,114,250.4,30,192.7,82.3,,66,192.7,,,,,,,,,,,,,,,,,,,,,
4,03:23.3,820.9,02:06.5,3.95,28,167,94,-60,6,36,24,126.5,261,28,209.9,97.2,,66,209.9,,,,,,,,,,,,,,,,,,,,,
4,03:25.4,829.3,02:09.5,3.86,27,166,95,-62,4,38,17,151,287.5,29,272.2,120.9,,79,272.2,,,,,,,,,,,,,,,,,,,,,
4,03:27.8,838.8,02:05.3,3.99,26,166,96,-62,2,29,20,133.6,261.7,30,216.8,96.3,,69,216.8,,,,,,,,,,,,,,,,,,,,,
4,03:29.8,846.8,02:07.5,3.92,28,166,97,-62,3,40,22,166.7,314.8,38,303.5,144.5,,77,303.5,,,,,,,,,,,,,,,,,,,,,
4,03:32.3,856.2,02:08.8,3.88,27,166,98,-61,2,37,17,151.7,295.7,37,279.8,124.3,,79,279.8,,,,,,,,,,,,,,,,,,,,,
4,03:34.4,864.7,02:07.2,3.93,27,166,99,-62,4,26,17,138.5,311.4,36,242.9,110.9,,67,242.9,,,,,,,,,,,,,,,,,,,,,
4,03:36.6,873.3,02:05.9,3.97,28,166,100,-62,4,40,18,155.2,317.2,34,303.7,136.8,,80,303.7,,,,,,,,,,,,,,,,,,,,,
4,03:38.8,882.1,02:05.6,3.98,27,166,101,-62,4,38,18,144,292,37,277.5,123.3,,78,277.5,,,,,,,,,,,,,,,,,,,,,
4,03:41.3,892,02:05.0,4,26,166,102,-62,4,31,22,136.4,291.8,29,237.1,106.8,,67,237.1,,,,,,,,,,,,,,,,,,,,,
4,03:43.2,900,02:03.7,4.04,28,166,103,-62,3,40,22,166.7,314.8,38,303.5,144.5,,77,303.5,,,,,,,,,,,,,,,,,,,,,
4,03:45.2,908.1,02:03.1,4.06,29,166,104,-61,5,32,18,152.2,322.9,35,279,131,,70,279,,,,,,,,,,,,,,,,,,,,,
4,03:47.4,916.7,02:04.6,4.01,28,166,105,-61,5,38,19,146.4,292.2,32,272.7,124.5,,75,272.7,,,,,,,,,,,,,,,,,,,,,
4,03:49.8,926.4,02:05.0,4,26,166,106,-62,4,39,22,128.6,277.3,32,248.3,103.4,,75,248.3,,,,,,,,,,,,,,,,,,,,,
4,03:52.0,935.2,02:06.2,3.96,26,166,107,-62,4,29,22,137.2,284.3,28,229.1,103.2,,65,229.1,,,,,,,,,,,,,,,,,,,,,
4,03:54.2,944.1,02:03.4,4.05,27,166,108,-61,4,37,17,153.4,305.6,33,283.7,127.8,,77,283.7,,,,,,,,,,,,,,,,,,,,,
4,03:56.5,953.1,02:06.2,3.96,27,166,109,-62,3,33,18,153.1,303,29,280.7,126.4,,74,280.7,,,,,,,,,,,,,,,,,,,,,
4,03:58.6,961.6,02:04.6,4.01,28,166,110,-63,2,40,18,150.9,301.2,29,288.1,128,,83,288.1,,,,,,,,,,,,,,,,,,,,,
4,04:01.0,971.1,02:05.0,4,26,166,111,-62,2,41,20,152.2,305.1,30,279.8,124.3,,81,279.8,,,,,,,,,,,,,,,,,,,,,
4,04:03.2,980.2,02:04.6,4.01,27,166,112,-63,4,38,21,139.2,277.9,29,253.7,111.2,,76,253.7,,,,,,,,,,,,,,,,,,,,,
4,04:05.5,989.3,02:02.5,4.08,26,166,113,-62,4,27,26,100.5,230.6,30,169.9,73.5,,59,169.9,,,,,,,,,,,,,,,,,,,,,
4,04:08.3,999.2,02:14.4,3.72,23.5,166,114,-62,3,40,22,166.7,314.8,38,303.5,144.5,,77,303.5,,,,,,,,,,,,,,,,,,,,,
4,04:08.5,1000.1,02:14.4,3.72,23.5,166,114,-62,3,40,22,166.7,314.8,38,303.5,144.5,,77,303.5,,,,,,,,,,,,,,,,,,,,,
5,00:01.7,6.8,02:07.2,3.93,29,152,1,-63,2,37,16,177.9,323,41,316.3,159.7,,82,316.3,,,,,,,,,,,,,,,,,,,,,
5,00:03.7,15.3,01:59.6,4.18,30,152,2,-64,4,38,18,165.9,313.7,45,309.2,149.3,,80,309.2,,,,,,,,,,,,,,,,,,,,,
5,00:05.7,24,01:58.7,4.21,28,152,3,-63,4,40,23,148.9,303.4,30,284.2,133.4,,76,284.2,,,,,,,,,,,,,,,,,,,,,
5,00:08.1,33.6,02:00.1,4.16,28,153,4,-63,4,38,18,150.5,315,36,287.6,135,,79,287.6,,,,,,,,,,,,,,,,,,,,,
5,00:10.1,42.1,01:59.6,4.18,28.5,154,5,-63,4,35,17,156.5,298.6,31,283.8,137.1,,77,283.8,,,,,,,,,,,,,,,,,,,,,
5,00:12.1,50.5,01:59.0,4.2,29,155,6,-62,3,37,20,149.6,288,30,267.7,129.3,,76,267.7,,,,,,,,,,,,,,,,,,,,,
5,00:14.3,59.5,01:59.3,4.19,29,155,7,-62,4,31,20,140.8,285.8,31,238,113.3,,69,238,,,,,,,,,,,,,,,,,,,,,
5,00:16.3,67.9,02:00.4,4.15,29,156,8,-62,4,37,16,152.8,303.7,30,278.3,132.5,,79,278.3,,,,,,,,,,,,,,,,,,,,,
5,00:18.5,77,02:01.0,4.13,28,157,9,-64,4,37,20,151.9,299.4,33,277.6,128.5,,77,277.6,,,,,,,,,,,,,,,,,,,,,
5,00:20.7,86.3,01:59.6,4.18,28,157,10,-64,5,40,21,149.7,296.6,41,286.6,132.7,,78,286.6,,,,,,,,,,,,,,,,,,,,,
5,00:22.7,94.6,02:00.4,4.15,28,158,11,-64,4,42,21,147.8,305.3,32,289.6,132.2,,81,289.6,,,,,,,,,,,,,,,,,,,,,
5,00:24.9,103.7,02:00.4,4.15,27,158,12,-64,3,38,18,152.7,291,39,288.7,131.8,,81,288.7,,,,,,,,,,,,,,,,,,,,,
5,00:27.1,112.8,01:59.9,4.17,28,159,13,-64,4,34,20,159.4,308.3,33,284.9,135.6,,74,284.9,,,,,,,,,,,,,,,,,,,,,
5,00:29.3,122,02:00.4,4.15,28.5,160,14,-63,2,33,18,164.2,325.5,32,295.9,140.9,,76,295.9,,,,,,,,,,,,,,,,,,,,,
5,00:31.3,130.2,02:01.9,4.1,29,160,15,-63,4,37,20,160.8,302.3,31,282.6,134.5,,76,282.6,,,,,,,,,,,,,,,,,,,,,
5,00:33.5,139.3,02:01.3,4.12,27,160,16,-64,4,36,17,154,305.4,40,286.1,130.6,,79,286.1,,,,,,,,,,,,,,,,,,,,,
5,00:35.7,148.8,01:58.2,4.23,28.5,160,17,-63,4,32,21,139.1,294.3,31,243.6,114.4,,70,243.6,,,,,,,,,,,,,,,,,,,,,
5,00:37.7,157,02:00.4,4.15,28,160,18,-63,3,36,17,148.5,307.9,33,278.5,130.7,,79,278.5,,,,,,,,,,,,,,,,,,,,,
5,00:39.9,166.2,01:58.7,4.21,28,160,19,-63,4,36,18,159.1,311.8,39,295.3,138.6,,77,295.3,,,,,,,,,,,,,,,,,,,,,
5,00:42.1,175.3,02:01.3,4.12,27.5,160,20,-63,4,37,17,154.9,298.2,34,281.8,130.5,,79,281.8,,,,,,,,,,,,,,,,,,,,,
5,00:44.3,184.3,02:01.6,4.11,28,160,21,-62,4,33,20,148.5,307.3,31,261,122.5,,71,261,,,,,,,,,,,,,,,,,,,,,
5,00:46.3,192.7,01:59.9,4.17,29,160,22,-62,4,33,23,128.3,265.7,30,214.2,103.4,,68,214.2,,,,,,,,,,,,,,,,,,,,,
5,00:48.3,201.1,01:59.0,4.2,29,161,23,-61,2,34,20,142.8,277.7,28,246,117.1,,73,246,,,,,,,,,,,,,,,,,,,,,
5,00:50.7,211,02:02.8,4.07,29,161,24,-62,4,36,19,153.3,303.9,31,277.9,130.4,,75,277.9,,,,,,,,,,,,,,,,,,,,,
5,00:52.5,218.4,01:59.9,4.17,28,161,25,-63,4,37,22,148.2,293.3,30,265.8,126.5,,74,265.8,,,,,,,,,,,,,,,,,,,,,
5,00:54.7,227.7,01:59.3,4.19,28,162,26,-62,5,34,20,143,291.5,31,248.8,116.8,,71,248.8,,,,,,,,,,,,,,,,,,,,,
5,00:56.8,236.5,02:00.4,4.15,28.5,162,27,-64,4,34,19,130.5,264.1,29,237.1,108.2,,75,237.1,,,,,,,,,,,,,,,,,,,,,
5,00:59.1,245.7,02:01.6,4.11,28,162,28,-61,4,37,23,131.8,268.2,30,226.1,106.1,,71,226.1,,,,,,,,,,,,,,,,,,,,,
5,01:01.3,254.8,02:01.9,4.1,27,163,29,-60,4,32,19,128.7,273.4,31,221.7,101.2,,69,221.7,,,,,,,,,,,,,,,,,,,,,
5,01:03.3,263,02:02.8,4.07,28,163,30,-61,4,30,18,137.3,279,28,229.7,107.8,,69,229.7,,,,,,,,,,,,,,,,,,,,,
5,01:05.7,273,02:01.9,4.1,28.5,163,31,-61,4,34,25,113.5,251.6,29,195.6,91.8,,66,195.6,,,,,,,,,,,,,,,,,,,,,
5,01:07.5,280.4,01:59.6,4.18,29,163,32,-61,4,35,25,129,269.7,27,226.3,106.2,,67,226.3,,,,,,,,,,,,,,,,,,,,,
5,01:09.7,289.4,02:01.6,4.11,28,163,33,-62,3,32,19,148.5,291,31,256.6,123.9,,72,256.6,,,,,,,,,,,,,,,,,,,,,
5,01:11.8,298,02:00.1,4.16,29,164,34,-62,3,40,22,166.7,314.8,38,303.5,144.5,,77,303.5,,,,,,,,,,,,,,,,,,,,,
5,01:13.9,306.9,02:01.9,4.1,27,164,35,-63,4,38,22,139.6,286,41,267.2,120.3,,75,267.2,,,,,,,,,,,,,,,,,,,,,
5,01:16.3,316.5,02:01.6,4.11,26.5,164,36,-62,4,36,19,138.8,284.5,32,248,111.7,,75,248,,,,,,,,,,,,,,,,,,,,,
5,01:18.5,325.5,02:03.4,4.05,27,165,37,-61,4,31,22,128.5,270.6,32,218.4,99.7,,66,218.4,,,,,,,,,,,,,,,,,,,,,
5,01:20.7,334.3,02:05.3,3.99,28.5,165,38,-62,4,32,24,125.8,273.6,29,211.5,99.3,,66,211.5,,,,,,,,,,,,,,,,,,,,,
5,01:22.7,342.2,02:05.3,3.99,28,165,39,-61,4,35,20,140,280.5,30,249.4,113.8,,72,249.4,,,,,,,,,,,,,,,,,,,,,
5,01:24.9,351.1,02:03.7,4.04,28,165,40,-61,4,37,22,142.9,283.3,26,251.8,118.2,,72,251.8,,,,,,,,,,,,,,,,,,,,,
5,01:27.0,359.4,02:05.6,3.98,28,165,41,-61,4,34,22,150.3,293,30,249.9,119,,69,249.9,,,,,,,,,,,,,,,,,,,,,
5,01:29.1,367.9,02:03.7,4.04,28,165,42,-62,4,36,22,142.6,293.5,33,257.1,117.4,,72,257.1,,,,,,,,,,,,,,,,,,,,,
5,01:31.3,376.8,02:04.6,4.01,27.5,165,43,-63,6,29,19,121.1,270.5,31,220.6,103.6,,67,220.6,,,,,,,,,,,,,,,,,,,,,
5,01:33.5,385.6,02:05.3,3.99,29,165,44,-59,4,32,21,118.1,251.9,30,198.9,94.7,,66,198.9,,,,,,,,,,,,,,,,,,,,,
5,01:35.7,394.6,02:03.7,4.04,29,165,45,-60,6,33,21,128.4,271.6,30,223.5,108,,66,223.5,,,,,,,,,,,,,,,,,,,,,
5,01:37.7,402.6,02:03.4,4.05,28,166,46,-57,2,31,18,133.2,268,31,219.1,104.3,,68,219.1,,,,,,,,,,,,,,,,,,,,,
5,01:39.7,410.4,02:06.2,3.96,30,166,47,-59,5,26,18,109.8,241.7,30,182.5,85.7,,62,182.5,,,,,,,,,,,,,,,,,,,,,
5,01:41.7,418.6,02:07.5,3.92,28,166,48,-57,2,29,24,104.6,220.1,24,164.8,79.6,,60,164.8,,,,,,,,,,,,,,,,,,,,,
5,01:43.9,427,02:06.2,3.96,29,166,49,-58,4,32,27,97.1,217.6,23,157.8,73,,59,157.8,,,,,,,,,,,,,,,,,,,,,
5,01:46.1,435.6,02:08.5,3.89,27,167,50,-59,4,32,26,107.2,223.2,31,173.4,80.2,,61,173.4,,,,,,,,,,,,,,,,,,,,,
5,01:48.3,444.1,02:07.5,3.92,27.5,167,51,-58,6,31,26,85,182.3,33,137,62.5,,57,137,,,,,,,,,,,,,,,,,,,,,
5,01:50.8,453.8,02:07.8,3.91,28,166,52,-56,4,31,22,85.1,206.8,30,141.8,63.9,,61,141.8,,,,,,,,,,,,,,,,,,,,,
5,01:52.7,461,02:14.4,3.72,27,167,53,-59,4,34,21,128.3,260.3,33,216,98.6,,68,216,,,,,,,,,,,,,,,,,,,,,
5,01:54.9,469.5,02:08.8,3.88,27.5,167,54,-59,5,31,26,109.5,248.3,27,176.1,82.7,,59,176.1,,,,,,,,,,,,,,,,,,,,,
5,01:57.0,477.6,02:08.2,3.9,28,166,55,-61,6,35,15,138.9,282.8,42,252.6,115.3,,75,252.6,,,,,,,,,,,,,,,,,,,,,
5,01:59.1,486,02:06.5,3.95,28,166,56,-62,4,32,18,138.6,289.1,30,251.5,118.1,,72,251.5,,,,,,,,,,,,,,,,,,,,,
5,02:01.3,494.5,02:09.5,3.86,29,166,57,-60,3,32,20,140.2,287.7,27,238,114.9,,69,238,,,,,,,,,,,,,,,,,,,,,
5,02:03.3,502.5,02:05.9,3.97,28,166,58,-61,4,36,20,139.8,287.5,33,254.9,118,,73,254.9,,,,,,,,,,,,,,,,,,,,,
5,02:05.7,512.1,02:05.9,3.97,27,166,59,-61,4,36,21,142,277.3,36,255.3,115,,72,255.3,,,,,,,,,,,,,,,,,,,,,
5,02:07.7,519.8,02:08.2,3.9,27.5,166,60,-63,4,36,21,139.9,280.5,28,250.5,114.3,,74,250.5,,,,,,,,,,,,,,,,,,,,,
5,02:09.9,528.5,02:07.5,3.92,27,166,61,-61,4,37,18,137.4,270.6,31,248.5,111.9,,76,248.5,,,,,,,,,,,,,,,,,,,,,
5,02:12.3,537.8,02:07.8,3.91,27,166,62,-61,4,31,22,131.1,287.8,29,221.2,99.6,,66,221.2,,,,,,,,,,,,,,,,,,,,,
5,02:14.7,547.3,02:08.8,3.88,27,165,63,-60,4,37,18,140.9,284.7,39,252.4,113.7,,75,252.4,,,,,,,,,,,,,,,,,,,,,
5,02:16.7,554.8,02:08.8,3.88,27.5,165,64,-62,5,37,20,135.9,277.9,33,246.9,112.7,,74,246.9,,,,,,,,,,,,,,,,,,,,,
5,02:18.9,563.4,02:08.8,3.88,27,165,65,-61,4,39,21,146.7,285.9,29,264.6,119.1,,75,264.6,,,,,,,,,,,,,,,,,,,,,
5,02:21.1,572.1,02:08.2,3.9,27,165,66,-63,4,38,18,150.6,288.4,38,278.2,122,,79,278.2,,,,,,,,,,,,,,,,,,,,,
5,02:23.3,581,02:04.0,4.03,27,164,67,-64,5,39,22,149.7,309.9,36,285.6,126.9,,76,285.6,,,,,,,,,,,,,,,,,,,,,
5,02:25.5,589.8,02:03.7,4.04,27,164,68,-64,5,41,24,138.1,300.3,40,278.4,123.7,,76,278.4,,,,,,,,,,,,,,,,,,,,,
5,02:27.9,599.5,02:03.1,4.06,26.5,165,69,-62,3,40,22,166.7,314.8,38,303.5,144.5,,77,303.5,,,,,,,,,,,,,,,,,,,,,
5,02:30.1,608.5,02:04.0,4.03,26,165,70,-63,4,37,19,145,293.9,33,272.2,122.6,,77,272.2,,,,,,,,,,,,,,,,,,,,,
5,02:32.3,617.2,02:05.3,3.99,28,165,71,-63,4,33,26,139.9,282.5,32,234.6,110.1,,66,234.6,,,,,,,,,,,,,,,,,,,,,
5,02:34.5,625.9,02:06.2,3.96,28,166,72,-62,4,37,19,151.6,292.8,40,274.4,125.3,,76,274.4,,,,,,,,,,,,,,,,,,,,,
5,02:36.7,634.6,02:05.3,3.99,27,166,73,-62,5,37,17,136.1,273.4,32,259.6,115.4,,77,259.6,,,,,,,,,,,,,,,,,,,,,
5,02:38.8,643.2,02:05.0,4,27,166,74,-62,3,40,22,166.7,314.8,38,303.5,144.5,,77,303.5,,,,,,,,,,,,,,,,,,,,,
5,02:41.1,652.2,02:06.9,3.94,26.5,166,75,-62,3,33,22,134.8,286.3,29,236.3,106.4,,70,236.3,,,,,,,,,,,,,,,,,,,,,
5,02:43.3,660.8,02:07.8,3.91,27,166,76,-62,4,36,18,142.3,291.2,29,266,118.2,,76,266,,,,,,,,,,,,,,,,,,,,,
5,02:45.5,669.6,02:05.3,3.99,27,166,77,-63,4,38,20,154.4,305.3,39,281.7,130.4,,77,281.7,,,,,,,,,,,,,,,,,,,,,
5,02:47.7,678.5,02:05.6,3.98,27.5,166,78,-63,4,39,20,150.8,298.2,44,285.4,126.8,,78,285.4,,,,,,,,,,,,,,,,,,,,,
5,02:50.1,687.8,02:06.9,3.94,26,166,79,-63,4,38,20,153.5,302.6,36,289.1,125.1,,77,289.1,,,,,,,,,,,,,,,,,,,,,
5,02:52.3,696.6,02:05.0,4,26,166,80,-63,4,31,22,141.3,288.6,34,234.9,107.2,,68,234.9,,,,,,,,,,,,,,,,,,,,,
5,02:54.5,705.4,02:04.3,4.02,27.5,167,81,-61,2,36,19,154.8,305.6,34,279.6,127.7,,76,279.6,,,,,,,,,,,,,,,,,,,,,
5,02:56.7,714.3,02:05.0,4,28,167,82,-62,4,38,18,150.7,307.3,40,287.3,127.6,,78,287.3,,,,,,,,,,,,,,,,,,,,,
5,02:58.9,722.9,02:06.9,3.94,27,167,83,-63,4,38,17,160.6,313.9,39,294.5,134.5,,80,294.5,,,,,,,,,,,,,,,,,,,,,
5,03:01.1,731.7,02:06.9,3.94,27,167,84,-63,4,38,18,154.9,314.1,34,297.3,132.1,,79,297.3,,,,,,,,,,,,,,,,,,,,,
5,03:03.5,741.3,02:03.4,4.05,27,167,85,-63,4,39,18,149.8,299.7,32,289.8,127.1,,80,289.8,,,,,,,,,,,,,,,,,,,,,
5,03:05.7,750.3,02:04.0,4.03,26,167,86,-64,5,32,20,152.2,306.2,40,272.4,119.5,,71,272.4,,,,,,,,,,,,,,,,,,,,,
5,03:07.9,759,02:05.6,3.98,27,167,87,-62,5,37,19,162,330,42,307.2,138.4,,75,307.2,,,,,,,,,,,,,,,,,,,,,
5,03:10.3,768.5,02:05.6,3.98,27,167,88,-62,4,31,21,152.4,323.8,40,268.2,120.8,,68,268.2,,,,,,,,,,,,,,,,,,,,,
5,03:12.3,776.6,02:05.6,3.98,28,167,89,-62,4,38,18,165.8,321.8,40,299.6,138.7,,78,299.6,,,,,,,,,,,,,,,,,,,,,
5,03:14.8,786.1,02:06.9,3.94,26,167,90,-63,6,28,15,153.7,366.8,43,284,126.2,,70,284,,,,,,,,,,,,,,,,,,,,,
5,03:16.9,794.4,02:08.2,3.9,27,167,91,-61,2,35,16,170.8,342.3,42,314.1,139.6,,78,314.1,,,,,,,,,,,,,,,,,,,,,
5,03:19.1,803.2,02:07.2,3.93,27.5,167,92,-62,3,40,22,166.7,314.8,38,303.5,144.5,,77,303.5,,,,,,,,,,,,,,,,,,,,,
5,03:21.1,811.2,02:04.6,4.01,28,166,93,-62,3,37,19,162.8,325.4,39,301.4,139.5,,77,301.4,,,,,,,,,,,,,,,,,,,,,
5,03:23.3,820.1,02:04.3,4.02,27.5,166,94,-64,4,38,21,155.9,314.4,39,295.5,133.1,,77,295.5,,,,,,,,,,,,,,,,,,,,,
5,03:25.5,829,02:03.4,4.05,27,167,95,-64,4,35,17,166.1,340.5,40,308.3,140.8,,78,308.3,,,,,,,,,,,,,,,,,,,,,
5,03:27.9,838.6,02:04.3,4.02,27,167,96,-62,4,32,17,157.2,336.5,42,292.1,133.3,,73,292.1,,,,,,,,,,,,,,,,,,,,,
5,03:29.8,846.5,02:04.0,4.03,28.5,167,97,-62,3,40,22,166.7,314.8,38,303.5,144.5,,77,303.5,,,,,,,,,,,,,,,,,,,,,
5,03:32.1,855.5,02:05.0,4,28,167,98,-63,5,39,20,160.9,328.3,32,298.5,140.1,,77,298.5,,,,,,,,,,,,,,,,,,,,,
5,03:34.3,864.4,02:03.7,4.04,28,167,99,-64,7,40,15,154.1,311.2,44,300.1,135.1,,82,300.1,,,,,,,,,,,,,,,,,,,,,
5,03:36.5,873.5,02:02.5,4.08,26,167,100,-63,4,36,16,167.7,332,40,319.2,141.8,,79,319.2,,,,,,,,,,,,,,,,,,,,,
5,03:38.7,882.4,02:02.5,4.08,27.5,168,101,-62,4,35,16,159.2,330.1,42,300.8,139.2,,77,300.8,,,,,,,,,,,,,,,,,,,,,
5,03:40.9,891,02:06.5,3.95,28,168,102,-62,4,35,18,168.5,338.4,41,296.3,139.1,,75,296.3,,,,,,,,,,,,,,,,,,,,,
5,03:42.9,899.1,02:04.6,4.01,28,168,103,-62,3,40,22,166.7,314.8,38,303.5,144.5,,77,303.5,,,,,,,,,,,,,,,,,,,,,
5,03:45.1,907.9,02:05.9,3.97,27.5,168,104,-63,5,38,19,155.9,310.3,33,284.4,129.8,,77,284.4,,,,,,,,,,,,,,,,,,,,,
5,03:47.3,916.8,02:04.0,4.03,28,168,105,-63,6,32,15,145.7,311.8,35,269.7,123.1,,74,269.7,,,,,,,,,,,,,,,,,,,,,
5,03:49.5,925.5,02:04.0,4.03,28,168,106,-64,3,38,17,156.7,329.6,42,310.3,141.7,,82,310.3,,,,,,,,,,,,,,,,,,,,,
5,03:51.7,934.6,02:03.1,4.06,27,168,107,-63,4,37,17,162,337,40,310.6,143.8,,79,310.6,,,,,,,,,,,,,,,,,,,,,
5,03:53.9,943.3,02:03.1,4.06,28,168,108,-63,3,38,20,171.7,339.6,41,320.4,148.3,,78,320.4,,,,,,,,,,,,,,,,,,,,,
5,03:56.1,952.5,02:02.2,4.09,28,168,109,-62,4,38,16,170,332,45,311.7,146.3,,80,311.7,,,,,,,,,,,,,,,,,,,,,
5,03:58.1,960.7,02:02.5,4.08,28,168,110,-63,4,36,17,166.7,333.8,43,302.3,141.9,,78,302.3,,,,,,,,,,,,,,,,,,,,,
5,04:00.3,969.5,02:03.1,4.06,28,168,111,-63,4,36,14,163.3,322.2,43,304.1,137,,81,304.1,,,,,,,,,,,,,,,,,,,,,
5,04:02.7,979.2,02:05.0,4,28,169,112,-62,5,37,14,172.9,324.5,42,314.2,147.5,,80,314.2,,,,,,,,,,,,,,,,,,,,,
5,04:04.5,986.5,02:05.0,4,28,169,113,-62,4,38,17,164.4,318.8,41,299,140.4,,79,299,,,,,,,,,,,,,,,,,,,,,
5,04:06.9,995.9,02:02.8,4.07,28.5,168,114,-61,6,33,26,57.4,116.9,28,107.5,44.2,,62,107.5,,,,,,,,,,,,,,,,,,,,,
5,04:08.1,1000.1,02:02.8,4.07,28.5,168,114,-62,3,40,22,166.7,314.8,38,303.5,144.5,,77,303.5,,,,,,,,,,,,,,,,,,,,,
