Quiske,http://quiskepreprod.azurewebsites.net/#/sessions/1614/sessiondetails,,,,,,,,,,,
timestamp(s),distance(m),SPM (strokes per minute),speed (m/s),latitude,longitude,stroke angle (deg),max drive speed (deg/s),max seat speed (m/s),max seat recovery speed (m/s),boat accelerator curve,oar angle velocity curve,seat curve
1495348433,2.532582149,22,1.01,60.40365325,60.40365325,58.77,35.12,,,"-0.139658959427307,-0.117221570960581,-0.101111878663965,-0.0911628156477774,-0.10073311332189,-0.0599118716527204,-0.0893000671024726,-0.0956223658392804,-0.0917944580017942,-0.0940459544520979,-0.087403190977999,-0.0802800717591715,-0.038054860402256,0.","-2.27614333455845,-2.43456291942586,-2.33729208212418,-1.44126945365763,2.51729462340252,6.26368057815956,10.1882803975195,14.149461890621,17.7730977276223,21.2073122116182,24.2511982409152,27.0315818401264,29.4399531816152,31.3290032815642,33.05537562177",
1495348438,13.84987207,25,2.79,60.40374327,60.40374327,93.01,118.18,,,"-0.527871425782965,-0.519401301843737,-0.488684791438524,-0.430719224256377,-0.336843975123298,-0.24283166737284,-0.127694902771275,-0.0224185105872297,0.0541309419785881,0.105775161264537,0.161763595769539,0.191280713133954,0.197516092929949,0.1883061066","7.72814004113624,13.5819344530816,20.6066773650252,28.4823557144589,37.6376995564028,46.8955238970663,54.493678868908,60.0991138847008,64.2615727073798,66.9704821758906,68.4162062612772,68.985607678034,68.7750190953242,68.0805739416597,67.4984899075927,67.0876830089774,67.0681764936237,67.4766953711798,68.1624945325023,69.0922003068858,70.1097329961674,71.3048967897082,72.6962532180659,74.3383942336651,76.1243566071923,77.9229498862169,79.6820503070827,81.4622249341556,83.2813817358766,85.0784770099365,86.853476710768,88.6351493428056,90.4730992977194,92.378459476042,94.3069025490472,96.16187528765,97.8774314278392,99.500349579192,101.074071885683,102.59655561327,104.058506322059,105.490633113824,107.003209581304,108.67648112681,110.452093647854,112.120326449387,113.524059237959,114.817824843899,116.054496033346,117.133161744591,117.926900102447,118.157048137924,118.005409180821,117.902353248367,117.898744418225,117.853872360421,117.563974354195,117.097107488737,116.470328593304,115.843856107977,115.066970305973,114.083802411225,112.948961513806,111.757945430214,110.616499692724,109.596222129533,108.790635914229,108.045208216483,107.200605780964,106.119863290109,104.872025154562,103.298336893638,101.249236329845,99.5578412946514,97.5023184258535,94.6480399833055,90.685713007812,85.6033963060071,79.5229926139648,73.1262497332822,66.2095898481431,59.6645288623906,53.185922671541,47.4690214509506,41.8970573726172,36.541480339099,30.7400449513308,24.1886323582634,17.586429004888,13.857723600365,8.19555991671239,2.79765028604605,-2.28458814291903,-7.89934510525714,-13.7253952226398,-17.1453141463375,-24.1280999170195,-30.2074464231755,-34.3733121178231,-38.6225901921692,-42.6432198608229,-45.7248913467072,-48.8373198919022,-51.667938895537,-54.159712568557,-56.3276768212092,-58.4156312455679,-60.3746999282401,-61.9606159254452,-63.3647784497908,-64.6177706592945,-65.6056295972729,-66.5259217481614,-67.3649420596325,-67.9939552288702,-68.5880311835377,-69.1792982129151,-69.7155927652102,-70.3090292974609,-70.9335453825229,-71.5027050448137,-72.0339741554645,-72.5695143320379,-73.0342688669985,-73.4586428208428,-73.8595315957568,-74.1389545645497,-74.3335574880367,-74.4890765567195,-74.5768036638314,-74.6387786620432,-74.7589787233196,-74.8120526590517,-74.8150896202544,-74.8430841398573,-74.8610158117455,-74.8428089242315,-74.8593770048685,-74.9891653797769,-75.0859650655755,-75.251241074989,-75.6005264946574,-76.0387872555935,-76.5511030030383,-77.2939428985237,-78.1257449119716,-79.0653987577901,-80.125642312313,-81.2081412134708,-82.2881388002267,-83.5065555406675,-84.7403448137314,-85.9831977340436,-87.2456432404652,-88.6166315677732,-90.1343892922837,-91.6716678661593,-93.267657320146,-94.9056154273618,-96.5801529392389,-98.2281403314645,-99.8194490682481,-101.380659510811,-102.904747000761,-104.329324537361,-105.659666995904,-106.895260690346,-108.002268342242,-109.011543424724,-109.866430714101,-110.588646489142,-111.241386635004,-111.568240020353,-111.40061673281,-111.099732746752,-110.769708869206,-109.782231984846,-108.010757916079,-105.857035416326,-103.832292537815,-101.487002769781,-98.5583861487349,-95.0475044299938,-91.4827858041822,-88.1422561726702,-84.3429219661933,-79.99489269742,-75.9927619528669,-71.6227118583489,-68.4953953472262,-66.9263753412415,-64.9651388509288,-61.5824053217956,-57.1173972512758,-51.8854446844265,-46.0091200474913,-39.4507402512763,-30.4774752863423,-21.3021081411903,-12.6377184129461",
1495348440,25.07178894,25,3.553333333,60.40380479,60.40380479,94.47,127.36,,,"-0.601855820961532,-0.53421529846963,-0.481954690949155,-0.436868930945094,-0.369355636976727,-0.285634157756602,-0.187402421542769,-0.0930384155712685,0.00195043678163879,0.0962361335463085,0.158841568297531,0.213920858311846,0.240813645853794,0.26092229","-19.0692551910346,-20.6417958027894,-20.9930581045007,-19.5339267522897,-12.4959877861413,-2.95741568140428,7.36138913475789,18.2784834086685,29.1351235252367,39.5486920143827,49.0266666154094,57.2316892748067,63.8593748924556,68.660206239633,71.599035213",
1495348443,32.61392511,26,3.68,60.40390043,60.40390043,96.74,129.36,,,"-0.557784434686524,-0.554597364174348,-0.491905621552248,-0.399578439583453,-0.289230182577333,-0.176413410497691,-0.0840444503274158,-0.00188152607743937,0.0773218207719032,0.155914972131145,0.2135100437812,0.227377468395723,0.239344663068343,0.244193701","24.0406219684889,33.4597249648391,43.6683675324684,54.1109764316048,62.6420417168337,68.9131596652805,73.6508298337433,76.3344475602843,77.5083916459102,77.6144234130802,77.1418799713661,76.6166982489227,76.2752869348345,76.1092571409797,76.2323559691919,76.8396533765738,77.9826317658309,79.4496294364871,81.0002242368629,82.6194889466406,84.4039814908451,86.3873870234346,88.5314218908848,90.7723962285116,93.0475863613536,95.2734902524826,97.4089280271772,99.4264096507571,101.325851770281,103.13752559109,104.870270046864,106.535117075421,108.19584811228,109.91706873049,111.672587322871,113.398814987455,115.054209088132,116.673204955326,118.29964623591,119.913764195088,121.452262253179,122.833216209204,124.095832468963,125.303171641136,126.379307414529,127.269004965018,128.038134247585,128.651212737112,129.067845954895,129.317457489047,129.307788547911,129.077988012019,128.731871382171,128.139518425282,127.149478021864,125.864410471396,124.521162568235,123.160956450563,121.845278413067,120.52929513945,119.211715246122,117.904656607098,116.612197646554,115.3293324921,114.049465695546,112.726625175065,111.255711090175,109.293204840016,107.028074585342,104.852119869097,102.091509724395,98.4228481095541,93.6901024740078,87.9599550004094,81.3991239212335,74.9083417029676,68.8024694866963,62.2436067812741,55.6996199944248,49.3749155464032,43.4011261807091,36.9547746156351,29.2335884057634,20.1183709953022,13.9378912527021,8.65384469219659,2.62960895156191,-3.198749246543,-9.45812054208513,-15.4652205537619,-19.2629447779613,-23.6891822192707,-31.3377762885755,-36.2627703787159,-40.6079255217865,-44.8263496137537,-48.3933375127243,-51.3342114058762,-54.2382670619013,-56.8934535172292,-59.4516933846621,-61.9296640208284,-64.2111376954691,-66.3529089538986,-68.3669172303331,-70.3987722052212,-72.3051802914019,-74.0006177100641,-75.4005159496951,-76.5977279092684,-77.7778243349938,-78.8897784337063,-79.8755911858593,-80.857958701958,-81.4891867145664,-82.0434507455744,-83.0515188550808,-83.6866327643504,-83.9676726526967,-84.2525494972234,-84.2841813612492,-84.0112007141883,-83.9451798935782,-83.6889190912827,-83.1621456190003,-82.7114513121573,-82.4216120155963,-82.2414217136136,-82.1922456979553,-82.3957799049249,-82.6557649214752,-82.9896314193548,-83.548379794978,-84.1677398495708,-84.6972252238754,-85.2105620040789,-85.7394095364952,-86.3358046796723,-86.9467536501942,-87.5895818175454,-88.4253332269984,-89.3098070951505,-90.2975711654377,-91.4800681134261,-92.763812767788,-94.0493945267198,-95.4461317450087,-96.9192913261404,-98.402276503753,-99.865249162868,-101.31066287792,-102.735311592801,-104.073840482068,-105.328786473956,-106.469415889392,-107.456872555754,-108.338237598286,-109.170076326313,-109.922546781522,-110.628107830945,-111.314109489075,-111.960651871178,-112.463212490207,-112.824530260512,-113.058430201748,-113.26059715905,-113.103278850099,-112.4635034519,-111.690263352718,-110.697210606157,-109.272146130725,-107.400114452465,-105.301512834591,-102.879612228144,-100.117849102037,-96.6523671663558,-92.8876958892496,-89.3607886946503,-85.6717962015159,-81.5603801572619,-77.2639219058253,-73.5714836676569,-70.8565752485759,-67.7303143550005,-64.0067502593022,-59.3870532184357,-54.0180249794252,-47.9354324216579,-41.3125614380987,-33.3458713469643,-24.4864890582933,-15.6872919293955,-6.80296465915955,2.7876260588942,13.2980628545488,24.0838510575836,34.7936999562952,45.1062994445892,54.7285131505793,63.2181586520483",
1495348445,44.35269542,26,3.78,60.40396765,60.40396765,97.21,131.66,,,"-0.523090382669467,-0.490333464406535,-0.466891557181093,-0.391803804313979,-0.293858850698462,-0.192086681647992,-0.0979730059314664,-0.021800746326563,0.0537250186099465,0.126521809676423,0.181276328795512,0.20780311153752,0.216463772286861,0.2237696099","22.2899734182016,31.2336299381127,40.9927531727266,51.3171834291369,60.5604746902026,67.7716209720527,73.2725122612946,76.6714031625553,78.1744557914055,78.5917371463593,78.3317857104019,77.8200124442311,77.4110576835662,77.2884378895296,77.5128457531441,78.234314737704,79.3991625656544,80.8231567782637,82.4004126875735,83.9583113874346,85.5174061422719,87.1280634292506,88.9001146947448,90.8918597764717,92.9779898752541,95.0108795455047,96.9479596370113,98.8260992691856,100.734697047162,102.72180791762,104.765967711367,106.77831853824,108.716076567683,110.595937508063,112.435922020136,114.254904579914,115.996904165026,117.604915115326,119.041385021326,120.347982535415,121.643479410491,123.001073021735,124.372003277815,125.6841091863,126.976184853531,128.227224313106,129.493218399654,130.605501209608,131.296400842757,131.583672434165,131.645397791174,131.557765838778,131.147960682282,130.352277712979,129.190263249322,127.9468724461,126.708074969733,125.397029825978,123.830042892345,122.053898873906,120.31956355556,118.787881577957,117.337231767479,115.946083945189,114.613576713632,113.301904328616,111.955692343818,110.469697584918,108.723288727154,106.494656520327,103.994570084558,101.607954175976,98.7788822999049,95.2559450084714,90.8661922439238,85.595094816357,79.511423139604,73.0016290692529,66.4680062206044,59.7682030359581,53.0066245781381,46.4655965030728,39.7880645154247,32.4618407875827,26.0174470879134,21.9672932499262,17.4069451589431,11.5723095920761,5.42675012102618,-0.747820879683225,-6.47597732776415,-11.2616411805236,-17.5492928964526,-25.3374473838271,-31.3007457723595,-36.6483516235273,-41.3099673139482,-45.4557155194613,-49.0927389684058,-52.3737621502302,-55.448790758648,-58.260924641987,-60.7887524228223,-63.110919256151,-65.3017480550151,-67.3314091904405,-69.2562340732761,-71.1075497083577,-72.8493452839237,-74.481898827272,-75.977158174931,-77.3849873695449,-78.717703488305,-79.8744881838134,-80.8830892841636,-81.7839055611685,-82.5739660269963,-83.2781865379127,-83.9181792011246,-84.5038654580004,-85.0146680644311,-85.4606044546046,-85.8461456361436,-86.0453388124497,-86.0319997899486,-85.9710975549992,-85.9462443370942,-85.9273749381537,-85.5181661231837,-84.9865169112767,-84.6157027380866,-84.5571959574433,-84.822696094098,-85.1428690851147,-85.4317793245662,-85.9185075313518,-86.8728922176374,-87.9833338570849,-89.1170768553425,-90.2795999863518,-91.3645688125421,-92.5421180931997,-93.7645561664248,-94.9684734900756,-96.1889055940592,-97.412180800811,-98.6369997883928,-99.8447803076051,-101.035229678828,-102.201973928762,-103.384662728249,-104.602073396151,-105.791573879956,-106.927419525665,-107.987659659269,-108.994867051883,-109.969063453454,-110.880729476043,-111.68856594502,-112.402137682147,-113.081215872684,-113.706390675402,-114.275530233358,-114.771541979522,-115.157589572503,-115.428433374085,-115.604180413854,-115.732701063292,-115.647510951369,-115.15589754129,-114.155760186302,-112.990782374504,-111.520601375821,-109.356907472882,-106.147914389571,-102.306403953629,-98.2973265795657,-94.2432624873125,-90.0291062902918,-85.2037593400542,-81.7271487059875,-79.7470359659,-78.4251647808686,-76.8127788943258,-75.0502736671904,-72.2170247425881,-68.5142799772182,-64.1259009157301,-58.8513976587378,-52.2166703602904,-44.7413511824219,-37.7292300481975,-30.6485630276872,-23.0970942348309,-14.8141565571166,-5.83519886413505,3.94134572425425,14.3707456721742,25.0747124870549,35.7194019785236",
1495348447,52.14287189,26,3.8,60.40406962,60.40406962,96.43,131.1,,,"-0.560880615652468,-0.472363712402526,-0.433582191743351,-0.394158824193756,-0.309525187833413,-0.182866012007233,-0.0887366151667011,-0.0109664360590774,0.0780315986477937,0.161122281841524,0.222595077196922,0.251116690614045,0.262695643377024,0.25243845","19.9333536495099,28.7535147072657,38.511740879681,48.9503607288494,58.5647433592368,66.2543347715447,71.9095309337108,75.4155745751436,77.3360606379352,78.1865106229667,78.1359953507181,77.5312223700797,76.8736056197713,76.694467242717,77.0720537166731,77.8185685246054,78.8291536669591,80.0275928582253,81.4524022009745,83.0599059282006,84.8444665635399,86.745237634177,88.6932522124843,90.7113008708588,92.8439715627152,95.1174934627556,97.4395373402204,99.758012303036,102.067283222809,104.366831198132,106.641908628406,108.855218007575,110.957481311823,112.953420309148,114.889084564392,116.781933583696,118.674712163895,120.601146548425,122.510217693592,124.328313212798,125.980740653173,127.424167051352,128.658452703112,129.635106154641,130.287858296028,130.692070751644,130.913200233721,131.018210851337,131.099232257786,131.028689842179,130.697222198184,130.107005894145,129.337515024173,128.406990968472,127.329572029385,126.039296681093,124.524257192911,122.874262249627,121.172219851717,119.481143648458,117.678989672679,115.79937381322,113.892737513113,111.993328265171,110.141679078335,108.369508681551,106.561381469676,104.60788085908,102.370522395506,99.9760801810581,97.5167673507485,94.5278022625518,90.7656551202777,86.0531267791835,80.5661620921644,74.5688071577539,68.4832311686583,62.6034538332808,56.4413643216513,50.2809753102416,44.3322929234166,38.3997781225869,32.2070858357749,25.9211950732641,17.7745961115421,10.0428149754641,5.55906247172977,-0.195982088814247,-6.20988160818705,-12.178446074463,-17.9513039947108,-23.3479094184118,-26.6694566723374,-32.5379893884798,-38.403250142904,-42.6749428163646,-47.1609833543794,-50.465954525916,-53.374030664747,-56.0604264588599,-58.3053743455601,-60.3540628721938,-62.3352388087071,-63.7738216976173,-65.2973681804838,-67.4731209895815,-69.3013900659933,-70.9516378421664,-72.8732910211262,-74.7155813216862,-76.1535147849272,-77.4332061681913,-78.4610231280909,-79.1549624679558,-79.6351984376614,-79.9896685445717,-80.185354161615,-80.3102247884487,-80.5734488930554,-80.6991143197831,-80.4474499019898,-80.1913922404914,-80.151928012674,-79.9423481468604,-79.5104397975713,-79.0663349956848,-78.6662256110911,-78.5565632791518,-78.7338488974087,-78.9450962797394,-79.2347676564706,-79.9243747882142,-80.8515567759925,-81.914201405878,-83.0996486936199,-84.2517431306188,-85.3642134016949,-86.648260574426,-87.8991753965208,-88.8775219543293,-89.8754160767199,-90.9007387535738,-91.9921342359857,-93.1074795306049,-94.225486883056,-95.3020442793859,-96.4442768462535,-97.6471725250048,-98.8152304465472,-99.9325304524063,-100.925005290226,-101.814512097658,-102.626637883171,-103.43460165328,-104.134290114208,-104.75533096475,-105.325827684269,-106.023356759843,-106.784546588376,-107.527493065978,-108.12411993839,-108.638174651966,-109.32591007348,-110.084838200364,-110.551498654035,-110.803378703599,-111.112866028768,-111.217975149803,-111.043643694367,-110.731237588728,-109.947008115656,-108.721561953486,-107.044758881395,-104.920182001934,-102.555039737818,-100.180877773083,-97.2128515608158,-93.8528183195145,-90.5505710709141,-87.0517673536271,-83.1549662569112,-79.156460307904,-75.4715961978488,-72.9743782428343,-70.8774944297999,-67.8618719057345,-63.4369530777938,-58.2231820179087,-52.1946430532847,-45.1846496919125,-36.8477140178373,-27.2903030412104,-18.0325577038163,-8.65115411171464,1.26348307694697,11.9978630242152,22.9424734896291,33.7653049233453,44.136144232134,53.9978578287302",
1495348450,59.6932858,25,3.823333333,60.40413269,60.40413269,99.56,132.68,,,"-0.592255796663858,-0.571011966165868,-0.522902004958007,-0.445410810177249,-0.327208605538676,-0.230543696163778,-0.116607586043926,-0.00932420715475965,0.0924789009993055,0.171525236745618,0.224944036375353,0.247554684473801,0.263468468711054,0.25245599","15.126407030122,22.9750362715234,32.0579223946887,42.0554480474566,52.1096186597292,61.478303410671,69.2568467475509,75.0468197309827,78.9133525980171,81.1919053022938,82.2555060672856,82.4074105798137,81.9433836941744,81.4493383247161,81.3099489627561,81.6208377273301,82.3778855394096,83.4639079907029,84.8498129265732,86.3531252329827,87.9211536718609,89.5555574937744,91.2833693138458,93.1670576775978,95.2222015469132,97.3815005134472,99.5634874460819,101.718777293526,103.816539693835,105.850147785975,107.858564621125,109.816324549512,111.658289418505,113.374171961517,114.984833563739,116.527528043994,118.029014493869,119.511969579233,120.967710376532,122.46894648283,124.072615270388,125.719260574458,127.336255376586,128.889013581683,130.285774127806,131.402831649073,132.183645874928,132.56201889391,132.664915319259,132.55464259577,132.132710084261,131.229115372961,130.027105903225,128.720569153024,127.48093918646,126.332728956919,125.179425365623,124.165549093473,123.365224729264,122.819153966108,122.437072153402,122.129794536967,121.836052713747,121.523949753853,121.082530863449,120.453624771992,119.449106684628,117.821574706959,116.035309172592,113.616076518628,110.197488636551,105.58660594289,99.7783225927533,92.6789986182865,86.0208754675936,79.20932550572,71.3849920665228,63.3199840112397,55.7394354054969,48.5972899230673,41.0557129754819,32.5971694539289,21.888423515313,11.8317644851285,5.06744765782543,-1.70281346054244,-9.02879052229455,-16.3384872907171,-23.7061843150875,-30.0542320404108,-34.7200695586754,-40.711948586978,-46.919584231383,-51.9107610950764,-56.340910117612,-59.3316497280873,-61.9669847238355,-64.3342987371207,-66.2559205964301,-68.0157313920227,-69.4938632278461,-70.7965048725427,-72.0053052513758,-73.0374740088382,-73.9014438317384,-74.7075289082124,-75.4441749706624,-76.0964412397315,-76.6016285436205,-76.9977384895066,-77.3665007287436,-77.6065744845776,-77.7774602951026,-77.8939981668739,-77.8856578705569,-77.8238173846288,-77.7552078744786,-77.6419623861244,-77.4817040595347,-77.2637119042608,-76.9596507230065,-76.6163380283381,-76.2408906123226,-75.8094522642921,-75.3683489072698,-74.9086296406044,-74.4716822285207,-74.1192142175076,-73.8716332013519,-73.7770973645984,-73.8152987768105,-73.9562123111873,-74.2885129057258,-74.9188469950284,-75.7547319063654,-76.7806641457333,-77.9894440562298,-79.1450857983267,-80.2384208758933,-81.3824506152474,-82.354919697175,-83.4683341520385,-84.7786836169064,-85.9647500685917,-87.2204182578916,-88.7323514295762,-90.3574077541304,-92.1697840092229,-93.994867766288,-95.4878619714643,-97.0820175742542,-98.805492235904,-100.505437562728,-102.301057625533,-104.040267661661,-105.864932225477,-107.785258806291,-109.598124203177,-111.260373301514,-112.844599757812,-114.333178148541,-115.665789884629,-116.827186623896,-117.782500636322,-118.559028253052,-119.146089006208,-119.504186257059,-119.605919774292,-119.515596412119,-119.064315263843,-118.158423530239,-116.870422074179,-115.48489456698,-113.63696200014,-111.085430143011,-107.74318502226,-103.579694888663,-99.9328619256432,-96.1680259533875,-91.1674311542466,-85.8376960613194,-80.7926435305168,-75.6143785154548,-70.3101219103126,-64.5168398553184,-59.1649896438495,-55.1930134008694,-50.9285690881453,-46.0042769034824,-40.054253049085,-33.5209686473502,-26.6100342360207,-19.1903780473128,-9.48659910427487,0.508944845936762,10.2312660731036,19.7391874754623,29.1019453527417,38.1573659266093,46.5905424144148",
1495348452,71.17726684,26,3.816666667,60.40419795,60.40419795,98.08,130.77,,,"-0.56763505708393,-0.556638387944986,-0.4918655210941,-0.455011850590386,-0.384567723577957,-0.270126562744255,-0.164777462570018,-0.0595685354965264,0.0207062955212263,0.0943408548226479,0.158970523320242,0.202397211873591,0.23136778539442,0.232109203219","13.5840111560772,20.3026465780424,27.8228330623565,35.9956821119574,44.3393645877454,52.2401594251736,59.2238028320171,64.7396303525485,68.5371705552954,70.9855759118815,72.5691008493663,73.5983765688134,74.0790699712315,73.9654294912817,73.5204855652311,73.2857390346093,73.6815024858181,74.6138174505672,75.793840130067,76.9286400522894,78.0867084627298,79.5078990951615,81.2735609705969,83.2673597827281,85.3142633529171,87.4146262973833,89.6155218855707,91.9997573734129,94.4741407030614,96.8842020134217,99.1823175814956,101.315881582496,103.286552005426,105.130039035006,106.885425476145,108.578606748938,110.229247332071,111.800673822426,113.25562711261,114.674498428425,116.087776629967,117.519749162171,118.97500223412,120.464546122048,121.970158915203,123.440187462106,124.816008007327,126.099932636566,127.262185638911,128.271253473077,129.133055849751,129.779283501515,130.225786598357,130.532333790896,130.726593881609,130.645706132841,130.156549363262,129.172301952868,127.660625433262,125.923227404515,124.081461935749,122.294536042536,120.673947451599,119.384508946886,118.447632478684,117.809955084944,117.368973998357,116.937807977686,116.414394437695,115.684183602126,114.619732065906,113.229376775008,111.435200079808,109.327401643684,107.096201310581,104.25454144759,100.614744431121,96.1834894956851,91.1053920775168,85.4855951839683,79.7647147496254,73.9572488377174,68.4283743716829,62.9160124594216,57.4416343003596,51.9845229894197,45.9047940416886,37.7985180552763,32.3628668186203,28.0724946596178,21.2546533190952,14.9254795295714,8.48524351501388,1.37544700746426,-4.83864451304365,-10.145926549232,-18.7434786251709,-26.3060289871502,-31.872997388525,-37.4942294965617,-42.6728411051029,-47.2187198413773,-51.5305495317674,-55.6265896661318,-59.3169961386509,-62.7745609836484,-66.1200732573519,-69.2182718324927,-72.1136450544196,-74.8053923579941,-77.2475565481178,-79.4485189870425,-81.4968370994594,-83.3453732594699,-84.9588616323016,-86.3211730185762,-87.437936589236,-88.4035423383738,-89.2066437980151,-89.7878996787928,-90.2372449637944,-90.5346109250386,-90.7013559768692,-90.7981656993998,-90.886985661193,-90.9140646101027,-90.8419719914624,-90.7270910951201,-90.5953031775464,-90.4720485264717,-90.3612935344841,-90.281113710195,-90.2257993369658,-90.23572901904,-90.340051613122,-90.5075799148116,-90.7835064266894,-91.1396266044821,-91.5061096846608,-91.7932058359218,-92.133262020391,-92.5632073756575,-92.9520372808217,-93.4695770934953,-94.1358160361035,-94.8999782245119,-95.8176006221052,-96.9262892987505,-98.1158618277218,-99.4721626856796,-100.984062111865,-102.47208511029,-103.960739480457,-105.521059474767,-107.10099433871,-108.649773734225,-110.122838465382,-111.473662899571,-112.728041352368,-113.951818594582,-115.0106725725,-116.014451876506,-117.045953664593,-117.83505239466,-118.390840960147,-118.74724852478,-119.025294549608,-119.035296941082,-118.676572939653,-118.068836447876,-117.262712091181,-116.098391311424,-114.767643372662,-113.369421268931,-111.740748063211,-110.01916815958,-108.01403668241,-105.646322250119,-103.307782814773,-100.671051599632,-97.4806828864425,-93.9550765482819,-90.4751773434787,-87.2343905960092,-83.9740495705037,-80.0128770377217,-76.4294076051923,-73.4042160569018,-69.6703637789428,-64.8786275577727,-59.1926330605671,-52.6232100204852,-45.2516469089599,-37.2659441038229,-27.5511435064557,-16.7289113576895,-5.56014308703292,6.06680779954951,18.2470340474175,30.2907067372081",
1495348454,78.25195914,26,3.836666667,60.40428964,60.40428964,98.16,132.68,,,"-0.5829219320765,-0.559899084591619,-0.561945993001916,-0.538362126708919,-0.468526497584722,-0.417651269946313,-0.352351961632868,-0.271056424837863,-0.156067408339444,-0.0579947957453666,0.0287213854548953,0.107481610674816,0.162481703140571,0.200554981","-1.32108955176686,2.87331328462008,8.87700906381271,16.4693032497395,26.5770792174931,38.2137056175406,49.116423517713,58.8717360321093,66.8589140697975,73.0024674981171,77.1549439015053,79.3997274676091,80.1737501087617,79.8669316917213,78.9735478845196,",
1495348457,86.00143405,26,3.886666667,60.40435398,60.40435398,99.26,135.23,,,"-0.661025708592488,-0.644478304264343,-0.651611178928905,-0.591049206275949,-0.518449846064432,-0.424425771458145,-0.334375139637842,-0.241321098944702,-0.109542664145547,0.00516320353830371,0.0831094990217711,0.169740782162684,0.238762155829478,0.2770755","-7.55022741197886,-5.78410349962144,-2.32819104022328,3.13662889780456,11.9297744643037,23.3227417685949,34.6210076409027,45.2931608716398,54.9884048204731,63.2208217664354,69.8596084357925,74.5959842414364,77.3932732399866,78.5289898226769,78.51276732696",
1495348459,97.85753728,25,3.963333333,60.40441839,60.40441839,98.71,135.97,,,"-0.690767094480245,-0.637502457391413,-0.59745118654532,-0.533012564477687,-0.443939004308218,-0.342980352057211,-0.263420024884424,-0.139104635667943,-0.00279488244859532,0.0766458358462064,0.146572822330498,0.215337168756061,0.255924578488145,0.27933782","2.52465472425385,7.91404111011376,14.7410275032546,22.8626520020977,32.8922305196811,43.682809273196,53.6368705241933,61.7116245290969,67.5280349179004,71.4741905602064,73.9155124199079,75.1824930007341,75.4547181910592,74.8187535054989,73.7859323710923,73.1191700652817,73.055953663677,73.674219983072,74.8479423986786,76.386208763157,78.1459892072251,80.122130712224,82.2622039925363,84.4543134061748,86.6610425785423,88.8887304982363,91.2053365584698,93.6484725257919,96.2008503571363,98.8177164140633,101.471229711813,104.097075509173,106.588833875582,108.943176042698,111.204405951421,113.393192517684,115.586438757224,117.842468575591,120.141084069876,122.398887514279,124.507206937971,126.474578304813,128.308370851877,129.844724151517,131.042518263503,132.331309664025,133.414911094394,134.065989643483,134.348834296293,134.699627388525,135.112139765542,135.685516856324,135.95397770099,135.767444109663,135.698914823257,135.636988896681,135.070144410157,133.71617735964,131.835818765757,129.668181305951,127.341691077386,124.858170554088,122.307136190437,119.917417422283,117.794905141673,115.964658662488,114.199217772782,112.453068285747,110.601601648487,108.530350150412,106.183257616809,103.691159894947,100.763272436012,97.3926745775367,93.6689702539909,88.9096692363123,83.184400749384,76.6371969118273,69.2549130988919,62.5132309494855,56.5493031118699,50.1474527297603,43.3876538634993,37.2221229381996,29.7268232577972,23.9259325205346,19.3627821545651,12.7227716747451,6.24877308515985,-0.215683826229879,-6.5206557260224,-10.8236623182973,-15.4226458683846,-22.4825929313359,-28.5524643285788,-33.7428179953661,-38.8509463322754,-43.1149933924335,-47.2333148701013,-51.1346685658904,-54.6728838240875,-57.7194696065388,-61.0443524686379,-64.3118340105358,-67.4291186723022,-70.741099039451,-73.766655156673,-76.5139989491862,-79.1192636593357,-81.342554447037,-83.2213349340423,-85.0077909322638,-86.4690403655104,-87.7440640650671,-88.9481255405059,-89.8573004383087,-90.538731907299,-91.0906830190801,-91.5413359890933,-91.8479515670413,-91.7421739492378,-91.4762691799862,-91.2738927903316,-90.9597269677889,-90.3793411694631,-89.6255219766173,-88.8326533773383,-88.3646934986212,-88.2912861327584,-88.238726109094,-88.1935939765392,-88.6142409152244,-89.2602886881233,-90.1064849011514,-91.0296655115367,-91.9167871383991,-92.7929411684729,-93.8355884281276,-94.9492051911297,-96.0068828767529,-97.0804864106505,-98.0917036554008,-99.151365195021,-100.182472270242,-101.244675735681,-102.333387961278,-103.47253785549,-104.666877608734,-105.986809302366,-107.354462315366,-108.710951889398,-110.095592803782,-111.470243334902,-112.754260873694,-113.90640596613,-114.890552458691,-115.92239549937,-116.954593712576,-117.790041539234,-118.418468196276,-119.126775614984,-119.744976274757,-119.982822675629,-120.215388580537,-120.372566912589,-120.041472293162,-119.495858877041,-118.678874633156,-117.457422354035,-116.489848900608,-115.158717104647,-112.963242387743,-110.52008361463,-107.944312495269,-104.658044623223,-100.837080352029,-96.6868517058717,-92.569517464443,-88.8595768253644,-85.2430627900499,-81.3305145616041,-76.9744227335439,-72.6768132333788,-68.3402251909433,-63.1760186253152,-57.1040392671736,-50.3171755896902,-42.857456946367,-34.8312552375654,-26.0788403096229,-16.4091352253796,-6.08389252375028,4.53218857619936,15.4583492149116,26.4756568069003,37.4458929587879,48.0000410759081,57.5899533274149,65.280106532718,70.9959366107399",
1495348461,105.4448732,26,3.916666667,60.40451621,60.40451621,103.37,137.03,,,"-0.60995957729599,-0.612620247303399,-0.603340855116925,-0.552165725379437,-0.484492232222836,-0.388159144773011,-0.257295279070075,-0.103604600041934,0.000266242734944397,0.07314812605866,0.16237787847851,0.222820804263777,0.262970949565354,0.27947779147","30.7926836430778,41.0429720466706,51.7672271259642,62.2595908621386,69.564781136102,73.8174062645984,76.4895101576994,77.5018978788911,77.3104936990907,76.2552178746105,75.0065603175445,74.2037213176392,73.8492572023257,73.8607436529811,74.4940787935306,75.7823845962168,77.4478570879026,79.3593344108187,81.3871780280948,83.4422918538531,85.5200881751424,87.6332144837622,89.7637523357123,91.8988805195033,94.0713104236551,96.2946215737476,98.6324556107698,101.063436574212,103.512308046831,105.858832724155,108.103997054675,110.297992934341,112.491065800846,114.702274188218,116.876946153025,118.989747719309,121.050904778771,123.084905696951,125.111915925295,127.074331236764,128.864496055455,130.321144385365,131.650805658832,133.118169321846,134.526259070079,135.452714615257,135.836222509422,136.114117561726,136.451572569775,136.814866708526,137.008254260867,136.92172614193,136.764839511647,136.616342640327,136.111033091519,135.048109526853,133.584853737981,131.87915160714,129.764611970992,127.326946727821,124.82558688389,122.520409238701,120.489214024459,118.546257937155,116.552723231176,114.576353892886,112.728028478566,110.886991725543,108.80855290329,106.36384953928,103.729112547797,100.938549258881,97.726159587771,93.7498491639635,88.7862149281292,82.8798567374603,76.3340468511532,68.9908179988901,61.1301248639325,53.6295691011247,46.9565321686705,40.7620662724061,34.5285827199721,28.5081800971924,23.2019275951071,19.5397739316806,16.2616261803146,12.0225346123588,6.80081650987317,1.45191553542246,-3.58468014240359,-8.26183140547595,-13.4455816829514,-20.0053260879963,-26.0842793052779,-31.2513378699662,-35.9280812476896,-40.1826087296423,-44.358679412867,-48.1659201492345,-51.7417028496575,-55.1817084469417,-58.2651811196331,-61.082334750114,-63.6782650127136,-66.2136694503941,-68.7736037371384,-71.1147711056443,-73.2369753342914,-75.469754660438,-77.5601957856947,-79.4913005441472,-81.4114877614461,-82.9567568246661,-84.2069073292785,-85.5273635260592,-86.6510782389608,-87.5499547458674,-88.4829691839465,-89.4270850894159,-90.3167944895576,-91.2870348438558,-92.2278429918091,-93.0465360971982,-93.848284721734,-94.6267485372565,-95.222169732393,-95.720957154147,-96.1329664561273,-96.4098768091946,-96.7168311074294,-97.1121923228825,-97.500081562989,-97.972961851323,-98.5847383778321,-99.3335788167525,-100.28034269916,-101.293837438636,-102.225347571113,-103.195701201791,-104.291312086369,-105.358829832152,-106.393521272017,-107.416004253013,-108.387241283967,-109.43338063482,-110.5283852046,-111.584481554787,-112.626484116847,-113.731996016804,-114.835631334521,-115.883490219999,-116.918104338809,-118.079533688962,-119.358683127319,-120.694057878345,-121.948672741326,-123.092526957109,-124.122939102142,-125.270978603256,-126.332438069815,-126.886534530241,-126.971063643705,-127.02800383271,-127.166802553777,-126.906580987638,-125.960693005933,-124.748343807348,-123.597903194065,-122.204994392957,-120.198475781841,-117.393705926912,-114.208983966663,-111.186578828351,-107.983899753399,-104.039838714432,-99.8379944716279,-95.7996833626183,-91.7789704778875,-87.6736673269171,-83.4855293833931,-79.273885562544,-75.2307570416268,-70.9067599679001,-67.4023519911344,-64.4339513859042,-60.7416290842667,-55.8831616293355,-50.5085511514644,-44.400807790487,-37.8417316690959,-30.7969346211592,-22.4371833403829,-13.6063767839754,-4.66849646210127,4.83042790640283,15.0099561268584,25.4226838944323,35.7770707878643,45.6650004886982",
1495348464,113.1298065,26,3.933333333,60.40458125,60.40458125,100.27,138.09,,,"-0.618953151144615,-0.535036366573775,-0.466624111137037,-0.390256500844494,-0.274511712767119,-0.163666782980517,-0.0777644242454409,-0.00718915777875426,0.0702148081338865,0.134147912622383,0.187540545655763,0.217465572727352,0.243006246366155,0.2420642","10.0494710289146,16.5826881722982,24.5119618658768,33.5734984913356,43.2984610744785,52.5539145974749,60.3185112966713,66.2608915338088,70.4009755183847,72.8116030016836,73.7203067275109,73.4570954132868,72.5929801308853,71.7169447552237,71.0570670552337,70.5865060976913,70.4737163894998,70.8603271949041,71.7583130800723,73.0607389902083,74.544880599814,76.1937103884259,78.0851518506591,80.2244710956661,82.5636452223937,85.0259544690695,87.5760124650577,90.1982461757424,92.8747357907463,95.6105535075119,98.3329922044432,100.970863488297,103.485160020311,105.827710579177,108.032390800486,110.245506625245,112.513178251365,114.794418368303,117.06325376073,119.279394312114,121.482523831841,123.70973540964,125.916508101124,127.985175984708,129.767961758774,131.083987244811,132.413624444735,133.945036104282,135.159241659985,135.935299414581,136.386575482518,136.732079373822,137.260242470884,137.919611263654,138.061406611058,137.943779175766,137.769673696775,137.546248920734,136.932039944825,135.828645013679,134.158600987962,132.165520184926,129.935026614432,127.632611930875,125.404231553945,123.564872704639,121.911759687602,120.514586147647,119.262133209454,118.082442457861,116.784424116483,115.111294378167,112.9298166551,110.344061141595,107.371644173258,103.69860224028,99.1137889920144,93.5674746036975,87.0130728583053,79.6057015045063,71.2592962280786,62.2800696572289,53.7634951625906,46.0715025803037,38.8129140003056,31.8426474994157,25.0560126368777,18.5274340969764,13.5051368435097,10.4577731976073,5.73842645526555,0.512067879885827,-4.03277644043269,-8.90802004651517,-13.6167867850512,-17.8945327006236,-23.971567330715,-30.7736383087268,-35.1194114708175,-40.0068524745763,-44.5098429336285,-48.3241665626544,-51.9675145681848,-55.2070063994738,-57.9822942389369,-60.5945212043867,-63.2253218569734,-65.9056172459774,-68.2276215517287,-70.5468295016569,-73.1020797245378,-75.374718365983,-77.6581002010566,-79.7054002970043,-81.2689628215627,-82.6617431553848,-83.8522147442584,-84.7644208711249,-85.5450130550847,-86.1399375380278,-86.6316252503392,-87.1120793762344,-87.4878471247068,-87.8164288234816,-88.0811187663597,-88.2557810553708,-88.3785160432081,-88.4300661929645,-88.3984195528652,-88.2477865157549,-88.032966509882,-87.9296809022138,-87.7763873966396,-87.6106813722063,-87.618054423171,-87.7195985615029,-87.9199154391022,-88.2856302844341,-88.7336959936443,-89.2356917666909,-89.8782781036186,-90.5266901406088,-91.3664004809485,-92.361280390322,-93.3407488330682,-94.4225335463401,-95.6315099680623,-97.0023478629927,-98.5522913171068,-100.127639710217,-101.672689001634,-103.321425097187,-105.053609310452,-106.775543273959,-108.461417561861,-110.114529509189,-111.851520600588,-113.641094667925,-115.451352381638,-117.270257301683,-119.071671679141,-120.795773850241,-122.398054360164,-123.891325286191,-125.262585349129,-126.563452426721,-127.779578884969,-128.816781509282,-129.579585221422,-130.008360266473,-129.967015153473,-129.376620463327,-128.151198853537,-126.245925908357,-123.696820372497,-120.710879808325,-117.442404988834,-114.006454256375,-110.410086941492,-106.632936843192,-102.65390995321,-98.4649879724061,-94.170466557028,-89.7193230061307,-85.0984059864008,-80.232671460881,-75.1926759652175,-70.8289837040245,-66.4295297793689,-60.9630196433599,-54.3026370412665,-46.8791875849436,-38.6068190112067,-29.4754393186089,-19.2711307273463,-7.58610068460642,4.47616453472534,16.5246207978854,28.9469555978042,41.3915674765304",
1495348466,124.7575422,25,3.95,60.40464663,60.40464663,98.14,136.31,,,"-0.686896485593261,-0.648205559013063,-0.628409803506968,-0.537361667823436,-0.429740179018636,-0.316513123191146,-0.196385774377523,-0.0670231617128466,0.0634086600583557,0.185701003948351,0.287640737776824,0.33951314241981,0.369905228243949,0.3833367882","4.7912515348817,10.6063944819216,18.2624270367901,27.6573149211015,39.2289032081687,51.0137855412655,61.3385262514732,69.8629525061883,76.5971264502554,81.1636744070241,83.5358880653677,83.8784750594914,82.7445800372445,80.9468640863024,78.9864062494637,77.3194817288785,76.2263623648371,75.6913511138637,75.9473545753562,77.0290727481545,78.6750269451612,80.7925102134422,83.230929987863,85.7513195580326,88.3478879766314,90.9910170549791,93.4470887286162,95.7146253617208,97.9129156386801,100.113135746433,102.313911931786,104.481349650007,106.593795338267,108.706713590642,110.876800752375,113.117219945569,115.228202256407,117.071920461596,118.700745373395,120.179247465709,121.720065167811,123.317950224545,124.920805934116,126.524483975084,128.204383057705,129.898365656699,131.488949248675,132.915496641219,134.083684153428,135.036726958826,135.745917660408,136.193957618094,136.301830270862,136.176704372102,135.941373553715,135.635641448781,135.204231150327,134.651540647288,133.986095589909,133.261280300802,132.490163622036,131.438771320139,129.890685325884,127.905209816777,125.64362388327,123.226196547497,120.657956077871,117.838483763965,114.798182297448,111.792234554343,108.845360235454,105.785264326879,102.320954999417,98.1739364546474,93.3024242377989,87.7039981749343,81.4100119824346,74.3193087915852,66.1163138223873,56.9739836456281,48.6348818310873,40.7434525330621,32.9316485364032,25.440478010064,18.331521343514,11.5952684910782,5.71965546904694,0.302856005133203,-3.69285947454789,-7.20409511250501,-11.3781636351701,-14.8199695064894,-18.5895540222931,-22.2425041176356,-25.6222421183745,-29.4683812368041,-34.423420667004,-38.4649278795269,-42.3790505423094,-46.2497479655752,-49.4873404373454,-52.0959593802099,-54.6620626962703,-57.1808850377659,-59.2397351798339,-61.1367251138495,-62.9590972401375,-64.620191978082,-66.4109422554344,-68.1709850688026,-69.6339936421082,-71.1353799294537,-72.5877926827258,-73.7864547241948,-74.8287874320665,-75.7429479313359,-76.4628558610823,-77.0529022590731,-77.5626023189431,-77.935099645453,-78.2607336419541,-78.6193628038867,-78.9003011912523,-79.0392348071602,-79.1731819370035,-79.3491446738277,-79.4360158635382,-79.4823823545391,-79.5396606121287,-79.6087211321408,-79.6782833503709,-79.7320627362355,-79.7573208162216,-79.7920819588482,-79.8456700211825,-79.9239638395802,-80.0029727131802,-80.1054314962172,-80.3045511757483,-80.6677440465462,-81.1353738077578,-81.6802182575386,-82.3643494553788,-83.2166178758364,-84.2298568550572,-85.4283287116095,-86.7227009660288,-88.0701824459365,-89.6462363653221,-91.4202355928486,-93.2864197472442,-95.2706762734092,-97.3417485015901,-99.4526217541818,-101.667593106295,-103.960050715823,-106.18069751252,-108.343923870617,-110.412445367644,-112.318104863554,-114.131277572897,-115.961226799037,-117.719724613983,-119.33400635974,-120.792654269486,-122.056229800879,-123.134465480199,-123.9392627193,-124.318923864744,-124.19511531711,-123.600690078191,-122.511177265513,-120.889191871313,-118.749062093593,-116.149469673045,-113.225986274134,-110.076269245274,-106.648662864202,-103.144393380943,-99.6622613312261,-96.2403748298766,-92.8966471325089,-89.6344415934736,-85.6229978573592,-81.7784138224243,-79.1030596848491,-76.2629177016043,-72.3022205099145,-67.4857818714303,-61.8706604111506,-55.7775389245212,-49.5093118397736,-41.5190128760467,-32.2618566454982,-23.0162868449127,-13.3628153357731,-2.72320094104455,8.6710928333375,20.4117244561644,32.1309951630267",
1495348468,132.3987362,25,3.916666667,60.40474273,60.40474273,99.42,138.51,,,"-0.641711569057143,-0.59524618623117,-0.550750514879789,-0.517429545126869,-0.446929086229314,-0.341175356521155,-0.217660054412635,-0.110529150859861,-0.0136176905803245,0.078320483662636,0.161892227076315,0.226290121730557,0.274121511820634,0.2960227112","0.838085025788961,5.37259149747082,11.80843827632,19.9772052508419,30.7378742505887,42.3869395952498,53.0363798796762,62.2339849262203,69.7623256886969,75.1576729977985,78.2233021898017,79.2939123735784,79.0225132283529,78.2132212395966,77.4031052327011,76.6662073921918,76.0707019470913,76.1489328904913,77.008945850119,78.3761448596764,79.9959590939627,81.6521097583814,83.4117070137135,85.4271549767625,87.6753799855421,90.0663228586843,92.4135448758342,94.5992426034279,96.6515486439467,98.7036971515859,100.766478840074,102.834159628003,104.883506012334,106.962274691402,109.181716769659,111.537075677413,113.871136486075,116.103075595734,118.262473988093,120.437462942138,122.617839174437,124.732907929896,126.728647548737,128.580732761592,130.464200486003,132.472999753674,134.256260409464,135.532725673785,136.486468965622,137.330115817081,138.003571185389,138.413273235045,138.409407043495,138.057556491425,137.606809913599,136.93484851095,135.828033462962,134.390657883386,132.777273067942,130.996890705204,129.067324705519,127.14439874556,125.357556957716,123.704556373845,122.141091592874,120.633017218897,119.092166773275,117.481004152407,115.697175685798,113.607387206726,111.180001727445,108.231884101722,104.70823423808,100.623662495642,96.0051428472246,90.8183543551664,84.9380856011256,78.3971037746716,71.19902434876,63.2913578248332,55.5064991524756,48.0563261360479,40.3700007917921,33.1940441020493,26.6275255400344,20.3452954564116,14.3807724387604,8.45203523879364,2.21185941385596,-3.47237267206227,-8.43977776485457,-12.1109892670016,-16.364492049085,-20.8587884893498,-24.725937445966,-28.789886951459,-32.7616612332938,-35.8441368499332,-39.573376890878,-43.6974911368281,-46.7616696120834,-50.0946697030977,-53.2354965387847,-55.7706856807634,-58.7624162776127,-61.9159177117247,-65.0213168855176,-68.2625777867548,-71.1896338153632,-73.8336351151275,-76.2622451117418,-78.4621208569516,-80.440832902875,-82.197095223018,-83.7462192653664,-85.1575909715501,-86.4215427386777,-87.4820953310447,-88.3172526945695,-88.9194295689113,-89.3689910668441,-89.6717675508903,-89.7283882897821,-89.5187554894353,-89.2101116759725,-88.892454545567,-88.320544582745,-87.6686032429417,-87.0609557609285,-86.3566083161983,-85.9667174569446,-85.8412612645341,-85.7807169756312,-86.0210544476513,-86.5797954831477,-87.1105579487146,-87.7480427603267,-88.3327500648524,-88.8521237136995,-89.446160283125,-90.1393808544512,-90.802591632366,-91.5611118960307,-92.4111735302017,-93.5044715357123,-94.679133945183,-95.9111012557786,-97.0839058544092,-98.3005358542838,-99.6087773873643,-101.01351148742,-102.525618764844,-104.091667046381,-105.697140830975,-107.329242136523,-109.021988283824,-110.685872760492,-112.216407416946,-113.594278051987,-114.864925311813,-116.091502309003,-117.568243043945,-118.735603010476,-119.106584359908,-119.405438755282,-119.684013235012,-118.829927666964,-117.28375697373,-116.050570983557,-113.728419867382,-110.930708768102,-107.775033937943,-104.005949778086,-100.77450963982,-98.0590696734494,-94.9432490664729,-92.32991297611,-90.5877630276591,-89.1717972953156,-87.5468945439325,-85.3743704161962,-82.6047688261003,-79.5450140650819,-75.7986695932008,-71.1377634757404,-65.8441229202882,-60.0314122560257,-53.9076517065218,-47.4465761080855,-39.8791212778739,-31.4971464446606,-22.6529008975857,-13.2419865009797,-3.35192921518028,6.97810643941349,17.6984525963451,29.0046185229802,40.5087530764411,51.7164020949104,61.9105705457526",
1495348471,140.3799493,26,3.926666667,60.40480999,60.40480999,99.32,136.97,,,"-0.586451227320364,-0.523929413086217,-0.460438519938317,-0.36830937811222,-0.25916677658788,-0.133394444430332,-0.0271462169294358,0.0678997349523986,0.164222740830935,0.240572062520028,0.290103814085971,0.307755968386223,0.307718658737212,0.290110779996","19.1802172483066,27.7226101611718,37.7742255372884,48.8704161053317,59.2800977039531,68.0713016659382,75.3453878354752,80.7972756518887,84.3382764121583,85.9493237142518,86.1607141883037,85.4884036336229,84.3883052680451,83.3007426099592,82.6024491579554,82.3833949664079,82.6644017737452,83.2425463551035,83.8815772332906,84.8459814515281,86.3232550237715,88.202239614681,90.2419089667772,92.3938785808626,94.7014721046514,97.1930368207966,99.7567383462633,102.194715928889,104.435235116057,106.522364578612,108.54108293703,110.46971687155,112.261976053824,113.95852842993,115.611665338457,117.266181755689,118.931136013299,120.586106518813,122.269378175973,124.065573674323,125.961245309517,127.866106447618,129.657783170663,131.313383003331,132.838566794963,134.172855469088,135.277434278609,136.126206190757,136.689605209472,136.950659398341,136.885456094092,136.4199593048,135.676233443272,134.747349068649,133.661981391667,132.470544381059,131.312031644858,130.256366146204,129.274682107612,128.284480929224,127.282362033652,126.305713349214,125.363539265257,124.346858299386,123.101377561459,121.53410578461,119.639709900201,117.4270430822,114.768336737739,111.407419310874,107.24903722986,102.315199933443,96.5921451291864,90.0631825113154,82.6625392764565,74.3134539627301,65.0451599192219,55.9345529730922,47.2171933548398,38.6851041397151,30.6428409541548,23.5443254215529,16.8805189685778,11.1726658115087,8.40874590183605,6.29910080168239,2.85131527228112,-0.870069833716569,-4.56014472035353,-8.69600186016252,-12.3881711703203,-16.8232447319832,-23.2589256133226,-29.3169449511038,-34.3506964774917,-39.4826334263664,-43.9577705541316,-48.170132331564,-52.1795066529427,-55.799210930722,-59.233588401857,-62.4940692915081,-65.5646955641283,-68.4818317551882,-71.1148748916737,-73.5594504128985,-75.7901111220482,-77.7205646096312,-79.4463277944576,-81.0149190639181,-82.3368480149999,-83.4200925631771,-84.3633703800074,-85.0237753072209,-85.5162049037109,-85.8506259422344,-86.0058918777392,-86.0530241125129,-86.0770439710371,-86.1697296387048,-86.2327575348489,-86.2445153148753,-86.214647696152,-86.1617475421939,-86.0464626817529,-85.8386005389595,-85.5066974690883,-85.1339539827552,-84.7522422536761,-84.311749659222,-84.0205465019312,-83.831899795123,-83.6613940578932,-83.7661174630179,-84.0643365961416,-84.4632789868776,-84.9643789143641,-85.6185471475516,-86.2940923386834,-87.0613857100102,-87.9088370091717,-88.6674366998197,-89.4060798089055,-90.1719770652627,-91.0499573838018,-91.9350079857958,-92.8261434500203,-93.812590674951,-94.8484308123934,-95.9554295714606,-97.1284176933552,-98.4448011378828,-99.8302622642794,-101.13279646983,-102.409151443561,-103.78453213415,-105.318250744611,-107.037343964822,-108.725715447766,-110.257442484359,-111.783789770114,-113.249922592246,-114.841813143874,-116.482572432887,-117.548764074398,-118.005438769593,-118.639894796434,-119.101380429497,-118.61077222864,-117.59751494602,-116.601572389705,-115.274188291154,-113.477599076435,-111.026085629621,-108.061186351919,-105.895860614113,-103.983843054791,-101.29992383843,-97.9445586588588,-94.9557160366404,-92.3539068641958,-89.4704916174884,-86.3095658783094,-83.0688497204755,-80.0744082017573,-77.4182642274261,-74.9622776802911,-72.0025371409998,-67.8692169052862,-62.6593103908396,-56.7130639870022,-50.1392165830785,-42.6775193772635,-34.171691408721,-24.7260941920379,-15.2624646726067,-5.69923276778326,4.28352271584448,14.8082977706542,25.7427057709442",
1495348473,152.2497314,26,3.933333333,60.40487483,60.40487483,100.06,135.65,,,"-0.621404912629168,-0.532178152267829,-0.43620702213561,-0.345096451885271,-0.245669753706494,-0.128434305325869,-0.0222544755531816,0.0718233166288575,0.159180294683442,0.233675246756612,0.278555936884613,0.3140456742394,0.310437150189479,0.2921579221813","24.7761727812277,34.7806250257683,45.8233804786012,57.1559228310309,66.6516845599565,73.6155010111229,78.6514273562562,81.6116401095336,82.3754850851204,81.6108292611084,80.0627638429132,78.2731685670848,76.5919618604702,75.5587290515826,75.3247945245967,75.9799140504781,77.4456011487835,79.2580381880594,81.1290447535208,83.0643110637086,85.1901063298752,87.5296714835506,89.8958149263829,92.1526117376675,94.2723073464612,96.3637669889091,98.5086274754663,100.702176542798,102.832516966545,104.852137042401,106.792496063989,108.705236696902,110.649384737399,112.651518028624,114.728257646304,116.80517447934,118.804725064903,120.694072676263,122.552715348624,124.459181041528,126.425221125202,128.322324733088,130.019292885512,131.4719350307,132.714717027815,133.774514209872,134.631172046996,135.229371100986,135.544570761927,135.61614287011,135.451831082401,135.108718813669,134.595822935798,133.925767218097,133.133429485963,132.251255165107,131.355069532233,130.512844042265,129.664149597154,128.791613293948,127.933641654732,127.093224296601,126.280312783498,125.500422646012,124.673499820892,123.715036965741,122.574645154134,121.032353447839,118.969257925794,116.300416681437,112.927810890911,108.801091421488,103.889932907641,98.0410120164075,91.1303995636938,83.4566285911974,74.8876568790566,65.5924722404985,56.6014669501418,47.3822932967294,38.6817190743123,30.5241514977659,22.969050987237,15.993645235075,11.5666322184492,8.88828181536155,5.10887564090097,0.662634733458686,-3.21684457403163,-7.13571619691342,-10.7480080552607,-14.9732092637403,-21.3850728066611,-28.03207237066,-32.8317333051294,-37.3880574839074,-41.9197799659202,-45.7784339055457,-49.2324218352003,-52.3476586004915,-55.4949568915876,-58.3404849981686,-61.0798291404308,-63.7713221959158,-66.2598544181413,-68.7195634668922,-71.109389564973,-73.5269474281039,-75.8455498308021,-78.0143919948805,-80.0626093087466,-81.9750946363913,-83.7110368756474,-85.2423225535573,-86.6035533434546,-87.6876315431181,-88.5655527172342,-89.3411098789498,-90.0191319839157,-90.5695532543775,-91.1236604280545,-91.5847913337327,-91.9563662101358,-92.2967540632244,-92.5269569552493,-92.7273910711529,-92.8908896575328,-93.0215966507804,-93.2518465491472,-93.4938896609424,-93.755821524834,-94.1546186724874,-94.587962897588,-95.12313015657,-95.7263585042557,-96.3199923910935,-97.0177460441578,-97.8247936951382,-98.6020509080432,-99.414311820754,-100.31113257753,-101.1857042165,-102.095941878219,-103.042735814446,-103.959242243183,-104.920825465894,-105.969994174131,-107.034394663075,-108.097807097497,-109.247454521033,-110.437364333882,-111.56164148917,-112.686951194174,-113.706929419971,-114.613355711997,-115.512921746431,-116.481532536526,-117.504505009426,-118.158233251487,-118.347877091907,-118.408170102644,-118.635482405499,-118.686585945881,-118.250493992457,-117.398078500006,-116.602125314448,-115.802386318075,-114.941141825298,-114.057939024507,-112.768501452551,-110.928984711659,-108.784790641593,-106.476140445017,-104.376238157658,-102.078258614929,-99.1984966978025,-95.7312138663856,-92.3594704945426,-89.0841745677586,-85.3144029543639,-80.9524103508636,-76.4780063969396,-71.9513131980806,-67.2327062962698,-62.6339239225481,-57.8491221186781,-52.1978542442078,-45.5185786688928,-37.9533894097926,-29.6108109500374,-20.5729779979212,-10.7988101700909,-0.116697940242753,11.009456051751,21.7559488428957,31.9354493781543,41.6340188287708,50.7996679097297,58.9182706913015,65.5758822841255",
1495348475,159.7434545,26,3.92,60.40497331,60.40497331,100.86,135.96,,,"-0.566334375103804,-0.540229175273299,-0.536033943926806,-0.514130104134971,-0.388438826898987,-0.295049565293219,-0.169280107442588,-0.0749874848363339,0.0188943787742469,0.105420273187467,0.197592248583569,0.247635811835994,0.284110815571536,0.299653287","27.0054206823561,35.9675204779485,45.6644944374969,55.7724984596638,63.814441600563,69.0721711026441,72.6900043729934,74.7949084617674,75.926099576389,76.1876915725775,75.746912636013,74.859857350981,73.9995638656646,73.4481381725338,73.4878353040968,74.1124435725734,75.2542460483998,76.8261364073177,78.6894769542854,80.8351390365192,83.1665256097694,85.5712791965261,87.9827889040928,90.294664998848,92.4482318697302,94.4835768401093,96.4806172906554,98.5002989316532,100.543710037065,102.59032527444,104.647354014707,106.743301279213,108.879841517777,111.0395342224,113.183092880666,115.315588801874,117.472931770251,119.659402645835,121.858923927516,124.058540832834,126.201845481563,128.192204415499,129.972024968671,131.489693468837,132.687370641699,133.596574689343,134.351609750155,134.964253814158,135.437277006343,135.7324171418,135.876522851011,135.938262563137,135.949693880469,135.701250349179,135.062914019791,134.075896607541,132.838811246366,131.439753062219,129.855928991814,128.049729933037,126.078294117547,124.044779022402,121.986184482085,119.895278329938,117.831494949104,115.949366281767,114.222910823242,112.554690159693,110.809466712091,108.944764638476,107.008405230935,104.958313662631,102.353031214269,99.0700167615587,94.9412835318606,90.0092634163772,84.2942022343818,77.5675486935788,69.7230786641652,61.9693613333429,54.5108963344684,46.8184775334858,39.0704677617091,31.6945445962406,24.1617065392243,17.0709037876786,12.0750914996868,8.86888497878677,4.81059200265885,0.584725883449269,-3.39797348345568,-7.88156785850536,-12.0893705778383,-16.5435394272658,-22.7699174789638,-29.2517412801424,-34.1980056499416,-39.0745222747444,-43.6036192785314,-47.5187913915243,-51.1538119151715,-54.4908194952386,-57.4919850461291,-60.4907483038169,-63.3548737409762,-65.9587978974433,-68.5028920652421,-71.0771850200504,-73.5335326802198,-75.9335007814317,-78.0697807192414,-79.849214541798,-81.4375670733414,-82.9366328717871,-84.4395252084945,-85.6646203777654,-86.5838357495205,-87.4899458237683,-88.4101553710797,-89.1424915046534,-89.8463844212614,-90.3981823597598,-90.6351543359821,-91.0456121313104,-91.3318814549374,-91.4656513297987,-91.6818420788719,-91.8886298496008,-92.0227779244309,-92.1093203718661,-92.2100958180642,-92.2913319272268,-92.3648689280061,-92.4536641523867,-92.6282278124681,-92.942892943156,-93.2599718496305,-93.6643512539523,-94.2372739178744,-94.9414219943243,-95.6845881948535,-96.4628577798833,-97.340602017488,-98.2308664699759,-99.1973243007443,-100.189911664251,-101.186227416308,-102.243192582431,-103.459080727633,-104.826150601727,-106.219633111039,-107.73340141739,-109.377187435518,-111.072524960486,-112.747952914033,-114.350396733607,-115.859668652062,-117.271094763783,-118.608053777732,-119.858465847325,-121.078839059047,-122.446061071748,-123.708140710224,-124.479796523309,-124.877815981712,-125.173698112038,-125.180773153951,-124.641399670656,-123.757454678283,-122.502408660063,-120.954474056466,-119.273171598047,-117.245277226574,-114.676566629921,-111.897350914176,-109.016229632099,-105.69619476621,-102.358846286732,-99.3467409244474,-96.3856639421698,-93.324843287528,-90.2484785964792,-87.0185787811304,-83.9481707897586,-80.8126090113938,-77.0732257421445,-72.2903313195602,-66.6492697482386,-60.1762185879418,-52.7171474697842,-44.3409409135486,-34.8724355309474,-24.8457413981097,-14.724073652701,-4.32661655714875,6.67935262308417,18.0993610802918,29.6898060228236,40.9859844596615,51.6279554377075",
1495348478,167.3081206,26,3.926666667,60.40503584,60.40503584,100.53,135.87,,,"-0.63241189400373,-0.619585402383744,-0.591548769488831,-0.539426626579375,-0.444657824674439,-0.328967744872733,-0.208413467417198,-0.0918882639210035,0.0132222606871671,0.103191057974712,0.190933685132396,0.253918649660047,0.277390108110141,0.2762651276","12.3070870108651,19.2327972759847,27.6493855027508,37.2466412199783,47.4200309296196,56.9386648316513,64.9399088157956,71.4864905662157,76.3468648173495,79.0235439691256,79.7657052594809,79.0886297125075,77.7101160644859,76.2446078208767,74.9206188299227,73.8894790662882,73.4132181965659,73.6915375322966,74.6290480514865,76.0463586662697,77.7446538551116,79.6039897223161,81.5848457193296,83.6000033063879,85.6590179394021,87.7693015653606,89.9264545890766,92.1635661244552,94.5158808994147,96.9916842432321,99.5386744474193,102.066806584865,104.530320689368,106.960289923304,109.352130845421,111.688980459228,113.965178575661,116.154462897987,118.261680153177,120.287538035092,122.228142184764,124.11622643169,125.947558230933,127.664864767226,129.231571871074,130.676374962426,131.956807416299,133.021839920543,133.965651139402,134.792846454605,135.457220129987,135.809777414179,135.74658112413,135.442663607199,135.25201463374,135.262340578669,135.229959158624,135.001051743622,134.521755976367,133.908564893845,133.238142455992,132.317555610062,130.973065437628,129.147518358567,127.004945008625,124.751530337195,122.507595010918,120.365879155333,118.391570347897,116.570335404743,114.659257235551,112.712188210917,110.687958615005,108.52314579257,106.271434610017,103.804719314299,101.015370447275,97.5635160566529,93.0686134404362,87.4145717805349,80.2788652320885,71.864692982988,63.3450581800455,54.4935119998517,45.6128250197605,36.4381698918587,28.1253926933033,20.5579568194114,14.6181259783434,12.049183627748,9.15048062265951,5.64548679484965,1.79782319440437,-1.73443715166603,-5.13822555908843,-8.14137048200464,-12.3665727549821,-19.4962337166656,-25.5247397634617,-30.0514797403375,-34.4599556963208,-38.1188286128809,-41.7645593978548,-45.1253269993752,-47.9119642618347,-50.6139112702761,-53.358271841304,-55.9070217988256,-58.3416066869597,-60.8049962061728,-63.2089405809039,-65.6520270623894,-67.9935864401579,-70.2541375729004,-72.4690217011523,-74.5200180773514,-76.5695909276246,-78.4925201356405,-80.2044200407478,-81.7625391841737,-83.2957153560803,-84.6559865855357,-85.8759372473102,-87.1442116252674,-88.2874148709038,-89.3615965946586,-90.5000695131401,-91.662038038817,-92.8210777031759,-94.0064391502591,-95.1670485650965,-96.2711336394272,-97.3851926616326,-98.4961947189481,-99.5534653262536,-100.594840648004,-101.648828776744,-102.748355083325,-103.927381504723,-105.155947851375,-106.417305404362,-107.723335206709,-109.066804420058,-110.411282285575,-111.691651268409,-112.863716782881,-113.956061752325,-115.000454192763,-116.019932383516,-117.010070747,-117.94783445018,-118.849895764168,-119.760120444432,-120.688422740849,-121.712370996243,-122.914824891817,-124.043447808155,-124.916964378461,-125.808352808101,-126.722766305056,-127.474987920286,-128.305764176497,-128.833209274083,-128.758329484715,-128.719176945449,-129.059842270836,-129.124294931188,-128.796180190721,-128.178260264286,-127.027837696823,-125.741009393025,-124.478248787177,-122.867991940109,-121.045957062318,-119.374399683751,-117.594047629957,-115.575875761346,-113.229764733034,-110.656356887391,-107.656442427412,-104.415827156192,-101.095222561892,-98.2285831121735,-95.8553091447001,-93.3914152751701,-89.6922074672883,-85.1204574642194,-79.8611542016746,-73.8386566960694,-67.1395159532113,-59.2449517969739,-50.0892632576993,-40.6032279471241,-30.7820086484287,-20.4181986891457,-9.37080587472638,2.13930276600806,13.9182699091668,25.9431054595761,37.8358461212732",
1495348480,179.1205374,29,3.986666667,60.40510235,60.40510235,99.25,135.86,,,"-0.625217613006792,-0.565624883227886,-0.484393139064317,-0.382303134876232,-0.276338023396328,-0.173438919176417,-0.071234520925523,0.0209009371197362,0.103741847429828,0.164257966686348,0.206337212253815,0.229198224598122,0.222061109218944,0.20819361459","32.9329197930196,42.5559356188343,52.5202171562599,62.609472541559,72.4862573638436,78.4808249290184,82.6911616016123,85.2146574944016,86.2036466256721,86.0710049539988,85.2585472357158,84.0872440464148,82.6764739139535,81.1591049533579,79.8802710960969,79.1247679291943,78.9457896582246,79.2972755201361,80.0531419848043,80.9919915628883,82.1008536897169,83.458758140577,85.0520035772793,86.8419032205398,88.7651253056535,90.7775848282263,92.8933185754204,95.1154347072693,97.3887994314246,99.6546050382817,101.875294260321,103.972172771229,105.898450946685,107.712191499172,109.499736991583,111.308728187421,113.131375661138,114.951998424937,116.755726576594,118.525040667674,120.301701591925,122.111609014062,123.887447837995,125.558023775636,127.048916220717,128.357353463517,129.543834477266,130.610442049618,131.570872512059,132.42535817552,133.188370408817,133.874993400979,134.483375673946,135.011812946667,135.444806475263,135.739713185255,135.820079749731,135.614307339157,135.189334545698,134.585856837115,133.836993541084,133.020690982778,132.146439864773,131.178922917617,130.122417866715,129.11753390668,128.256972110782,127.417544601505,126.580786665246,125.652869719651,124.546778301203,123.282127663412,121.876938926165,120.318329847569,118.534383171898,116.383524412572,113.790662065376,110.774481138761,107.525514646537,103.764708548234,99.6332203515597,95.1208831874764,90.1622093474661,84.7192161545605,78.8315863240225,72.4479145185754,65.4932388301772,57.9949943518588,50.7015551635887,44.0908403274952,37.9503699638235,31.9627310930393,26.202534886458,20.8651684973274,16.0914505896407,12.3002547783654,10.1291055166085,8.68580937654308,6.13944671067071,2.58792494551539,-0.798419223713692,-3.96685875413011,-7.33936138449775,-11.0298676256274,-15.2357753277834,-20.4882869543569,-26.2463595797045,-31.4835286055318,-36.3775380399685,-41.1154847878353,-45.6464730957579,-50.0143488895104,-54.2913593509864,-58.3709176189705,-62.2085018765127,-65.9946467448235,-69.6096449463883,-72.7751095439459,-75.7173020144602,-78.5601793416665,-81.1486023053884,-83.5065058071104,-85.794613734206,-88.3871788102374,-90.7778617498829,-92.7455234744983,-95.1436127900556,-97.7681676941265,-100.181643382131,-102.585056747059,-105.128382365903,-107.56335231759,-109.454630789339,-111.226423842213,-113.229676420645,-114.931491423416,-116.397422375068,-117.871623153489,-119.290987929103,-120.616177394976,-121.836211378824,-123.004701856909,-124.12220250933,-125.170296433848,-126.183939433869,-127.179368793623,-128.173048027937,-129.134811890138,-130.054110619516,-130.966600921073,-131.860664255228,-132.709591028549,-133.454745932908,-134.085350944424,-134.650260481191,-135.176027326567,-135.671808210709,-136.158581372392,-136.6625509773,-137.232454353834,-138.102100796231,-139.01807276563,-139.667339179888,-140.208490954404,-140.716016701922,-140.901919172876,-140.761573152595,-140.634498962696,-140.225849512944,-138.943555727766,-137.102192253328,-135.383809410442,-133.937739342411,-132.584133506661,-131.141318135435,-129.232018944532,-126.652800879311,-124.103560184207,-121.828716626589,-119.368406791546,-116.610111133726,-113.454552324044,-110.165763758934,-107.190519974143,-104.530848971923,-101.862381801002,-99.2647005601681,-97.4724994738971,-96.3780446155053,-94.2766230222238,-91.0429600125358,-87.0055742816881,-82.3305230845679,-77.148766930041,-71.3123804016366,-64.7127411693571,-56.4272136154556,-47.4589112147939,-38.7749147556997,-29.7776538343321",
1495348482,186.9242732,30,4.043333333,60.40520105,60.40520105,94.95,138.51,,,"-0.741701127618682,-0.70240346600625,-0.694447999422938,-0.649685307553057,-0.589446539150151,-0.491151915958359,-0.415809462391673,-0.338569759645566,-0.222204297067167,-0.100616120295047,-0.00438873109482394,0.0935718325165543,0.173247577674833,0.222681","-0.484466552808619,3.15247548001041,8.1860956322974,14.7116691193335,22.9258684045718,34.3090406351114,45.2142350994121,55.4353897057327,64.5002868933695,72.2037421254793,78.4742181032768,83.0208607344638,85.6324152762627,86.4860545103674,86.1251525868998",
1495348484,195.0113932,30,4.096666667,60.40526995,60.40526995,96.54,137.49,,,"-0.728942752380844,-0.705199353249355,-0.651153423153353,-0.59620551379858,-0.54550807241137,-0.46386996511654,-0.3301435472699,-0.192533776088705,-0.0672622503142653,0.0488029884415458,0.159679780440368,0.263527582912652,0.334005767963378,0.3754316209515","12.4488146027503,18.8843823296254,26.7478734955369,36.0580634524211,46.5921610918586,57.621145139571,67.6227167358052,76.2643924430607,83.5955537881118,89.2986764081998,93.0482932872754,94.9855067115546,95.2420612430677,94.1277829314047,92.2883257257063,90.1414213111076,88.1045038584151,86.2783820973774,84.8954459658695,84.1331890429897,84.0631177350809,84.6610793908003,85.6419266567227,86.9311541786335,88.6799094131601,90.8750298600577,93.3443199523327,95.9310188624237,98.5416716806975,101.035933246134,103.397750641663,105.744579000899,108.006462805425,110.031449083947,111.827912700399,113.52389816959,115.228073757987,116.969242361232,118.695462195277,120.352595969025,121.94589637778,123.52314888125,125.126050485647,126.75883061823,128.391864796418,129.972649743529,131.438193210187,132.735856601541,133.886196181843,134.933768093683,135.843944365815,136.554658027885,137.047330569315,137.33649443559,137.460715132004,137.470263790323,137.398515781426,137.221859035365,136.882200062423,136.409100265833,135.862943347793,135.21362006523,134.447254343546,133.589445511467,132.640346687636,131.616639854427,130.540993829471,129.39230882918,128.167558427279,126.824312860169,125.360365214675,123.781798414047,122.084146440256,120.243409414961,118.233695252121,116.012325327135,113.519661656703,110.686529802239,107.618507605533,104.056223243335,99.8202639120223,94.7905193522106,89.0496815960322,82.4562555991468,75.0685269225698,68.0855791763397,61.4276451678389,54.4406015500403,47.5916912115112,40.7237158719076,34.5164652022749,28.8053717129683,23.2524166768718,17.6468115867333,10.9676848197124,4.59676258245324,-0.158228498433659,-4.22584114169513,-9.02412986352228,-14.190459914589,-19.114606936507,-24.3197867359885,-29.3288021191144,-33.6389141525124,-38.3312897468971,-44.2732172850207,-49.9740931457203,-54.4993417655459,-59.0324512675686,-63.559707269964,-67.6036352454009,-71.6279322275528,-75.5327451099034,-78.8792010490424,-82.0260066653513,-85.0397551600294,-87.7012953225412,-90.1790080225658,-92.7976077940403,-95.2052541414423,-97.1486138097378,-99.1753928877112,-101.433714184071,-103.516436266143,-105.501876929458,-107.516005877951,-109.511504149311,-111.070839950213,-112.481322903841,-114.124525259783,-115.747497985762,-117.000162694705,-118.166366293979,-119.422966163189,-120.701816823203,-121.908795521573,-123.185884147119,-124.482839379389,-125.607498717857,-126.670442403889,-127.941812018312,-129.339130881685,-130.746241146512,-132.164930958832,-133.539273768331,-134.872126624785,-136.250588462438,-137.676656570775,-139.055614370093,-140.350897807337,-141.566124740494,-142.671473080029,-143.667722028572,-144.622595656476,-145.559485198623,-146.337868708373,-146.859640754555,-147.20321692277,-147.4363819706,-147.598413541955,-147.666775841108,-147.500172336085,-146.881521604582,-145.83215068754,-144.840726629487,-143.993830581785,-142.766912066461,-141.008228691407,-138.827189240896,-136.395659705079,-133.914381834315,-131.259688009093,-128.290195796297,-124.953792175421,-121.444858030759,-118.060638854613,-114.771724917528,-111.279664028659,-107.422411608783,-104.821628940449,-102.924750250608,-100.401450952512,-97.5231122953299,-93.7169872261803,-89.258638952536,-84.1283392542849,-78.4136213742051,-72.7411102379265,-64.938213220027,-56.0153291575968,-47.2803855575786,-38.4862963070854,-29.3501197909462,-19.6097503377155,-9.43094368500561,1.00368125772648,11.578778283424,22.4949128930119,33.6693082009882,44.6341834548384",
1495348486,202.6875937,31,4.126666667,60.40533629,60.40533629,97.53,139.23,,,"-0.765136336793878,-0.710834749568591,-0.646373237099624,-0.594407585926034,-0.521108118915452,-0.418990574747784,-0.30260071383624,-0.165765512045394,-0.0137834999508035,0.0994106172328127,0.182074018683863,0.261281099173208,0.315923949755727,0.333863466","6.21135159821275,11.0162085232903,16.9376985784324,24.1368416799387,32.5593819987405,42.9380210832137,53.0209465838522,62.1544258896679,70.0732990530641,76.7295539867406,82.0899164800579,86.0985133257642,88.5600537955054,89.4480950252208,89.0397468655285,87.8009648509042,86.1715780417494,84.5253386767424,83.1859179649481,82.2805101460914,81.7556636793886,81.6678261155527,82.1477664788837,83.1832283651252,84.6694876090219,86.4975983949634,88.5688966686876,90.7267728202546,92.7889468819214,94.80240173667,96.9259599563198,99.0956158741997,101.324102532509,103.558513119543,105.770147222,107.971261244137,110.133767592868,112.263385923511,114.429160646709,116.581521416361,118.695070239202,120.696915555474,122.506165097088,124.20337067646,125.803308069833,127.35384534494,128.92797619824,130.46768698292,131.919321884793,133.196303026016,134.239935848428,135.394455083791,136.722504576081,137.919716952937,138.730886641291,139.129321916318,139.231662891857,139.153630451426,139.066405707803,139.020171827303,138.830469925872,138.341916033994,137.66645197721,137.020982065286,136.41320059645,135.713734414664,134.858305488719,133.775520263822,132.438210377205,130.921991034015,129.208341445599,127.424251578278,125.713461817522,124.040462636556,122.424183370842,120.819207233497,119.214231096152,117.608812366432,115.991784098235,114.244735808222,112.283098307023,110.046917350486,107.343120526009,104.118219561792,100.300947273218,95.8712306809158,90.6774168709038,84.7195638142577,77.4739953627264,69.7624108859013,62.2958589774397,54.7568231913635,47.3316753365783,39.990784290084,32.6424152753198,25.7518988978083,19.0752732931288,12.6657818023712,6.37736138457361,1.46403585001585,-1.37369853293569,-4.79366787253363,-9.62531209382906,-14.3885902305742,-19.2246475552604,-23.7198800327688,-27.5498478124308,-31.4866937114664,-36.437807536634,-43.459937775439,-50.0726396456159,-54.8360234558545,-59.2606755595915,-63.1348157512921,-66.7713997718713,-70.6159001951745,-74.6030410246909,-78.3603053079665,-81.4302938585172,-84.5789298944813,-88.0017613774,-91.4773468797416,-94.7431002636579,-98.0599088412839,-101.521313502811,-104.459940344988,-106.760201950925,-109.574636004357,-112.327128469327,-114.576503622224,-116.869008352892,-119.171130118571,-121.4117291731,-123.521670013227,-125.432229570816,-127.318791489105,-129.194090969794,-130.935931566932,-132.564546319614,-134.106669963966,-135.581092279177,-137.008219543616,-138.364750287296,-139.676581585121,-140.93975685572,-142.083428867298,-143.152800040417,-144.22128012627,-145.249224840994,-146.213466794986,-147.076327910406,-147.875960735417,-148.641813164209,-149.297904470256,-149.839815575369,-150.258421820105,-150.492495601043,-150.676106196325,-150.901694657995,-151.161816726638,-151.430846288669,-151.796049146009,-152.243016656141,-152.700559525123,-153.348341499033,-154.250108694324,-154.414763867794,-153.874899981316,-153.262162919918,-152.298171748396,-150.5405995662,-147.761056811344,-144.96575603516,-141.879829960719,-138.043806174858,-134.151895570078,-130.278604293836,-125.883183293073,-121.287108326693,-117.02965999385,-113.144511091863,-109.003923682173,-104.608528576904,-100.463377228751,-96.8276489440611,-94.1709873677598,-91.3161000954332,-87.8428855756354,-84.0845166703273,-79.2819127536843,-73.9777154928578,-68.2007955289845,-61.8649818597677,-55.2578925212912,-47.2708866239001,-38.6093970397702,-30.2328108008927,-21.5939373933164,-12.7173782766827,-3.13980653144775",
1495348488,210.8791648,30,4.16,60.4054041,60.4054041,93.33,139.92,,,"-0.670792491393584,-0.632727752755822,-0.613726071176807,-0.555993603258621,-0.4255852240808,-0.278932846148493,-0.155904828006712,-0.0312884516647026,0.103540907409168,0.226616130081187,0.307690358638056,0.351650203115313,0.380063433707723,0.387842034345","-17.9251398827432,-18.5268313424776,-17.8185812204147,-15.6327228892425,-10.8244186698853,-0.999779428876518,9.8290000884281,20.9537912098732,32.1230974704998,43.0447788439016,53.2951140082101,62.4785529746864,70.346608812091,76.8695474529821,81.896656236",
1495348490,219.0273529,30,4.166666667,60.40547476,60.40547476,95.94,137.78,,,"-0.688640949187941,-0.671638279908328,-0.677435746021357,-0.660874014478277,-0.609949036402188,-0.552352205758623,-0.437883819308842,-0.309193074290325,-0.138110694804248,0.000463021799846731,0.101393224397548,0.203106341002986,0.282632842664313,0.3145655","5.49458007360532,10.2732159108138,16.3418730363584,23.4626632592398,31.5398407166855,41.3403339244526,50.571212828837,59.0168675464398,66.2242071600567,71.9344353314732,76.0203619898093,78.560806097583,79.9256359195614,80.3827142493623,80.0579670781905,79.2083763399435,78.2000849735206,77.3756680854193,77.0271978071531,77.2672774209995,78.0390772321215,79.1654769132528,80.5187006707928,82.0475481402496,83.6966438588789,85.4567357700436,87.34219596683,89.3297886969061,91.3920377977826,93.5048862546656,95.6618598512934,97.8851868691263,100.186798542512,102.544433239229,104.901200121383,107.193349211459,109.365821184127,111.398622258836,113.330498375686,115.219639662595,117.102674286407,118.969833253709,120.804387684383,122.612139221032,124.396625128627,126.150380395414,127.858353406575,129.504288445898,131.060205615458,132.456799256993,133.664974306545,134.745961369638,135.780299057349,136.605791507456,137.136042881682,137.41190508165,137.553440148124,137.661529960898,137.727176762878,137.777380773418,137.763019797252,137.590949330878,137.285302123106,136.872300208893,136.321384564884,135.509004521869,134.398825816575,133.07213814698,131.552157810807,129.798476193614,127.869179202194,125.985111399633,124.254137481074,122.613924181493,120.986737827683,119.380490887425,117.855256416956,116.39386572301,114.913108659686,113.333185196279,111.527729303602,109.393917955612,106.763490945451,103.588682711963,99.6975500486111,94.931900386806,89.3170610850441,82.6799962871843,75.1518969784805,67.5169373400569,60.0236236944429,52.5831549394803,45.1498907539722,38.0005771456422,31.4599595966256,25.1845716542726,19.5159241742639,15.7368402125287,13.0918300697506,8.98351278227376,3.92147672307894,-0.400002431408348,-4.77976992744103,-9.77466749208166,-14.5515333488659,-19.2564739196402,-25.3376672352582,-32.3485987585868,-38.1942201199382,-43.0850653798473,-48.5509060556541,-53.5789135935119,-57.9023944783763,-62.2812667234411,-66.5771613568583,-70.4089726765939,-74.2081072035769,-77.9987876040836,-81.4497951757297,-84.6879433873845,-87.8546526306162,-90.9473650899871,-93.8776769469928,-96.6650662852392,-99.3367218109672,-101.852743341041,-104.292433621548,-106.536473700193,-108.502301018031,-110.46242384972,-112.347683935417,-114.080710216068,-115.785892413104,-117.417525232423,-118.932536830378,-120.320929083591,-121.871510106503,-123.524990749322,-125.003764695034,-126.493352940815,-128.058365559739,-129.610691552281,-131.141860275933,-132.691864709651,-134.252074945286,-135.78079252804,-137.265615237983,-138.723173841965,-140.278023226449,-141.738464681202,-142.782528898628,-143.551411868469,-144.277891649363,-144.947027632298,-145.605619526359,-146.249208474652,-146.745659273254,-146.917478144733,-147.078431406385,-147.551721590057,-148.161846669927,-148.724345600995,-149.372172719418,-149.974095468542,-150.292583260465,-150.433783271103,-150.42128156628,-149.938940447148,-148.959006229144,-147.841323063181,-146.551178097395,-144.799355759472,-142.649480790446,-140.17693496322,-137.294419302682,-134.142053533928,-130.877293582804,-127.351863701443,-123.468281536047,-119.269621138217,-114.753025317118,-110.612927797003,-107.858971570916,-105.210858958326,-101.493083335495,-97.0250082391327,-91.7739658362897,-85.8325446389208,-79.09139236903,-71.5773703271291,-63.3030057526729,-52.8540364492456,-41.9507811919582,-31.541724927311,-20.9878289769441,-10.2242353983826,1.33282661520666,13.2071014931667,24.5199320314368,35.4989817897725",
