Stroke (#),Second (#),Distance (m),Work (J),Actual power (W),Average power (W),Actual split (s),Average split (s),Stroke rate (SPM),Heart rate (bpm)
1, , , , , , , , ,84
2,4,9,190.9, , , , , ,84
3,7,17,197.0, , , , , ,85
4,10,26,214.6, , , , , ,86
5,13,36,244.9,72,64.2, ,181,20.0,88
6,16,45,234.9,83,64.2,161,176,20.2,88
7,19,54,220.3,76,66.4,166,174,19.4,88
8,22,63,229.5,71,67.1,170,173,19.3,89
9,25,72,235.6,76,68.4,166,172,19.9,90
10,28,82,253.1,80,72.4,163,171,20.4,90
11,30,88,246.5,100,73.8,151,169,23.6,91
12,33,98,274.8,90,75.6,157,168,21.8,91
13,36,107,256.5,94,76.6,154,167,20.6,92
14,39,117,243.8,87,77.2,159,166,20.4,94
15,42,126,252.8,82,77.5,162,165,20.2,95
16,45,135,246.4,82,77.8,162,165,19.3,96
17,48,145,246.3,83,77.8,161,165,20.2,96
18,51,154,272.2,86,78.2,159,164,20.9,96
19,54,164,261.8,93,78.9,155,164,20.4,97
20,57,173,272.1,86,79.6,159,164,19.7,98
21,60,183,290.8,92,80.1,156,163,20.2,99
22,63,193,282.5,96,81.3,153,163,19.7,100
23,66,202,280.8,92,81.3,156,162,19.4,101
24,69,212,287.8,96,82.0,153,162,20.5,102
25,72,222,278.8,96,82.7,153,162,20.0,103
26,75,232,286.8,96,83.1,153,161,20.6,104
27,78,241,277.6,96,83.8,153,161,20.0,104
28,81,251,268.5,89,84.0,157,160,19.2,104
29,84,261,294.3,91,84.2,156,160,20.3,105
30,87,270,289.0,95,84.9,154,160,19.4,107
31,90,280,280.8,92,85.1,156,160,19.1,107
32,93,290,299.3,92,85.5,156,160,19.6,107
33,95,300,309.2,99,86.0,152,160,19.8,106
34,99,310,301.6,103,86.5,150,159,19.9,106
35,102,320,321.2,101,87.1,151,159,20.0,108
36,105,330,320.4,111,87.7,146,159,20.6,109
37,108,340,278.0,105,87.8,149,159,19.6,110
38,111,349,273.3,92,87.9,156,159,19.9,110
39,114,359,286.3,89,88.0,157,159,19.5,110
40,117,369,287.3,94,88.2,154,158,19.8,110
41,120,378,280.9,96,88.4,153,158,20.0,110
42,123,388,295.1,92,88.4,156,158,19.6,110
43,126,398,280.0,93,88.5,155,158,18.8,110
44,129,408,298.7,95,89.0,154,158,20.3,111
45,132,418,284.1,108,89.2,147,157,21.7,111
46,135,427,271.1,99,89.2,152,157,20.9,111
47,138,437,278.5,93,89.2,155,157,20.6,111
48,141,447,293.3,95,89.4,154,157,20.4,111
49,144,456,274.1,99,89.6,152,157,20.2,112
50,147,466,275.2,94,89.7,154,157,20.4,112
51,150,476,293.2,91,89.9,156,157,19.8,112
52,153,485,287.5,98,90.0,152,157,20.0,113
53,156,495,274.1,99,90.1,152,157,20.6,113
54,159,504,271.0,93,90.1,155,157,20.4,112
55,162,514,275.9,92,90.2,156,157,20.4,113
56,165,523,256.1,90,90.1,157,157,19.5,114
57,168,533,280.3,85,90.2,160,157,20.0,115
58,171,543,277.1,95,90.3,154,157,20.3,115
59,173,550,265.5,97,90.3,153,157,20.9,115
60,176,560,277.3,92,90.4,156,157,20.6,115
61,179,569,259.5,94,90.3,154,157,20.3,115
62,182,578,258.4,90,90.2,157,157,20.7,114
63,185,588,282.8,86,90.4,159,157,20.0,115
64,188,598,280.7,97,90.5,153,157,20.5,115
65,191,607,266.3,97,90.5,153,157,20.6,115
66,194,617,264.0,90,90.5,157,157,20.2,115
67,197,626,259.4,91,90.5,156,157,20.6,115
68,200,636,256.3,89,90.4,157,157,20.6,116
69,203,645,264.1,88,90.4,158,157,20.6,116
70,206,655,287.7,93,90.6,155,157,21.2,116
71,208,662,283.1,98,90.6,152,157,20.3,116
72,211,672,270.5,96,90.6,153,157,20.4,117
73,214,681,275.5,92,90.7,156,157,20.3,117
74,217,691,278.5,92,90.7,156,157,20.0,117
75,219,701,264.8,93,90.7,155,157,20.0,117
76,223,710,262.0,89,90.7,157,157,20.1,117
77,226,720,276.3,88,90.6,158,157,20.0,117
78,229,729,256.2,92,90.6,156,157,20.0,117
79,232,738,255.5,85,90.6,160,157,20.0,118
80,235,748,272.6,84,90.5,160,157,19.7,118
81,238,757,242.1,90,90.4,157,157,19.8,118
82,241,767,277.8,84,90.5,160,157,20.8,118
83,244,777,297.8,96,90.6,153,157,20.8,117
84,247,786,285.6,101,90.6,151,157,20.3,116
85,250,796,252.6,95,90.6,154,157,20.0,116
86,253,805,285.5,87,90.6,159,157,20.6,117
87,256,815,280.1,99,90.7,152,157,20.7,117
88,259,825,271.9,95,90.8,154,157,20.2,117
89,262,834,269.7,93,90.8,155,157,20.5,117
90,265,844,267.3,93,90.8,155,157,20.6,118
91,268,853,273.1,91,90.8,156,157,20.4,118
92,271,863,276.3,94,90.9,154,157,20.6,118
93,273,870,259.7,95,90.9,154,157,20.5,118
94,276,879,236.8,90,90.8,157,157,20.8,118
95,279,889,247.4,82,90.7,162,157,20.7,117
96,282,898,277.8,86,90.8,159,157,20.7,118
97,285,908,271.5,93,90.8,155,157,20.0,118
98,288,917,272.7,94,90.8,154,157,20.6,118
99,291,927,283.2,92,90.8,156,157,20.3,118
100,294,937,276.7,93,90.8,155,157,19.7,118
101,297,946,274.7,93,90.8,155,157,20.1,117
102,300,956,263.8,92,90.9,156,157,20.0,117
103,303,965,289.4,89,90.9,157,157,20.1,117
104,306,975,278.2,103,91.0,150,157,21.4,118
105,309,985,260.0,96,91.0,153,156,20.6,118
106,312,994,276.1,88,91.0,158,156,20.3,118
107,315,1004,264.6,93,91.0,155,156,20.2,117
108,317,1011,274.8,90,91.0,157,156,20.4,118
109,320,1021,284.4,96,91.0,153,156,20.9,119
110,323,1030,260.3,95,91.1,154,156,20.1,119
111,326,1040,260.1,90,91.1,157,156,20.8,120
112,329,1049,267.3,90,91.1,157,156,20.7,120
113,332,1059,266.3,92,91.1,156,156,20.6,120
114,335,1068,275.1,93,91.1,155,156,21.0,120
115,338,1078,261.8,93,91.1,155,156,20.3,120
116,341,1087,254.2,87,91.0,159,156,20.0,120
117,344,1096,266.5,86,91.0,159,156,20.3,120
118,347,1106,279.8,92,91.1,156,156,20.6,120
119,349,1113,250.1,95,91.1,154,156,20.4,120
120,352,1123,268.9,89,91.1,157,156,21.4,120
121,355,1132,276.5,94,91.1,154,156,20.9,120
122,358,1142,261.3,94,91.1,154,156,20.4,120
123,361,1151,270.0,91,91.1,156,156,20.9,121
124,364,1161,262.5,92,91.1,156,156,20.5,121
125,367,1170,257.8,91,91.1,156,156,20.9,121
126,370,1180,273.4,91,91.1,156,156,21.2,121
127,373,1190,262.7,93,91.1,155,156,20.4,120
128,375,1197,262.9,90,91.1,157,156,20.6,120
129,378,1206,274.2,92,91.2,156,156,20.9,121
130,381,1216,260.7,93,91.1,155,156,20.4,120
131,384,1225,245.2,90,91.1,157,156,20.6,120
132,387,1235,281.8,85,91.1,160,156,20.9,120
133,390,1244,267.6,98,91.1,152,156,20.8,121
134,393,1253,249.7,91,91.1,156,156,20.4,121
135,396,1263,274.1,87,91.2,159,156,20.9,120
136,398,1271,284.8,99,91.2,152,156,21.5,120
137,401,1280,248.9,99,91.2,152,156,20.9,120
138,404,1289,249.9,85,91.2,160,156,20.4,120
139,406,1299,272.4,88,91.2,158,156,21.2,120
140,410,1308,278.0,96,91.2,153,156,21.1,120
141,413,1318,278.0,98,91.2,152,156,21.1,121
142,416,1327,263.8,95,91.3,154,156,20.4,121
143,419,1337,257.4,91,91.2,156,156,20.7,120
144,422,1346,255.3,88,91.2,158,156,20.4,121
145,424,1354,264.4,88,91.2,158,156,20.7,121
146,427,1363,265.9,91,91.2,156,156,20.5,121
147,430,1373,277.6,90,91.2,157,156,20.4,121
148,433,1382,270.7,95,91.2,154,156,20.6,121
149,436,1392,261.6,94,91.2,154,156,20.9,121
150,439,1401,271.5,89,91.2,157,156,20.4,121
151,442,1411,258.4,92,91.2,156,156,20.3,122
152,445,1420,272.3,90,91.2,157,156,20.8,121
153,448,1430,267.8,95,91.3,154,156,20.8,121
154,451,1439,264.2,92,91.3,156,156,20.6,122
155,453,1447,278.3,91,91.3,156,156,20.6,122
156,456,1456,277.2,98,91.3,152,156,21.0,122
157,459,1466,260.8,95,91.3,154,156,20.5,122
158,462,1475,258.0,89,91.3,157,156,20.4,122
159,465,1485,265.7,89,91.3,157,156,20.6,121
160,468,1494,289.1,91,91.3,156,156,20.4,121
161,471,1504,274.6,100,91.3,151,156,20.8,121
162,474,1513,277.8,94,91.3,154,156,20.5,121
163,477,1523,259.0,95,91.4,154,156,20.5,121
164,480,1533,281.4,90,91.4,157,156,20.7,121
165,483,1542,263.1,93,91.4,155,156,19.9,121
166,486,1552,283.1,92,91.4,156,156,20.9,121
167,488,1559,257.1,99,91.4,152,156,20.9,123
168,491,1568,253.8,90,91.4,157,156,21.0,123
169,494,1578,264.8,88,91.4,158,156,20.7,122
170,497,1587,269.6,93,91.4,155,156,20.9,123
171,500,1597,246.1,94,91.4,154,156,20.9,123
172,503,1606,256.5,85,91.4,160,156,20.8,123
173,506,1616,261.4,91,91.4,156,156,21.2,123
174,508,1623,255.0,90,91.4,157,156,20.7,123
175,511,1632,280.3,87,91.4,159,156,20.4,123
176,514,1642,271.0,96,91.4,153,156,20.6,123
177,517,1651,261.1,93,91.4,155,156,20.6,123
178,520,1661,251.6,89,91.4,157,156,20.4,123
179,523,1670,248.4,87,91.4,159,156,20.8,124
180,526,1679,265.1,86,91.3,159,156,20.6,125
181,529,1689,285.3,93,91.4,155,156,20.9,125
182,532,1698,254.9,97,91.3,153,156,20.4,123
183,535,1708,270.4,87,91.4,159,156,20.5,123
184,537,1716,287.0,95,91.4,154,156,21.0,123
185,540,1725,264.2,99,91.4,152,156,20.6,124
186,543,1734,256.6,90,91.4,157,156,20.4,125
187,546,1744,251.2,89,91.4,157,156,20.9,124
188,549,1753,273.3,86,91.4,159,156,20.6,122
189,552,1763,284.5,94,91.4,154,156,20.5,121
190,555,1773,282.4,95,91.4,154,156,20.1,120
191,558,1782,279.6,97,91.4,153,156,20.6,122
192,561,1792,272.2,96,91.5,153,156,20.5,124
193,564,1802,284.0,94,91.5,154,156,20.7,125
194,567,1811,277.5,94,91.5,154,156,19.8,123
195,570,1821,290.5,94,91.5,154,156,20.4,123
196,573,1831,266.9,99,91.5,152,156,20.5,124
197,576,1841,277.2,92,91.5,156,156,20.6,124
198,578,1848,300.2,95,91.5,154,156,20.6,124
199,581,1858,282.9,103,91.6,150,156,20.5,123
200,584,1867,261.0,95,91.6,154,156,20.1,124
201,587,1877,280.5,86,91.6,159,156,19.8,124
202,590,1886,271.1,93,91.6,155,156,19.9,123
203,593,1896,258.1,92,91.6,156,156,20.4,123
204,596,1905,285.6,89,91.6,157,156,20.6,124
205,599,1915,302.2,98,91.7,152,156,20.5,124
206,602,1925,276.5,104,91.7,149,156,20.5,123
207,605,1934,259.9,95,91.7,154,156,20.5,123
208,608,1944,247.1,90,91.7,157,156,20.7,123
209,611,1953,283.6,84,91.7,160,156,20.4,123
210,614,1963,278.8,96,91.7,153,156,20.2,123
211,617,1973,273.9,100,91.7,151,156,21.4,124
212,620,1982,259.4,91,91.7,156,156,20.0,124
213,623,1992,286.8,88,91.7,158,156,20.3,123
214,626,2001,272.9,96,91.7,153,156,20.0,123
215,629,2011,269.2,91,91.7,156,156,20.0,123
216,632,2021,282.8,90,91.7,157,156,20.1,123
217,635,2031,297.9,94,91.7,154,156,20.0,124
218,638,2040,285.3,100,91.8,151,156,20.2,124
219,640,2047,277.6,95,91.8,154,156,19.9,124
220,643,2057,278.0,93,91.8,155,156,20.2,123
221,646,2067,266.8,91,91.8,156,156,19.7,123
222,649,2076,302.3,92,91.8,156,156,20.7,123
223,652,2086,287.1,104,91.8,149,156,20.6,123
224,655,2096,273.0,96,91.8,153,156,20.0,122
225,658,2105,277.9,92,91.8,156,156,20.2,123
226,661,2115,270.0,93,91.8,155,156,20.0,123
227,664,2124,270.0,94,91.8,154,156,20.9,123
228,667,2134,284.0,94,91.9,154,156,20.9,124
229,670,2144,279.2,99,91.9,152,156,20.9,124
230,673,2154,276.2,99,91.9,152,156,21.3,124
231,675,2161,281.9,95,91.9,154,156,20.6,124
232,678,2171,276.6,97,92.0,153,156,20.6,124
233,681,2180,277.2,96,92.0,153,156,20.7,124
234,684,2190,263.1,98,92.0,152,156,21.1,124
235,686,2199,258.9,91,92.0,156,156,20.8,124
236,690,2209,262.6,90,92.0,157,156,20.7,124
237,693,2218,263.1,90,92.0,157,156,20.5,124
238,696,2228,277.4,91,92.0,156,156,20.8,124
239,699,2237,274.2,96,92.0,153,156,20.8,124
240,702,2247,262.5,92,92.0,156,156,20.2,123
241,704,2254,273.7,91,92.0,156,156,20.7,123
242,707,2264,274.8,95,92.0,154,156,20.9,124
243,710,2273,275.4,93,92.0,155,156,20.3,124
244,713,2283,251.1,93,92.0,155,156,20.2,124
245,716,2292,280.1,88,92.0,158,156,21.1,124
246,719,2302,279.0,100,92.1,151,156,21.4,109
247,775,2320,259.7,98,91.5,152,156,21.1,108
248,787,2336,55.8,98,90.7,152,156,21.1,99
249,812,2351,30.3,98,89.9,152,157,21.1,98
250,815,2359,211.6,98,89.8,152,157,21.1,98
251,818,2368,212.2,74,89.8,167,157,21.1,97
252,821,2377,234.0,73,89.7,168,157,20.6,97
253,824,2387,242.6,81,89.7,162,157,20.7,98
254,826,2394,260.4,86,89.7,159,157,21.2,100
255,829,2403,275.2,92,89.7,156,157,21.2,101
256,832,2413,235.8,92,89.7,156,157,20.0,102
257,835,2422,248.1,78,89.7,164,157,19.8,103
258,838,2431,257.4,86,89.7,159,157,20.7,103
259,841,2441,244.2,85,89.6,160,157,19.8,104
260,844,2450,262.8,84,89.6,160,157,20.7,104
261,847,2459,259.3,91,89.6,156,157,20.8,105
262,850,2469,263.8,88,89.6,158,157,20.4,106
263,853,2478,266.0,91,89.6,156,157,20.7,107
264,856,2488,258.4,91,89.6,156,157,20.4,107
265,859,2497,260.9,88,89.6,158,157,20.4,108
266,861,2505,289.5,92,89.6,156,157,21.1,107
267,864,2514,254.2,100,89.7,151,157,20.6,108
268,867,2523,251.5,88,89.7,158,157,20.6,109
269,870,2533,262.0,88,89.7,158,157,20.9,109
270,873,2542,245.4,87,89.6,159,157,20.0,110
271,876,2552,256.3,82,89.6,162,157,20.0,110
272,879,2561,261.6,85,89.6,160,157,19.8,111
273,882,2571,268.0,89,89.6,157,157,20.4,111
274,885,2580,270.1,90,89.6,157,157,20.1,111
275,888,2589,258.8,91,89.6,156,157,20.1,111
276,890,2599,246.6,87,89.6,159,157,20.2,111
277,894,2608,265.9,87,89.6,159,157,21.1,112
278,897,2618,267.3,94,89.6,154,157,21.1,112
279,900,2627,275.3,91,89.6,156,157,20.4,112
280,903,2637,274.0,95,89.6,154,157,20.6,113
281,906,2646,254.3,91,89.6,156,157,19.8,113
282,909,2656,265.5,86,89.6,159,157,20.2,114
283,912,2666,285.4,91,89.7,156,157,20.4,114
284,914,2673,254.3,97,89.7,153,157,20.3,115
285,917,2682,279.0,86,89.6,159,157,20.3,115
286,920,2692,281.8,94,89.7,154,157,20.1,115
287,923,2702,275.6,92,89.7,156,157,19.6,116
288,927,2713,277.9,90,89.7,157,157,19.6,116
289,930,2723,273.9,91,89.7,156,157,19.6,116
290,932,2731,282.9,91,89.7,156,157,19.9,116
291,935,2740,280.4,97,89.7,153,157,20.6,116
292,938,2750,280.2,95,89.7,154,157,20.3,117
293,941,2759,270.1,92,89.7,156,157,19.7,117
294,944,2769,284.1,94,89.8,154,157,20.8,117
295,947,2779,290.2,96,89.8,153,157,20.2,118
296,950,2788,259.6,99,89.8,152,157,20.4,118
297,953,2798,259.6,88,89.8,158,157,20.2,118
298,956,2807,271.6,89,89.8,157,157,20.5,118
299,959,2817,257.9,92,89.8,156,157,20.3,119
300,962,2826,268.3,88,89.8,158,157,20.4,119
301,965,2836,283.7,92,89.8,156,157,20.5,120
302,968,2845,271.3,97,89.8,153,157,20.6,120
303,971,2855,265.0,92,89.8,156,157,20.4,120
304,974,2865,280.1,91,89.9,156,157,20.6,120
305,976,2872,280.3,98,89.9,152,157,20.9,120
306,979,2882,277.1,96,89.9,153,157,20.4,120
307,982,2891,276.1,95,89.9,154,157,20.5,120
308,985,2901,257.4,93,89.9,155,157,20.1,120
309,988,2910,280.1,89,89.9,157,157,20.6,120
310,991,2920,266.5,94,89.9,154,157,20.2,120
311,994,2930,284.6,92,89.9,156,157,20.6,121
312,997,2939,270.2,95,89.9,154,157,20.0,121
313,1000,2949,272.7,90,89.9,157,157,20.0,121
314,1003,2958,281.2,98,89.9,152,157,21.5,121
315,1006,2968,267.8,97,90.0,153,157,20.7,121
316,1009,2977,250.3,91,90.0,156,157,20.4,121
317,1012,2987,268.8,85,90.0,160,157,20.4,121
318,1014,2994,259.1,92,90.0,156,157,20.4,122
319,1017,3003,256.3,91,90.0,156,157,20.9,122
320,1020,3013,272.5,90,90.0,157,157,20.9,122
321,1023,3022,274.1,92,90.0,156,157,20.2,122
322,1026,3032,265.2,93,90.0,155,157,20.4,123
323,1029,3041,270.5,89,90.0,157,157,20.1,123
324,1032,3051,277.4,94,90.0,154,157,20.8,123
325,1035,3061,263.2,95,90.0,154,157,20.4,123
326,1038,3070,266.6,89,90.0,157,157,20.3,123
327,1041,3080,277.5,90,90.0,157,157,20.3,123
328,1044,3089,279.3,96,90.0,153,157,20.8,123
329,1046,3099,279.2,95,90.0,154,157,20.3,122
330,1050,3109,266.4,94,90.1,154,157,20.2,122
331,1053,3118,277.0,92,90.1,156,157,20.6,122
332,1055,3125,270.9,95,90.1,154,157,20.6,123
333,1058,3135,273.1,93,90.1,155,157,20.6,123
334,1061,3145,285.9,94,90.1,154,157,20.5,123
335,1064,3154,268.5,98,90.1,152,157,20.5,123
336,1067,3164,254.3,93,90.1,155,157,20.6,123
337,1070,3173,256.8,89,90.1,157,157,20.9,123
338,1073,3183,265.4,89,90.1,157,157,20.8,123
339,1076,3192,262.5,92,90.1,156,157,20.6,123
340,1079,3201,263.8,90,90.1,157,157,20.5,123
341,1082,3211,281.2,90,90.1,157,157,20.4,123
342,1085,3221,284.3,96,90.2,153,157,20.4,123
343,1088,3231,267.2,97,90.1,153,157,20.5,123
344,1091,3240,261.1,90,90.1,157,157,20.2,124
345,1094,3250,267.5,86,90.1,159,157,19.7,124
346,1096,3257,297.3,91,90.1,156,157,20.4,124
347,1099,3267,291.7,101,90.2,151,157,20.4,124
348,1102,3276,277.0,99,90.2,152,157,20.4,123
349,1105,3286,281.8,95,90.2,154,157,20.5,123
350,1108,3296,276.3,97,90.2,153,157,20.6,123
351,1111,3305,280.3,95,90.3,154,157,20.5,124
352,1114,3315,285.5,98,90.3,152,157,20.9,124
353,1117,3325,262.0,97,90.3,153,157,20.3,124
354,1120,3334,268.8,89,90.3,157,157,20.4,124
355,1123,3344,270.8,91,90.3,156,157,20.2,125
356,1126,3353,255.9,92,90.3,156,157,20.3,124
357,1129,3363,276.2,87,90.3,159,157,20.4,124
358,1132,3372,262.1,93,90.3,155,157,20.2,124
359,1135,3382,273.2,89,90.3,157,157,20.4,124
360,1137,3389,260.5,93,90.3,155,157,20.4,124
361,1140,3398,259.4,89,90.3,157,157,20.4,124
362,1143,3408,282.7,91,90.3,156,157,21.1,124
363,1146,3418,272.6,95,90.3,154,157,20.2,124
364,1149,3427,271.0,92,90.3,156,157,20.2,123
365,1152,3437,266.2,92,90.3,156,157,20.4,123
366,1155,3446,290.9,93,90.3,155,157,20.9,123
367,1158,3456,277.2,101,90.3,151,157,20.9,123
368,1161,3465,253.0,95,90.4,154,157,20.4,124
369,1164,3475,288.9,86,90.4,159,157,20.4,124
370,1167,3485,277.7,97,90.4,153,157,20.1,124
371,1170,3494,263.2,94,90.4,154,157,20.2,124
372,1173,3504,262.8,90,90.4,157,157,20.4,124
373,1175,3511,281.6,94,90.4,154,157,21.3,123
374,1178,3521,257.7,96,90.4,153,157,20.4,123
375,1181,3530,280.1,89,90.4,157,157,20.7,123
376,1184,3540,289.8,99,90.4,152,157,21.2,122
377,1187,3550,269.0,98,90.4,152,157,20.2,122
378,1190,3559,278.8,92,90.4,156,157,20.4,123
379,1193,3569,286.1,95,90.4,154,157,20.4,123
380,1196,3579,278.4,97,90.5,153,157,20.4,123
381,1199,3588,265.8,94,90.5,154,157,20.3,123
382,1202,3598,278.9,91,90.5,156,157,20.5,121
383,1205,3607,287.7,97,90.5,153,157,20.8,122
384,1208,3617,273.2,99,90.5,152,157,20.6,123
385,1211,3627,284.0,92,90.5,156,157,20.2,123
386,1214,3637,270.3,95,90.5,154,157,20.0,123
387,1216,3644,269.2,91,90.5,156,157,20.2,123
388,1219,3654,328.1,93,90.5,155,157,20.6,123
389,1222,3664,290.9,112,90.6,146,157,20.5,125
390,1225,3673,291.8,97,90.6,153,157,20.0,124
391,1228,3683,283.9,98,90.6,152,157,20.1,124
392,1231,3693,285.2,97,90.7,153,157,20.4,123
393,1234,3703,292.6,97,90.7,153,157,20.3,124
394,1237,3712,286.9,100,90.7,151,157,20.4,124
395,1240,3722,290.4,97,90.7,153,157,20.2,124
396,1243,3732,291.6,97,90.7,153,157,20.0,123
397,1246,3742,284.5,99,90.7,152,157,20.3,124
398,1249,3751,264.4,93,90.7,155,157,19.6,125
399,1252,3761,268.1,87,90.7,159,157,19.6,125
400,1255,3771,300.0,93,90.8,155,157,20.7,125
401,1258,3780,290.4,98,90.8,152,157,19.6,125
402,1261,3790,291.0,100,90.8,151,157,20.6,125
403,1263,3800,271.0,100,90.8,151,157,20.5,125
404,1267,3809,266.3,91,90.8,156,157,20.1,125
405,1270,3819,262.1,90,90.8,157,157,20.2,125
406,1273,3828,252.2,87,90.8,159,157,19.9,125
407,1276,3837,265.5,85,90.8,160,157,20.2,125
408,1279,3847,259.2,87,90.8,159,157,19.6,126
409,1282,3857,285.2,92,90.8,156,157,21.3,126
410,1285,3866,275.0,98,90.8,152,157,20.6,126
411,1288,3876,272.2,93,90.8,155,157,20.2,124
412,1290,3883,277.2,93,90.8,155,157,20.4,124
413,1293,3893,281.3,94,90.8,154,157,20.3,125
414,1296,3902,279.3,96,90.8,153,157,20.5,125
415,1299,3912,279.2,95,90.8,154,157,20.4,124
416,1302,3922,277.1,95,90.8,154,157,20.4,125
417,1305,3931,249.4,95,90.8,154,157,20.6,125
418,1308,3941,274.0,88,90.8,158,157,21.2,125
419,1311,3950,273.0,94,90.8,154,157,20.6,125
420,1314,3960,259.3,94,90.9,154,157,20.6,125
421,1317,3969,252.4,90,90.8,157,157,20.7,126
422,1319,3977,277.1,89,90.8,157,157,21.1,126
423,1322,3986,272.8,97,90.9,153,157,21.0,126
424,1325,3996,270.6,91,90.9,156,157,19.9,125
425,1328,4005,265.6,91,90.9,156,157,20.0,125
426,1331,4015,266.1,92,90.9,156,157,20.8,125
427,1334,4024,293.4,93,90.9,155,157,21.0,125
428,1337,4034,273.5,99,90.9,152,157,20.2,125
429,1340,4044,270.8,93,90.9,155,157,20.4,125
430,1343,4053,275.4,94,90.9,154,157,20.7,125
431,1346,4062,255.7,94,90.9,154,157,20.4,125
432,1349,4072,246.8,88,90.9,158,157,20.6,125
433,1352,4082,292.7,86,90.9,159,157,20.9,124
434,1354,4089,270.3,101,90.9,151,157,20.7,125
435,1357,4098,261.4,93,90.9,155,157,20.6,125
436,1360,4108,267.9,90,90.9,157,157,20.7,125
437,1363,4118,259.4,91,90.9,156,157,20.3,125
438,1366,4127,273.5,86,90.9,159,157,20.0,124
439,1369,4137,297.3,93,90.9,155,157,20.3,124
440,1372,4146,283.5,104,90.9,149,157,21.0,124
441,1375,4156,264.1,97,90.9,153,157,20.5,124
442,1378,4165,260.2,91,90.9,156,157,20.7,124
443,1381,4175,282.6,89,91.0,157,157,20.6,124
444,1384,4185,275.8,97,91.0,153,156,20.6,124
445,1387,4194,272.2,92,91.0,156,156,19.9,124
446,1390,4204,272.8,90,91.0,157,156,19.9,124
447,1393,4213,272.2,93,91.0,155,156,20.4,125
448,1395,4221,284.1,94,91.0,154,156,20.6,126
449,1398,4231,275.0,98,91.0,152,156,20.6,125
450,1401,4240,275.8,95,91.0,154,156,20.7,125
451,1404,4250,268.8,94,91.0,154,156,20.4,125
452,1407,4259,258.1,91,91.0,156,156,20.3,124
453,1410,4269,274.8,88,91.0,158,156,20.4,124
454,1413,4278,290.8,94,91.0,154,156,20.5,124
455,1416,4288,270.2,100,91.0,151,156,20.6,124
456,1419,4298,265.0,92,91.0,156,156,20.3,124
457,1422,4307,276.7,92,91.0,156,156,20.8,125
458,1425,4317,272.2,93,91.0,155,156,20.2,125
459,1428,4326,247.7,91,91.0,156,156,20.1,125
460,1431,4336,287.0,85,91.0,160,156,20.5,126
461,1433,4343,296.8,99,91.0,152,156,20.7,126
462,1436,4353,267.7,103,91.1,150,156,20.8,125
463,1439,4362,272.7,94,91.1,154,156,20.9,126
464,1442,4372,264.8,95,91.1,154,156,20.8,126
465,1445,4381,270.6,94,91.1,154,156,21.2,126
466,1448,4391,243.0,92,91.1,156,156,20.4,126
467,1450,4400,262.0,85,91.1,160,156,20.9,126
468,1454,4410,263.8,91,91.1,156,156,20.7,126
469,1456,4417,240.2,92,91.1,156,156,20.8,127
470,1459,4426,245.6,84,91.0,160,156,20.9,126
471,1462,4435,249.1,87,91.0,159,156,21.2,127
472,1465,4444,243.3,86,91.0,159,156,20.6,127
473,1468,4454,292.9,88,91.0,158,156,21.8,127
474,1471,4464,271.8,103,91.0,150,156,21.0,126
475,1474,4473,261.7,93,91.0,155,156,20.4,126
476,1477,4483,254.2,90,91.0,157,156,20.5,127
477,1479,4490,273.7,91,91.0,156,156,21.4,127
478,1481,4499,252.0,93,91.0,155,156,20.4,127
479,1485,4509,258.0,88,91.0,158,156,21.0,126
480,1488,4518,262.7,91,91.0,156,156,21.1,127
481,1491,4528,310.5,93,91.0,155,156,21.1,126
482,1494,4538,262.8,106,91.1,148,156,20.4,126
483,1497,4547,263.3,91,91.1,156,156,20.6,127
484,1500,4557,260.1,90,91.1,157,156,20.5,127
485,1503,4566,273.1,89,91.1,157,156,20.6,127
486,1506,4576,269.2,91,91.1,156,156,20.0,126
487,1508,4583,244.6,92,91.1,156,156,20.4,127
488,1511,4592,260.7,85,91.1,160,156,20.8,128
489,1514,4602,253.4,90,91.1,157,156,20.7,127
490,1517,4611,289.4,91,91.1,156,156,21.6,127
491,1520,4621,258.0,102,91.1,150,156,21.1,127
492,1523,4630,266.1,91,91.1,156,156,21.2,127
493,1525,4638,282.5,96,91.1,153,156,21.7,118
494,1577,4657,273.0,100,90.9,151,156,21.2,109
495,1620,4672,35.6,100,90.5,151,157,21.2,101
496,1623,4680,182.2,100,90.4,151,157,21.2,100
497,1626,4689,198.7,64,90.3,176,157,20.9,102
498,1629,4698,242.7,69,90.3,171,157,20.6,103
499,1632,4707,233.1,84,90.3,160,157,20.8,103
500,1635,4716,231.9,85,90.3,160,157,21.8,104
501,1637,4723,242.3,87,90.3,159,157,22.4,105
502,1640,4733,264.4,89,90.3,157,157,22.1,106
503,1643,4742,268.0,94,90.3,154,157,21.2,107
504,1646,4751,255.3,93,90.3,155,157,20.9,110
505,1649,4760,226.0,85,90.3,160,157,20.0,111
506,1652,4770,253.7,78,90.3,164,157,20.6,111
507,1655,4779,236.2,86,90.3,159,157,20.3,112
508,1658,4789,277.1,83,90.3,161,157,20.9,112
509,1661,4798,265.2,93,90.3,155,157,20.1,112
510,1663,4805,273.0,91,90.3,156,157,20.4,111
511,1666,4815,288.3,93,90.3,155,157,20.4,111
512,1669,4825,267.0,98,90.3,152,157,20.3,111
513,1672,4834,258.1,90,90.3,157,157,20.2,112
514,1675,4844,277.0,88,90.3,158,157,20.5,113
515,1678,4853,294.9,94,90.3,154,157,20.2,113
516,1681,4863,269.2,97,90.3,153,157,19.7,113
517,1684,4873,279.7,93,90.3,155,157,20.6,113
518,1687,4882,276.8,93,90.3,155,157,20.0,114
519,1690,4892,289.1,93,90.3,155,157,20.2,114
520,1693,4902,258.8,96,90.3,153,157,20.0,114
521,1696,4911,255.9,87,90.3,159,157,20.0,115
522,1699,4921,281.9,87,90.3,159,157,20.4,115
523,1702,4930,295.6,97,90.3,153,157,20.6,116
524,1705,4940,280.0,99,90.4,152,157,20.0,116
525,1708,4949,264.0,91,90.3,156,157,19.4,116
526,1711,4959,277.1,87,90.3,159,157,19.7,116
527,1714,4969,284.4,91,90.4,156,157,19.6,117
528,1717,4979,276.6,95,90.4,154,157,20.0,117
529,1720,4988,277.6,93,90.4,155,157,20.1,118
530,1723,4998,267.3,92,90.4,156,157,19.8,118
531,1726,5007,282.4,91,90.4,156,157,20.3,119
532,1729,5017,290.1,98,90.4,152,157,20.7,120
533,1732,5027,271.9,96,90.4,153,157,19.9,120
534,1735,5036,255.5,91,90.4,156,157,20.0,121
535,1738,5045,267.7,88,90.4,158,157,20.6,121
536,1741,5055,284.1,88,90.4,158,157,19.7,122
537,1744,5065,263.8,97,90.4,153,157,20.4,122
538,1747,5074,285.7,91,90.4,156,157,20.6,123
539,1750,5084,266.1,94,90.4,154,157,19.7,123
540,1753,5094,271.1,89,90.4,157,157,20.0,123
541,1756,5103,294.1,91,90.4,156,157,20.0,123
542,1759,5113,287.4,104,90.4,149,157,21.2,123
543,1762,5123,264.2,95,90.4,154,157,19.8,121
544,1765,5132,278.9,89,90.4,157,157,20.2,122
545,1768,5141,256.4,93,90.4,155,157,20.0,122
546,1771,5151,257.4,85,90.4,160,157,19.8,122
547,1774,5160,276.5,86,90.4,159,157,19.9,122
548,1777,5170,278.5,91,90.4,156,157,19.7,122
549,1780,5180,277.5,93,90.4,155,157,20.1,122
550,1782,5187,279.6,95,90.4,154,157,20.5,122
551,1785,5197,285.4,98,90.4,152,157,20.9,122
552,1788,5207,273.9,99,90.5,152,157,20.9,122
553,1791,5216,260.2,92,90.5,156,157,20.0,122
554,1794,5225,257.5,91,90.4,156,157,20.9,123
555,1797,5235,267.3,88,90.5,158,157,20.6,123
556,1800,5244,257.4,92,90.5,156,157,20.5,123
557,1803,5254,300.5,90,90.5,157,157,20.9,123
558,1806,5264,267.6,102,90.5,150,157,20.3,123
559,1809,5274,289.1,93,90.5,155,157,20.8,123
560,1812,5283,283.1,98,90.5,152,157,20.2,122
561,1815,5293,273.0,93,90.5,155,157,19.8,123
562,1818,5303,280.9,90,90.5,157,157,19.8,123
563,1821,5312,271.0,94,90.5,154,157,20.0,123
564,1824,5322,269.0,89,90.5,157,157,19.8,123
565,1827,5331,270.7,88,90.5,158,157,19.6,124
566,1830,5341,278.9,92,90.5,156,157,20.3,124
567,1833,5350,271.9,92,90.5,156,157,19.8,124
568,1836,5360,277.6,91,90.5,156,157,20.0,124
569,1839,5369,273.2,90,90.5,157,157,19.5,125
570,1842,5379,271.7,90,90.5,157,157,19.8,125
571,1845,5389,277.7,90,90.5,157,157,19.8,125
572,1848,5398,271.6,92,90.5,156,157,19.8,125
573,1851,5408,278.0,89,90.5,157,157,19.7,125
574,1854,5418,292.5,94,90.5,154,157,20.2,125
575,1857,5427,292.2,98,90.5,152,157,20.2,124
576,1860,5437,272.6,99,90.5,152,157,20.2,124
577,1863,5447,275.1,90,90.5,157,157,19.8,124
578,1866,5456,294.7,94,90.5,154,157,20.5,125
579,1869,5466,292.3,97,90.6,153,157,19.7,125
580,1872,5476,305.9,99,90.6,152,157,20.2,126
581,1875,5486,291.6,101,90.6,151,157,19.8,126
582,1878,5496,298.7,100,90.6,151,157,20.4,126
583,1881,5506,287.4,99,90.6,152,157,19.9,126
584,1884,5515,287.2,95,90.6,154,157,19.8,128
585,1887,5525,285.8,96,90.6,153,157,20.1,128
586,1890,5535,281.7,96,90.6,153,157,20.2,127
587,1893,5544,268.1,94,90.6,154,157,20.0,128
588,1896,5554,287.5,91,90.6,156,157,20.4,128
589,1899,5563,259.5,94,90.6,154,157,19.6,128
590,1902,5573,281.3,88,90.7,158,157,20.3,128
591,1905,5583,285.0,94,90.7,154,157,20.1,128
592,1908,5592,268.7,94,90.7,154,157,19.7,128
593,1911,5602,265.8,89,90.6,157,157,19.9,128
594,1914,5611,278.6,88,90.7,158,157,19.8,128
595,1917,5621,275.6,94,90.7,154,157,20.3,128
596,1920,5630,268.4,92,90.7,156,157,19.9,128
597,1923,5640,277.9,90,90.7,157,157,20.0,128
598,1926,5649,267.0,92,90.7,156,157,19.9,127
599,1929,5659,271.2,89,90.7,157,157,20.0,128
600,1932,5669,286.6,93,90.7,155,157,20.5,128
601,1935,5679,276.6,96,90.7,153,157,20.0,128
602,1938,5688,255.5,93,90.7,155,157,20.2,128
603,1940,5695,277.1,88,90.7,158,157,20.5,128
604,1943,5705,280.5,95,90.7,154,157,20.5,128
605,1946,5715,267.8,95,90.7,154,157,20.2,128
606,1949,5724,268.9,90,90.7,157,157,20.0,127
607,1952,5734,279.7,90,90.7,157,157,20.0,126
608,1955,5743,264.6,93,90.7,155,157,19.9,127
609,1958,5753,287.1,91,90.7,156,157,20.5,128
610,1961,5763,281.6,94,90.7,154,157,19.7,128
611,1964,5772,289.3,94,90.7,154,157,20.0,129
612,1967,5782,281.9,96,90.7,153,157,20.0,128
613,1970,5791,257.7,95,90.7,154,157,20.1,129
614,1973,5801,265.5,88,90.7,158,157,20.5,129
615,1976,5811,280.0,91,90.7,156,157,20.6,129
616,1979,5820,275.2,95,90.7,154,157,20.4,130
617,1982,5830,261.3,94,90.7,154,157,20.5,130
618,1985,5839,246.3,89,90.7,157,157,20.4,130
619,1988,5848,254.6,84,90.7,160,157,20.5,130
620,1991,5858,262.3,85,90.7,160,157,20.0,130
621,1994,5867,276.3,92,90.7,156,157,20.9,130
622,1997,5877,264.6,97,90.7,153,157,20.9,128
623,1999,5884,256.2,89,90.7,157,157,20.2,128
624,2002,5894,280.8,89,90.7,157,157,20.7,128
625,2005,5903,249.5,96,90.7,153,157,20.5,128
626,2008,5913,266.7,88,90.7,158,157,21.1,127
627,2011,5922,271.5,91,90.7,156,157,20.4,127
628,2014,5931,253.3,92,90.7,156,157,20.2,129
629,2017,5941,281.4,88,90.7,158,157,20.7,129
630,2020,5951,285.1,94,90.7,154,157,20.0,130
631,2023,5960,270.1,98,90.7,152,157,20.5,129
632,2026,5970,259.1,93,90.7,155,157,20.6,130
633,2029,5979,256.1,89,90.7,157,157,20.5,130
634,2031,5986,262.0,88,90.7,158,157,20.6,129
635,2034,5996,268.6,92,90.7,156,157,21.1,129
636,2037,6005,257.2,93,90.7,155,157,20.6,129
637,2040,6015,270.9,91,90.7,156,157,21.2,128
638,2043,6025,270.1,94,90.7,154,157,20.7,129
639,2046,6034,285.2,94,90.7,154,157,20.8,129
640,2049,6044,266.8,96,90.7,153,157,20.2,129
641,2052,6053,274.7,92,90.7,156,157,20.6,130
642,2055,6063,291.7,94,90.8,154,157,20.6,130
643,2058,6073,291.1,98,90.8,152,157,20.0,129
644,2061,6083,295.5,98,90.8,152,157,20.2,130
645,2064,6093,293.2,98,90.8,152,157,19.8,130
646,2065,6100,276.5,99,90.8,152,157,20.3,129
647,2069,6109,273.4,97,90.8,153,157,20.9,129
648,2072,6119,299.2,94,90.8,154,157,20.5,129
649,2075,6129,268.0,101,90.8,151,157,20.2,130
650,2078,6138,274.0,93,90.8,155,157,20.7,130
651,2081,6148,271.6,95,90.8,154,157,20.8,131
652,2084,6158,265.5,91,90.8,156,157,20.0,131
653,2087,6168,303.1,90,90.8,157,157,20.2,131
654,2090,6177,275.9,99,90.9,152,157,19.6,130
655,2093,6186,263.0,95,90.9,154,157,20.7,131
656,2096,6196,260.3,89,90.8,157,157,20.2,131
657,2099,6206,290.1,90,90.9,157,157,20.7,131
658,2102,6215,271.0,99,90.9,152,157,20.5,132
659,2105,6225,265.8,92,90.9,156,157,20.4,132
660,2108,6234,265.0,90,90.9,157,157,20.4,132
661,2111,6244,269.9,89,90.9,157,157,20.1,132
662,2114,6253,260.5,92,90.9,156,157,20.4,132
663,2116,6261,264.5,87,90.9,159,157,20.0,133
664,2119,6270,260.9,90,90.9,157,157,20.3,132
665,2122,6280,269.0,90,90.9,157,157,20.6,132
666,2125,6289,267.3,91,90.9,156,157,20.2,132
667,2127,6299,287.0,93,90.9,155,157,20.8,132
668,2131,6308,264.9,95,90.9,154,157,19.8,132
669,2134,6318,271.8,89,90.9,157,157,20.1,132
670,2137,6328,283.7,94,90.9,154,157,20.6,132
671,2140,6337,268.1,97,90.9,153,157,20.4,132
672,2143,6347,270.1,90,90.9,157,157,20.2,133
673,2146,6356,261.3,92,90.9,156,157,20.4,132
674,2149,6365,270.5,90,90.9,157,157,20.7,132
675,2152,6375,282.0,93,90.9,155,157,20.6,131
676,2155,6385,282.8,95,90.9,154,157,20.2,131
677,2158,6395,280.0,93,90.9,155,157,19.8,131
678,2161,6404,280.6,95,90.9,154,157,20.2,132
679,2164,6414,277.2,93,90.9,155,157,19.8,132
680,2167,6424,290.0,95,90.9,154,157,20.5,132
681,2170,6434,284.7,98,90.9,152,157,20.3,132
682,2173,6443,279.9,97,90.9,153,157,20.3,132
683,2176,6453,270.2,95,90.9,154,157,20.2,132
684,2178,6460,268.3,91,90.9,156,157,20.2,133
685,2181,6470,283.7,92,90.9,156,157,20.6,132
686,2184,6479,291.8,99,90.9,152,157,20.9,133
687,2187,6489,279.5,97,90.9,153,157,19.9,133
688,2190,6499,275.9,97,91.0,153,157,20.8,133
689,2193,6508,272.1,90,90.9,157,156,19.6,133
690,2196,6518,260.5,91,90.9,156,157,20.0,133
691,2199,6527,290.9,94,90.9,154,157,21.5,132
692,2202,6537,251.4,98,91.0,152,156,20.1,132
693,2205,6546,277.0,87,91.0,159,156,20.6,133
694,2208,6556,292.9,97,91.0,153,156,20.9,134
695,2211,6566,260.8,101,91.0,151,156,20.7,135
696,2213,6573,273.6,90,91.0,157,156,20.6,134
697,2216,6583,282.4,96,91.0,153,156,21.0,133
698,2219,6592,276.3,98,91.0,152,156,20.8,133
699,2222,6602,250.1,93,91.0,155,156,20.2,133
700,2225,6611,271.1,86,91.0,159,156,20.6,133
701,2228,6621,300.1,94,91.0,154,156,20.8,133
702,2231,6631,276.3,103,91.0,150,156,20.6,132
703,2234,6640,270.5,94,91.0,154,156,20.4,133
704,2237,6650,278.8,92,91.0,156,156,20.4,133
705,2240,6659,271.9,97,91.0,153,156,20.8,132
706,2242,6667,258.4,92,91.0,156,156,20.4,132
707,2245,6676,288.8,92,91.0,156,156,21.3,132
708,2248,6686,261.6,98,91.0,152,156,20.3,132
709,2251,6695,257.4,89,91.0,157,156,20.4,132
710,2254,6705,302.1,89,91.0,157,156,20.7,132
711,2257,6715,298.6,102,91.1,150,156,20.3,132
712,2260,6725,272.6,101,91.1,151,156,20.2,132
713,2263,6734,264.5,92,91.1,156,156,20.2,133
714,2266,6744,273.8,90,91.1,157,156,20.3,133
715,2269,6753,254.5,92,91.1,156,156,20.2,134
716,2272,6762,256.3,87,91.1,159,156,20.5,134
717,2275,6772,269.6,89,91.1,157,156,20.7,134
718,2278,6782,283.9,93,91.1,155,156,20.7,132
719,2281,6792,276.9,99,91.1,152,156,20.9,133
720,2282,6799,270.0,94,91.1,154,156,20.4,133
721,2286,6808,279.4,92,91.1,156,156,20.3,132
722,2289,6818,277.8,94,91.1,154,156,20.2,132
723,2292,6827,266.2,95,91.1,154,156,20.5,132
724,2295,6837,269.6,92,91.1,156,156,20.7,132
725,2298,6847,285.2,94,91.1,154,156,20.9,132
726,2301,6856,278.9,97,91.1,153,156,20.4,133
727,2304,6866,285.7,96,91.1,153,156,20.6,133
728,2307,6875,248.9,96,91.1,153,156,20.1,133
729,2310,6885,270.0,86,91.1,159,156,20.7,133
730,2313,6895,273.7,89,91.1,157,156,19.8,133
731,2316,6904,289.5,94,91.1,154,156,20.6,133
732,2319,6914,263.7,100,91.1,151,156,20.6,133
733,2322,6923,273.3,88,91.1,158,156,20.1,133
734,2324,6931,253.5,93,91.1,155,156,20.3,133
735,2327,6940,279.2,88,91.1,158,156,20.9,133
736,2330,6950,300.1,100,91.1,151,156,21.4,133
737,2333,6960,289.0,105,91.1,149,156,21.0,132
738,2336,6969,262.0,97,91.1,153,156,20.2,132
739,2339,6979,268.4,93,91.2,155,156,21.2,132
