Session Information:,,,,Device Information:,,,,Oarlock Information:,,,,Oarlock Settings:

Name:,JustGo-7344M,,,Name:,SpdCoach 2429218,,,Firmware:,---,,,Boat ID:,---
Start Time:,01/02/2020 18:46,,,Model:,SpeedCoach GPS Pro,,,,,,,Seat Number:,---
Type:,Just Go,,,Serial:,2429218,,,,,,,Port Starboard:,---
System of Units:,Meters/Split500,,,Firmware Version:,2.22,,,,,,,Oar Length:,---
Speed Input:,GPS,,,Profile Version:,0.03,,,,,,,Inboard Length:,---
,,,,Hardware Version:,Rev 11,,,,,,,,
,,,,LiNK Version:,2.1.68,,,,,,,,


Session Summary:

Total Intervals,Total Distance (GPS),Total Distance (IMP),Total Elapsed Time,Avg Split (GPS),Avg Speed (GPS),Avg Split (IMP),Avg Speed (IMP),Avg Stroke Rate,Total Strokes,Distance/Stroke (GPS),Distance/Stroke (IMP),Avg Heart Rate,Avg Power,Avg Catch,Avg Slip,Avg Finish,Avg Wash,Avg Force Avg,Avg Work,Avg Force Max,Avg Max Force Angle,Start GPS Lat.,Start GPS Lon.
(Interval),(Meters),(Meters),(HH:MM:SS.tenths),(/500),(M/S),(/500),(M/S),(SPM),(Strokes),(Meters),(Meters),(BPM),(Watts),(Degrees),(Degrees),(Degrees),(Degrees),(Newtons),(Joules),(Newtons),(Degrees),(Degrees),(Degrees)
1,7344.6,505.2,00:36:46.9,00:02:30.6,3.32,00:36:23.4,0.23,23.5,692,10.6,0.7,135.0,---,---,---,---,---,---,---,---,---,37.8016123,-122.2608116


Interval Summaries:

Interval,Total Distance (GPS),Total Distance (IMP),Total Elapsed Time,Avg Split (GPS),Avg Speed (GPS),Avg Split (IMP),Avg Speed (IMP),Avg Stroke Rate,Total Strokes,Distance/Stroke (GPS),Distance/Stroke (IMP),Avg Heart Rate,Avg Power,Avg Catch,Avg Slip,Avg Finish,Avg Wash,Avg Force Avg,Avg Work,Avg Force Max,Avg Max Force Angle,Start GPS Lat.,Start GPS Lon.
(Interval),(Meters),(Meters),(HH:MM:SS.tenths),(/500),(M/S),(/500),(M/S),(SPM),(Strokes),(Meters),(Meters),(BPM),(Watts),(Degrees),(Degrees),(Degrees),(Degrees),(Newtons),(Joules),(Newtons),(Degrees),(Degrees),(Degrees)
1,7344.6,505.2,00:36:46.9,00:02:30.6,3.32,00:36:13.9,0.23,23.5,692,10.6,0.7,134.0,---,---,---,---,---,---,---,---,---,37.8016123,-122.2608116



Per-Stroke Data:

Interval,Distance (GPS),Distance (IMP),Elapsed Time,Split (GPS),Speed (GPS),Split (IMP),Speed (IMP),Stroke Rate,Total Strokes,Distance/Stroke (GPS),Distance/Stroke (IMP),Heart Rate,Power,Catch,Slip,Finish,Wash,Force Avg,Work,Force Max,Max Force Angle,GPS Lat.,GPS Lon.
(Interval),(Meters),(Meters),(HH:MM:SS.tenths),(/500),(M/S),(/500),(M/S),(SPM),(Strokes),(Meters),(Meters),(BPM),(Watts),(Degrees),(Degrees),(Degrees),(Degrees),(Newtons),(Joules),(Newtons),(Degrees),(Degrees),(Degrees)
1,4.4,3.4,00:00:03.2,00:12:04.6,0.69,00:05:10.6,1.61,19.0,1,4.4,3.4,110,---,---,---,---,---,---,---,---,---,37.8016123,-122.2608116
1,10.5,9.6,00:00:06.4,00:05:08.6,1.62,00:04:33.2,1.83,19.5,2,6.1,6.2,112,---,---,---,---,---,---,---,---,---,37.8015590,-122.2608256
1,17.1,16.1,00:00:09.4,00:04:11.3,1.99,00:03:55.8,2.12,19.5,3,6.7,6.5,114,---,---,---,---,---,---,---,---,---,37.8015006,-122.2608418
1,24.8,23.6,00:00:12.6,00:03:45.2,2.22,00:03:38.3,2.29,18.5,4,7.7,7.5,115,---,---,---,---,---,---,---,---,---,37.8014331,-122.2608599
1,32.3,30.7,00:00:15.6,00:03:32.8,2.35,00:03:28.3,2.40,19.5,5,7.6,7.1,116,---,---,---,---,---,---,---,---,---,37.8013667,-122.2608777
1,40.8,38.6,00:00:18.8,00:03:24.9,2.44,00:03:24.1,2.45,18.5,6,8.4,7.9,117,---,---,---,---,---,---,---,---,---,37.8012928,-122.2608985
1,49.3,46.8,00:00:22.0,00:03:17.6,2.53,00:03:19.2,2.51,19.0,7,8.6,8.1,118,---,---,---,---,---,---,---,---,---,37.8012179,-122.2609197
1,57.9,55.1,00:00:25.2,00:03:13.1,2.59,00:03:13.1,2.59,19.5,8,8.6,8.3,119,---,---,---,---,---,---,---,---,---,37.8011424,-122.2609404
1,66.2,62.8,00:00:28.2,00:03:12.3,2.60,00:03:14.6,2.57,19.0,9,8.3,7.8,119,---,---,---,---,---,---,---,---,---,37.8010689,-122.2609572
1,74.8,71.2,00:00:31.4,00:03:13.8,2.58,00:03:12.3,2.60,19.5,10,8.5,8.4,120,---,---,---,---,---,---,---,---,---,37.8009929,-122.2609723
1,83.7,80.4,00:00:34.8,00:03:11.6,2.61,00:03:05.9,2.69,17.0,11,8.9,9.3,122,---,---,---,---,---,---,---,---,---,37.8009131,-122.2609843
1,94.1,90.4,00:00:38.4,00:03:03.8,2.72,00:03:00.5,2.77,17.0,12,10.3,10.0,123,---,---,---,---,---,---,---,---,---,37.8008206,-122.2609934
1,103.7,99.9,00:00:41.8,00:02:59.9,2.78,00:02:58.6,2.80,17.0,13,9.7,9.5,123,---,---,---,---,---,---,---,---,---,37.8007343,-122.2609955
1,113.2,109.4,00:00:45.2,00:02:59.9,2.78,00:02:59.2,2.79,17.0,14,9.5,9.6,124,---,---,---,---,---,---,---,---,---,37.8006488,-122.2609880
1,122.6,119.0,00:00:48.6,00:02:59.2,2.79,00:02:58.6,2.80,17.5,15,9.4,9.5,126,---,---,---,---,---,---,---,---,---,37.8005650,-122.2609730
1,132.1,128.6,00:00:52.0,00:02:59.9,2.78,00:02:57.9,2.81,18.0,16,9.4,9.6,127,---,---,---,---,---,---,---,---,---,37.8004822,-122.2609508
1,141.1,137.6,00:00:55.2,00:03:01.2,2.76,00:02:56.7,2.83,18.0,17,9.0,9.0,128,---,---,---,---,---,---,---,---,---,37.8004043,-122.2609212
1,150.7,147.8,00:00:58.8,00:03:01.8,2.75,00:02:57.3,2.82,17.5,18,9.6,10.2,129,---,---,---,---,---,---,---,---,---,37.8003234,-122.2608832
1,160.9,157.4,00:01:02.2,00:02:59.2,2.79,00:02:56.1,2.84,17.0,19,10.3,9.7,131,---,---,---,---,---,---,---,---,---,37.8002401,-122.2608341
1,171.3,167.8,00:01:05.8,00:02:55.4,2.85,00:02:54.2,2.87,16.5,20,10.4,10.3,132,---,---,---,---,---,---,---,---,---,37.8001600,-122.2607743
1,182.0,178.5,00:01:09.4,00:02:53.6,2.88,00:02:50.1,2.94,16.5,21,10.8,10.7,133,---,---,---,---,---,---,---,---,---,37.8000815,-122.2607030
1,193.0,189.3,00:01:13.0,00:02:53.0,2.89,00:02:47.2,2.99,16.5,22,10.9,10.8,133,---,---,---,---,---,---,---,---,---,37.8000092,-122.2606192
1,203.8,200.8,00:01:16.8,00:02:52.4,2.90,00:02:46.1,3.01,16.5,23,10.8,11.6,135,---,---,---,---,---,---,---,---,---,37.7999410,-122.2605308
1,215.0,211.5,00:01:20.4,00:02:49.5,2.95,00:02:47.8,2.98,17.0,24,11.2,10.6,135,---,---,---,---,---,---,---,---,---,37.7998755,-122.2604343
1,225.8,222.5,00:01:24.0,00:02:47.2,2.99,00:02:43.9,3.05,16.0,25,10.8,11.0,135,---,---,---,---,---,---,---,---,---,37.7998167,-122.2603371
1,236.6,233.3,00:01:27.6,00:02:47.2,2.99,00:02:46.7,3.00,16.5,26,10.9,10.8,135,---,---,---,---,---,---,---,---,---,37.7997580,-122.2602384
1,247.8,244.7,00:01:31.2,00:02:44.5,3.04,00:02:40.3,3.12,17.0,27,11.2,11.4,137,---,---,---,---,---,---,---,---,---,37.7996946,-122.2601404
1,258.6,256.2,00:01:34.8,00:02:41.8,3.09,00:02:38.2,3.16,17.0,28,10.8,11.5,137,---,---,---,---,---,---,---,---,---,37.7996328,-122.2600459
1,270.3,267.4,00:01:38.4,00:02:41.8,3.09,00:02:39.7,3.13,16.5,29,11.7,11.2,138,---,---,---,---,---,---,---,---,---,37.7995718,-122.2599372
1,281.4,278.6,00:01:42.0,00:02:41.8,3.09,00:02:39.2,3.14,16.0,30,11.1,11.3,139,---,---,---,---,---,---,---,---,---,37.7995220,-122.2598279
1,292.5,289.9,00:01:45.6,00:02:42.3,3.08,00:02:38.7,3.15,17.0,31,11.1,11.3,139,---,---,---,---,---,---,---,---,---,37.7994802,-122.2597137
1,303.3,301.0,00:01:49.2,00:02:43.4,3.06,00:02:40.8,3.11,16.5,32,10.7,11.1,140,---,---,---,---,---,---,---,---,---,37.7994503,-122.2595970
1,322.6,321.9,00:01:59.2,00:23:08.9,0.36,00:10:41.0,0.78,24.5,33,19.3,20.9,133,---,---,---,---,---,---,---,---,---,37.7994188,-122.2592841
1,325.7,325.2,00:02:02.6,00:14:22.1,0.58,00:09:03.5,0.92,11.5,34,3.1,3.2,131,---,---,---,---,---,---,---,---,---,37.7994391,-122.2592596
1,329.8,329.8,00:02:06.3,00:08:25.0,0.99,00:06:46.5,1.23,16.5,35,4.1,4.6,129,---,---,---,---,---,---,---,---,---,37.7994665,-122.2592278
1,334.9,334.7,00:02:09.6,00:06:33.7,1.27,00:05:42.5,1.46,17.0,36,5.1,4.9,127,---,---,---,---,---,---,---,---,---,37.7995006,-122.2591894
1,340.3,340.4,00:02:13.0,00:05:37.8,1.48,00:05:06.7,1.63,17.0,37,5.4,5.7,125,---,---,---,---,---,---,---,---,---,37.7995372,-122.2591496
1,346.2,346.4,00:02:16.4,00:05:08.6,1.62,00:04:49.0,1.73,18.0,38,5.9,6.0,123,---,---,---,---,---,---,---,---,---,37.7995788,-122.2591077
1,352.3,352.7,00:02:19.8,00:04:49.0,1.73,00:04:33.2,1.83,18.0,39,6.1,6.3,123,---,---,---,---,---,---,---,---,---,37.7996239,-122.2590676
1,358.7,359.1,00:02:23.2,00:04:37.8,1.80,00:04:27.4,1.87,18.0,40,6.4,6.4,123,---,---,---,---,---,---,---,---,---,37.7996714,-122.2590271
1,364.5,365.0,00:02:26.4,00:04:37.8,1.80,00:04:30.3,1.85,17.5,41,5.8,5.9,122,---,---,---,---,---,---,---,---,---,37.7997144,-122.2589899
1,370.3,370.7,00:02:29.6,00:04:42.5,1.77,00:04:40.9,1.78,19.0,42,5.8,5.8,122,---,---,---,---,---,---,---,---,---,37.7997568,-122.2589525
1,376.4,377.4,00:02:33.3,00:04:49.0,1.73,00:04:31.7,1.84,32.0,43,6.2,6.6,121,---,---,---,---,---,---,---,---,---,37.7998020,-122.2589122
1,383.1,383.8,00:02:36.6,00:04:42.5,1.77,00:04:26.0,1.88,12.0,44,6.7,6.4,120,---,---,---,---,---,---,---,---,---,37.7998508,-122.2588681
1,390.0,390.9,00:02:40.2,00:04:26.0,1.88,00:04:19.1,1.93,16.0,45,6.9,7.1,118,---,---,---,---,---,---,---,---,---,37.7999022,-122.2588244
1,397.1,398.3,00:02:44.0,00:04:23.2,1.90,00:04:16.4,1.95,15.5,46,7.2,7.5,117,---,---,---,---,---,---,---,---,---,37.7999545,-122.2587771
1,404.0,405.3,00:02:47.6,00:04:23.2,1.90,00:04:21.8,1.91,17.0,47,6.8,6.9,117,---,---,---,---,---,---,---,---,---,37.8000034,-122.2587297
1,410.9,412.6,00:02:51.4,00:04:21.8,1.91,00:04:15.1,1.96,16.0,48,6.9,7.3,115,---,---,---,---,---,---,---,---,---,37.8000513,-122.2586792
1,418.7,420.4,00:02:55.2,00:04:16.4,1.95,00:04:07.5,2.02,16.0,49,7.7,7.8,114,---,---,---,---,---,---,---,---,---,37.8001024,-122.2586196
1,425.6,427.6,00:02:58.8,00:04:15.1,1.96,00:04:07.5,2.02,17.0,50,6.9,7.3,113,---,---,---,---,---,---,---,---,---,37.8001462,-122.2585632
1,432.6,434.8,00:03:02.4,00:04:17.7,1.94,00:04:12.5,1.98,16.5,51,7.0,7.2,112,---,---,---,---,---,---,---,---,---,37.8001898,-122.2585067
1,439.3,441.6,00:03:05.8,00:04:17.7,1.94,00:04:08.8,2.01,17.0,52,6.8,6.8,112,---,---,---,---,---,---,---,---,---,37.8002330,-122.2584526
1,445.9,448.6,00:03:09.3,00:04:15.1,1.96,00:04:08.8,2.01,17.5,53,6.5,7.0,108,---,---,---,---,---,---,---,---,---,37.8002739,-122.2583994
1,453.1,455.7,00:03:12.6,00:04:07.5,2.02,00:03:59.2,2.09,17.0,54,7.2,7.1,109,---,---,---,---,---,---,---,---,---,37.8003170,-122.2583378
1,460.2,463.1,00:03:16.2,00:04:03.9,2.05,00:04:01.5,2.07,17.5,55,7.1,7.4,109,---,---,---,---,---,---,---,---,---,37.8003559,-122.2582738
1,467.0,470.1,00:03:19.6,00:04:06.3,2.03,00:04:03.9,2.05,17.0,56,6.8,6.9,109,---,---,---,---,---,---,---,---,---,37.8003903,-122.2582105
1,474.9,478.3,00:03:23.4,00:04:03.9,2.05,00:03:54.7,2.13,16.0,57,7.9,8.2,109,---,---,---,---,---,---,---,---,---,37.8004292,-122.2581350
1,482.3,486.5,00:03:27.3,00:04:00.4,2.08,00:03:54.7,2.13,15.5,58,7.4,8.2,111,---,---,---,---,---,---,---,---,---,37.8004661,-122.2580649
1,491.5,495.6,00:03:31.4,00:03:57.0,2.11,00:03:49.4,2.18,15.0,59,9.3,9.1,112,---,---,---,---,---,---,---,---,---,37.8005107,-122.2579763
1,500.8,505.0,00:03:35.4,00:03:46.2,2.21,00:03:36.4,2.31,14.5,60,9.3,9.4,113,---,---,---,---,---,---,---,---,---,37.8005559,-122.2578880
1,507.4,505.2,00:03:38.2,00:03:48.3,2.19,00:03:36.4,2.31,34.5,61,6.6,0.2,113,---,---,---,---,---,---,---,---,---,37.8005867,-122.2578237
1,521.3,505.2,00:03:44.2,00:03:44.2,2.23,00:00:00.0,0.00,8.5,62,13.9,0.0,116,---,---,---,---,---,---,---,---,---,37.8006510,-122.2576884
1,525.2,505.2,00:03:45.6,00:03:22.4,2.47,00:00:00.0,0.00,54.5,63,3.9,0.0,116,---,---,---,---,---,---,---,---,---,37.8006690,-122.2576503
1,539.0,505.2,00:03:51.5,00:03:18.4,2.52,00:00:00.0,0.00,12.0,64,13.8,0.0,117,---,---,---,---,---,---,---,---,---,37.8007299,-122.2575136
1,550.1,505.2,00:03:56.2,00:03:28.3,2.40,00:00:00.0,0.00,11.0,65,11.1,0.0,120,---,---,---,---,---,---,---,---,---,37.8007784,-122.2574032
1,552.4,505.2,00:03:57.4,00:03:45.2,2.22,00:00:00.0,0.00,55.5,66,2.2,0.0,119,---,---,---,---,---,---,---,---,---,37.8007882,-122.2573809
1,559.7,505.2,00:04:00.3,00:03:36.4,2.31,00:00:00.0,0.00,21.5,67,7.3,0.0,118,---,---,---,---,---,---,---,---,---,37.8008207,-122.2573086
1,565.6,505.2,00:04:02.4,00:03:24.9,2.44,00:00:00.0,0.00,31.5,68,5.9,0.0,119,---,---,---,---,---,---,---,---,---,37.8008460,-122.2572499
1,566.1,505.2,00:04:02.6,00:03:21.6,2.48,00:00:00.0,0.00,84.0,69,0.5,0.0,119,---,---,---,---,---,---,---,---,---,37.8008481,-122.2572449
1,595.2,505.2,00:04:14.5,00:03:22.4,2.47,00:00:00.0,0.00,14.5,70,29.1,0.0,115,---,---,---,---,---,---,---,---,---,37.8013037,-122.2563454
1,602.7,505.2,00:04:17.5,00:03:29.2,2.39,00:00:00.0,0.00,17.0,71,7.5,0.0,112,---,---,---,---,---,---,---,---,---,37.8013445,-122.2562773
1,613.0,505.2,00:04:21.3,00:03:18.4,2.52,00:00:00.0,0.00,17.0,72,10.3,0.0,112,---,---,---,---,---,---,---,---,---,37.8014004,-122.2561838
1,622.9,505.2,00:04:24.7,00:03:03.1,2.73,00:00:00.0,0.00,17.0,73,9.9,0.0,113,---,---,---,---,---,---,---,---,---,37.8014530,-122.2560926
1,633.7,505.2,00:04:28.3,00:02:53.0,2.89,00:00:00.0,0.00,17.0,74,10.8,0.0,117,---,---,---,---,---,---,---,---,---,37.8015167,-122.2560004
1,644.5,505.2,00:04:31.9,00:02:49.5,2.95,00:00:00.0,0.00,16.5,75,10.9,0.0,121,---,---,---,---,---,---,---,---,---,37.8015878,-122.2559168
1,655.1,505.2,00:04:35.5,00:02:47.8,2.98,00:00:00.0,0.00,16.5,76,10.6,0.0,124,---,---,---,---,---,---,---,---,---,37.8016622,-122.2558407
1,667.3,505.2,00:04:39.3,00:02:45.0,3.03,00:00:00.0,0.00,16.0,77,12.2,0.0,123,---,---,---,---,---,---,---,---,---,37.8017489,-122.2557560
1,678.4,505.2,00:04:42.9,00:02:42.9,3.07,00:00:00.0,0.00,16.5,78,11.1,0.0,125,---,---,---,---,---,---,---,---,---,37.8018288,-122.2556803
1,689.6,505.2,00:04:46.5,00:02:42.3,3.08,00:00:00.0,0.00,16.5,79,11.1,0.0,126,---,---,---,---,---,---,---,---,---,37.8019094,-122.2556056
1,701.3,505.2,00:04:50.5,00:02:42.3,3.08,00:00:00.0,0.00,16.0,80,11.7,0.0,129,---,---,---,---,---,---,---,---,---,37.8019940,-122.2555268
1,712.5,505.2,00:04:53.9,00:02:43.9,3.05,00:00:00.0,0.00,16.0,81,11.2,0.0,130,---,---,---,---,---,---,---,---,---,37.8020763,-122.2554536
1,724.0,505.2,00:04:57.7,00:02:43.9,3.05,00:00:00.0,0.00,16.5,82,11.6,0.0,132,---,---,---,---,---,---,---,---,---,37.8021619,-122.2553793
1,734.2,505.2,00:05:00.9,00:02:42.3,3.08,00:00:00.0,0.00,17.0,83,10.2,0.0,133,---,---,---,---,---,---,---,---,---,37.8022383,-122.2553145
1,745.8,505.2,00:05:04.5,00:02:38.7,3.15,00:00:00.0,0.00,17.0,84,11.6,0.0,134,---,---,---,---,---,---,---,---,---,37.8023238,-122.2552397
1,758.0,505.2,00:05:08.1,00:02:32.9,3.27,00:00:00.0,0.00,17.0,85,12.2,0.0,135,---,---,---,---,---,---,---,---,---,37.8024129,-122.2551586
1,770.5,505.2,00:05:11.6,00:02:25.3,3.44,00:00:00.0,0.00,16.5,86,12.5,0.0,136,---,---,---,---,---,---,---,---,---,37.8025040,-122.2550760
1,784.1,505.2,00:05:15.3,00:02:18.5,3.61,00:00:00.0,0.00,17.0,87,13.6,0.0,137,---,---,---,---,---,---,---,---,---,37.8026040,-122.2549880
1,796.4,505.2,00:05:18.7,00:02:17.0,3.65,00:00:00.0,0.00,17.0,88,12.4,0.0,138,---,---,---,---,---,---,---,---,---,37.8026941,-122.2549056
1,809.6,505.2,00:05:22.3,00:02:17.4,3.64,00:00:00.0,0.00,17.0,89,13.1,0.0,139,---,---,---,---,---,---,---,---,---,37.8027898,-122.2548180
1,822.3,505.2,00:05:25.7,00:02:15.5,3.69,00:00:00.0,0.00,17.0,90,12.8,0.0,140,---,---,---,---,---,---,---,---,---,37.8028847,-122.2547367
1,834.9,505.2,00:05:29.1,00:02:15.5,3.69,00:00:00.0,0.00,17.0,91,12.6,0.0,141,---,---,---,---,---,---,---,---,---,37.8029803,-122.2546608
1,847.7,505.2,00:05:32.6,00:02:15.9,3.68,00:00:00.0,0.00,17.0,92,12.7,0.0,142,---,---,---,---,---,---,---,---,---,37.8030795,-122.2545878
1,860.8,505.2,00:05:36.1,00:02:14.4,3.72,00:00:00.0,0.00,17.0,93,13.1,0.0,142,---,---,---,---,---,---,---,---,---,37.8031861,-122.2545240
1,873.6,505.2,00:05:39.5,00:02:14.8,3.71,00:00:00.0,0.00,17.5,94,12.7,0.0,143,---,---,---,---,---,---,---,---,---,37.8032940,-122.2544757
1,886.2,505.2,00:05:42.9,00:02:15.5,3.69,00:00:00.0,0.00,17.5,95,12.6,0.0,143,---,---,---,---,---,---,---,---,---,37.8034037,-122.2544385
1,899.6,505.2,00:05:46.5,00:02:14.4,3.72,00:00:00.0,0.00,17.5,96,13.4,0.0,144,---,---,---,---,---,---,---,---,---,37.8035225,-122.2544170
1,912.2,505.2,00:05:49.9,00:02:14.4,3.72,00:00:00.0,0.00,17.0,97,12.6,0.0,145,---,---,---,---,---,---,---,---,---,37.8036361,-122.2544140
1,924.6,505.2,00:05:53.5,00:02:17.0,3.65,00:00:00.0,0.00,17.5,98,12.4,0.0,145,---,---,---,---,---,---,---,---,---,37.8037473,-122.2544268
1,936.1,505.2,00:05:56.5,00:02:17.7,3.63,00:00:00.0,0.00,17.5,99,11.5,0.0,145,---,---,---,---,---,---,---,---,---,37.8038485,-122.2544515
1,949.9,505.2,00:06:00.1,00:02:14.8,3.71,00:00:00.0,0.00,17.5,100,13.8,0.0,145,---,---,---,---,---,---,---,---,---,37.8039662,-122.2544985
1,962.5,505.2,00:06:03.5,00:02:14.8,3.71,00:00:00.0,0.00,17.0,101,12.7,0.0,145,---,---,---,---,---,---,---,---,---,37.8040697,-122.2545581
1,975.0,505.2,00:06:06.9,00:02:16.2,3.67,00:00:00.0,0.00,17.0,102,12.5,0.0,145,---,---,---,---,---,---,---,---,---,37.8041652,-122.2546332
1,987.7,505.2,00:06:10.3,00:02:15.5,3.69,00:00:00.0,0.00,17.5,103,12.7,0.0,145,---,---,---,---,---,---,---,---,---,37.8042533,-122.2547241
1,1000.2,505.2,00:06:13.7,00:02:15.5,3.69,00:00:00.0,0.00,17.5,104,12.5,0.0,145,---,---,---,---,---,---,---,---,---,37.8043306,-122.2548272
1,1013.0,505.2,00:06:17.1,00:02:16.2,3.67,00:00:00.0,0.00,17.5,105,12.8,0.0,146,---,---,---,---,---,---,---,---,---,37.8044018,-122.2549420
1,1025.3,505.2,00:06:20.6,00:02:15.5,3.69,00:00:00.0,0.00,17.5,106,12.3,0.0,145,---,---,---,---,---,---,---,---,---,37.8044600,-122.2550603
1,1039.4,505.2,00:06:24.1,00:02:12.6,3.77,00:00:00.0,0.00,17.0,107,14.1,0.0,145,---,---,---,---,---,---,---,---,---,37.8045131,-122.2552059
1,1052.2,505.2,00:06:27.5,00:02:11.9,3.79,00:00:00.0,0.00,17.5,108,12.8,0.0,146,---,---,---,---,---,---,---,---,---,37.8045491,-122.2553441
1,1064.7,505.2,00:06:30.9,00:02:14.0,3.73,00:00:00.0,0.00,17.5,109,12.4,0.0,146,---,---,---,---,---,---,---,---,---,37.8045716,-122.2554832
1,1077.2,505.2,00:06:34.3,00:02:14.8,3.71,00:00:00.0,0.00,17.5,110,12.5,0.0,146,---,---,---,---,---,---,---,---,---,37.8045807,-122.2556252
1,1089.8,505.2,00:06:37.7,00:02:15.1,3.70,00:00:00.0,0.00,18.0,111,12.6,0.0,145,---,---,---,---,---,---,---,---,---,37.8045769,-122.2557685
1,1102.0,505.2,00:06:40.9,00:02:15.1,3.70,00:00:00.0,0.00,18.0,112,12.2,0.0,145,---,---,---,---,---,---,---,---,---,37.8045649,-122.2559059
1,1115.1,505.2,00:06:44.5,00:02:14.0,3.73,00:00:00.0,0.00,17.5,113,13.1,0.0,146,---,---,---,---,---,---,---,---,---,37.8045459,-122.2560528
1,1127.8,505.2,00:06:47.7,00:02:10.9,3.82,00:00:00.0,0.00,18.0,114,12.7,0.0,146,---,---,---,---,---,---,---,---,---,37.8045211,-122.2561939
1,1141.3,505.2,00:06:51.1,00:02:08.9,3.88,00:00:00.0,0.00,18.0,115,13.5,0.0,146,---,---,---,---,---,---,---,---,---,37.8044916,-122.2563428
1,1153.5,505.2,00:06:54.3,00:02:10.5,3.83,00:00:00.0,0.00,17.5,116,12.2,0.0,146,---,---,---,---,---,---,---,---,---,37.8044621,-122.2564766
1,1166.2,505.2,00:06:57.7,00:02:13.0,3.76,00:00:00.0,0.00,18.0,117,12.7,0.0,146,---,---,---,---,---,---,---,---,---,37.8044277,-122.2566144
1,1178.3,505.2,00:07:00.9,00:02:14.0,3.73,00:00:00.0,0.00,18.0,118,12.0,0.0,146,---,---,---,---,---,---,---,---,---,37.8043910,-122.2567434
1,1190.7,505.2,00:07:04.3,00:02:15.1,3.70,00:00:00.0,0.00,18.0,119,12.5,0.0,146,---,---,---,---,---,---,---,---,---,37.8043484,-122.2568743
1,1203.0,505.2,00:07:07.7,00:02:16.2,3.67,00:00:00.0,0.00,18.5,120,12.3,0.0,146,---,---,---,---,---,---,---,---,---,37.8043012,-122.2570008
1,1214.2,505.2,00:07:10.9,00:02:20.1,3.57,00:00:00.0,0.00,17.5,121,11.2,0.0,146,---,---,---,---,---,---,---,---,---,37.8042549,-122.2571139
1,1226.1,505.2,00:07:14.5,00:02:24.1,3.47,00:00:00.0,0.00,17.5,122,11.8,0.0,145,---,---,---,---,---,---,---,---,---,37.8042073,-122.2572340
1,1237.2,505.2,00:07:17.6,00:02:23.3,3.49,00:00:00.0,0.00,18.0,123,11.1,0.0,145,---,---,---,---,---,---,---,---,---,37.8041697,-122.2573509
1,1249.9,505.2,00:07:21.1,00:02:20.1,3.57,00:00:00.0,0.00,17.5,124,12.8,0.0,145,---,---,---,---,---,---,---,---,---,37.8041382,-122.2574904
1,1261.5,505.2,00:07:24.3,00:02:18.5,3.61,00:00:00.0,0.00,18.0,125,11.6,0.0,145,---,---,---,---,---,---,---,---,---,37.8041200,-122.2576203
1,1273.8,505.2,00:07:27.7,00:02:18.9,3.60,00:00:00.0,0.00,17.5,126,12.3,0.0,144,---,---,---,---,---,---,---,---,---,37.8041104,-122.2577594
1,1286.0,505.2,00:07:31.1,00:02:18.9,3.60,00:00:00.0,0.00,18.0,127,12.2,0.0,144,---,---,---,---,---,---,---,---,---,37.8041081,-122.2578980
1,1297.7,505.2,00:07:34.3,00:02:18.5,3.61,00:00:00.0,0.00,18.0,128,11.7,0.0,144,---,---,---,---,---,---,---,---,---,37.8041141,-122.2580304
1,1309.7,505.2,00:07:37.7,00:02:19.3,3.59,00:00:00.0,0.00,18.5,129,12.0,0.0,144,---,---,---,---,---,---,---,---,---,37.8041297,-122.2581655
1,1322.2,505.2,00:07:41.1,00:02:18.9,3.60,00:00:00.0,0.00,17.0,130,12.5,0.0,144,---,---,---,---,---,---,---,---,---,37.8041534,-122.2583046
1,1334.8,505.2,00:07:44.6,00:02:14.4,3.72,00:00:00.0,0.00,17.0,131,12.6,0.0,145,---,---,---,---,---,---,---,---,---,37.8041849,-122.2584427
1,1349.1,505.2,00:07:48.1,00:02:10.2,3.84,00:00:00.0,0.00,17.0,132,14.3,0.0,145,---,---,---,---,---,---,---,---,---,37.8042268,-122.2585962
1,1362.9,505.2,00:07:51.7,00:02:09.2,3.87,00:00:00.0,0.00,17.0,133,13.8,0.0,146,---,---,---,---,---,---,---,---,---,37.8042762,-122.2587402
1,1375.8,505.2,00:07:55.1,00:02:11.6,3.80,00:00:00.0,0.00,17.5,134,12.9,0.0,147,---,---,---,---,---,---,---,---,---,37.8043333,-122.2588675
1,1388.7,505.2,00:07:58.5,00:02:13.3,3.75,00:00:00.0,0.00,17.0,135,12.9,0.0,148,---,---,---,---,---,---,---,---,---,37.8044000,-122.2589872
1,1401.5,505.2,00:08:01.9,00:02:14.8,3.71,00:00:00.0,0.00,17.0,136,12.8,0.0,148,---,---,---,---,---,---,---,---,---,37.8044705,-122.2591017
1,1414.4,505.2,00:08:05.6,00:02:15.5,3.69,00:00:00.0,0.00,17.0,137,12.9,0.0,149,---,---,---,---,---,---,---,---,---,37.8045421,-122.2592176
1,1428.2,505.2,00:08:08.9,00:02:11.9,3.79,00:00:00.0,0.00,17.5,138,13.8,0.0,148,---,---,---,---,---,---,---,---,---,37.8046175,-122.2593418
1,1441.2,505.2,00:08:12.3,00:02:08.5,3.89,00:00:00.0,0.00,17.0,139,13.0,0.0,149,---,---,---,---,---,---,---,---,---,37.8046868,-122.2594611
1,1453.5,505.2,00:08:15.5,00:02:10.5,3.83,00:00:00.0,0.00,18.0,140,12.3,0.0,149,---,---,---,---,---,---,---,---,---,37.8047522,-122.2595745
1,1466.5,505.2,00:08:18.9,00:02:11.9,3.79,00:00:00.0,0.00,18.0,141,12.9,0.0,148,---,---,---,---,---,---,---,---,---,37.8048258,-122.2596879
1,1479.5,505.2,00:08:22.3,00:02:10.5,3.83,00:00:00.0,0.00,17.5,142,13.0,0.0,150,---,---,---,---,---,---,---,---,---,37.8049042,-122.2597978
1,1492.4,505.2,00:08:25.5,00:02:08.5,3.89,00:00:00.0,0.00,18.0,143,12.9,0.0,149,---,---,---,---,---,---,---,---,---,37.8049835,-122.2599043
1,1505.7,505.2,00:08:28.9,00:02:06.9,3.94,00:00:00.0,0.00,18.0,144,13.3,0.0,150,---,---,---,---,---,---,---,---,---,37.8050671,-122.2600133
1,1519.0,505.2,00:08:32.5,00:02:08.2,3.90,00:00:00.0,0.00,18.0,145,13.3,0.0,151,---,---,---,---,---,---,---,---,---,37.8051517,-122.2601196
1,1531.8,505.2,00:08:35.7,00:02:08.2,3.90,00:00:00.0,0.00,17.0,146,12.8,0.0,151,---,---,---,---,---,---,---,---,---,37.8052315,-122.2602247
1,1545.9,505.2,00:08:39.1,00:02:05.0,4.00,00:00:00.0,0.00,17.5,147,14.1,0.0,152,---,---,---,---,---,---,---,---,---,37.8053186,-122.2603414
1,1558.8,505.2,00:08:42.3,00:02:03.8,4.04,00:00:00.0,0.00,18.0,148,12.9,0.0,153,---,---,---,---,---,---,---,---,---,37.8053993,-122.2604461
1,1572.4,505.2,00:08:45.7,00:02:04.4,4.02,00:00:00.0,0.00,18.0,149,13.7,0.0,152,---,---,---,---,---,---,---,---,---,37.8054864,-122.2605555
1,1585.4,505.2,00:08:48.9,00:02:04.7,4.01,00:00:00.0,0.00,18.0,150,13.0,0.0,153,---,---,---,---,---,---,---,---,---,37.8055694,-122.2606586
1,1599.4,505.2,00:08:52.5,00:02:05.3,3.99,00:00:00.0,0.00,17.5,151,14.0,0.0,154,---,---,---,---,---,---,---,---,---,37.8056637,-122.2607636
1,1612.8,505.2,00:08:55.9,00:02:06.3,3.96,00:00:00.0,0.00,17.0,152,13.5,0.0,154,---,---,---,---,---,---,---,---,---,37.8057569,-122.2608607
1,1626.6,505.2,00:08:59.6,00:02:07.2,3.93,00:00:00.0,0.00,17.0,153,13.7,0.0,154,---,---,---,---,---,---,---,---,---,37.8058537,-122.2609576
1,1639.7,505.2,00:09:02.7,00:02:06.6,3.95,00:00:00.0,0.00,17.5,154,13.1,0.0,154,---,---,---,---,---,---,---,---,---,37.8059479,-122.2610476
1,1654.0,505.2,00:09:06.1,00:02:03.8,4.04,00:00:00.0,0.00,17.5,155,14.3,0.0,154,---,---,---,---,---,---,---,---,---,37.8060533,-122.2611415
1,1668.0,505.2,00:09:09.5,00:02:03.2,4.06,00:00:00.0,0.00,17.5,156,13.9,0.0,155,---,---,---,---,---,---,---,---,---,37.8061569,-122.2612303
1,1681.7,505.2,00:09:12.9,00:02:04.1,4.03,00:00:00.0,0.00,17.5,157,13.7,0.0,155,---,---,---,---,---,---,---,---,---,37.8062605,-122.2613149
1,1695.2,505.2,00:09:16.3,00:02:04.4,4.02,00:00:00.0,0.00,18.0,158,13.5,0.0,155,---,---,---,---,---,---,---,---,---,37.8063673,-122.2613887
1,1708.8,505.2,00:09:19.7,00:02:05.0,4.00,00:00:00.0,0.00,17.0,159,13.5,0.0,155,---,---,---,---,---,---,---,---,---,37.8064782,-122.2614511
1,1722.4,505.2,00:09:23.1,00:02:06.3,3.96,00:00:00.0,0.00,18.0,160,13.6,0.0,154,---,---,---,---,---,---,---,---,---,37.8065946,-122.2614987
1,1735.2,505.2,00:09:26.6,00:02:07.9,3.91,00:00:00.0,0.00,17.5,161,12.9,0.0,155,---,---,---,---,---,---,---,---,---,37.8067071,-122.2615318
1,1748.8,505.2,00:09:29.8,00:02:06.9,3.94,00:00:00.0,0.00,17.5,162,13.5,0.0,155,---,---,---,---,---,---,---,---,---,37.8068266,-122.2615594
1,1762.2,505.2,00:09:33.1,00:02:05.6,3.98,00:00:00.0,0.00,17.5,163,13.4,0.0,155,---,---,---,---,---,---,---,---,---,37.8069461,-122.2615824
1,1775.5,505.2,00:09:36.5,00:02:06.9,3.94,00:00:00.0,0.00,17.5,164,13.3,0.0,155,---,---,---,---,---,---,---,---,---,37.8070645,-122.2616023
1,1788.7,505.2,00:09:39.9,00:02:07.9,3.91,00:00:00.0,0.00,18.5,165,13.2,0.0,154,---,---,---,---,---,---,---,---,---,37.8071820,-122.2616219
1,1801.9,505.2,00:09:43.3,00:02:07.9,3.91,00:00:00.0,0.00,17.5,166,13.1,0.0,154,---,---,---,---,---,---,---,---,---,37.8072993,-122.2616406
1,1815.8,505.2,00:09:46.9,00:02:07.9,3.91,00:00:00.0,0.00,17.0,167,14.0,0.0,154,---,---,---,---,---,---,---,---,---,37.8074241,-122.2616575
1,1828.0,505.2,00:09:50.6,00:02:13.3,3.75,00:00:00.0,0.00,16.5,168,12.2,0.0,154,---,---,---,---,---,---,---,---,---,37.8075328,-122.2616706
1,1840.3,505.2,00:09:53.9,00:02:22.9,3.50,00:00:00.0,0.00,16.5,169,12.3,0.0,153,---,---,---,---,---,---,---,---,---,37.8076434,-122.2616812
1,1852.1,505.2,00:09:57.5,00:02:29.7,3.34,00:00:00.0,0.00,16.5,170,11.8,0.0,152,---,---,---,---,---,---,---,---,---,37.8077486,-122.2616918
1,1876.4,505.2,00:10:11.6,00:18:07.0,0.46,00:00:00.0,0.00,10.0,171,24.3,0.0,132,---,---,---,---,---,---,---,---,---,37.8080626,-122.2617794
1,1883.5,505.2,00:10:16.2,00:08:25.0,0.99,00:00:00.0,0.00,13.5,172,7.1,0.0,129,---,---,---,---,---,---,---,---,---,37.8080573,-122.2618602
1,1892.4,505.2,00:10:20.2,00:04:40.9,1.78,00:00:00.0,0.00,15.0,173,8.9,0.0,127,---,---,---,---,---,---,---,---,---,37.8080527,-122.2619616
1,1901.9,505.2,00:10:24.0,00:03:36.4,2.31,00:00:00.0,0.00,16.0,174,9.5,0.0,125,---,---,---,---,---,---,---,---,---,37.8080456,-122.2620690
1,1911.5,505.2,00:10:27.7,00:03:20.8,2.49,00:00:00.0,0.00,16.0,175,9.6,0.0,123,---,---,---,---,---,---,---,---,---,37.8080334,-122.2621770
1,1921.7,505.2,00:10:31.4,00:03:12.3,2.60,00:00:00.0,0.00,16.0,176,10.1,0.0,122,---,---,---,---,---,---,---,---,---,37.8080099,-122.2622884
1,1938.8,505.2,00:10:41.8,00:05:10.6,1.61,00:00:00.0,0.00,23.0,177,17.2,0.0,114,---,---,---,---,---,---,---,---,---,37.8079120,-122.2625193
1,1941.5,505.2,00:10:43.2,00:06:43.2,1.24,00:00:00.0,0.00,33.0,178,2.7,0.0,114,---,---,---,---,---,---,---,---,---,37.8078890,-122.2625110
1,1950.7,505.2,00:10:46.8,00:03:52.6,2.15,00:00:00.0,0.00,16.0,179,9.2,0.0,116,---,---,---,---,---,---,---,---,---,37.8078093,-122.2624846
1,1961.3,505.2,00:10:50.4,00:03:09.4,2.64,00:00:00.0,0.00,17.5,180,10.6,0.0,119,---,---,---,---,---,---,---,---,---,37.8077168,-122.2624541
1,1971.8,505.2,00:10:53.6,00:02:43.9,3.05,00:00:00.0,0.00,18.0,181,10.5,0.0,120,---,---,---,---,---,---,---,---,---,37.8076251,-122.2624265
1,1982.6,505.2,00:10:56.8,00:02:33.4,3.26,00:00:00.0,0.00,18.5,182,10.8,0.0,121,---,---,---,---,---,---,---,---,---,37.8075305,-122.2623990
1,1993.7,505.2,00:10:60.0,00:02:27.9,3.38,00:00:00.0,0.00,19.5,183,11.1,0.0,122,---,---,---,---,---,---,---,---,---,37.8074327,-122.2623746
1,2004.6,505.2,00:11:03.0,00:02:22.9,3.50,00:00:00.0,0.00,19.5,184,10.8,0.0,125,---,---,---,---,---,---,---,---,---,37.8073368,-122.2623525
1,2015.5,505.2,00:11:06.0,00:02:19.7,3.58,00:00:00.0,0.00,19.5,185,11.0,0.0,128,---,---,---,---,---,---,---,---,---,37.8072400,-122.2623295
1,2027.0,505.2,00:11:09.2,00:02:18.9,3.60,00:00:00.0,0.00,19.5,186,11.5,0.0,129,---,---,---,---,---,---,---,---,---,37.8071408,-122.2622937
1,2037.9,505.2,00:11:12.2,00:02:18.1,3.62,00:00:00.0,0.00,20.0,187,10.9,0.0,131,---,---,---,---,---,---,---,---,---,37.8070482,-122.2622521
1,2049.5,505.2,00:11:15.4,00:02:17.4,3.64,00:00:00.0,0.00,19.0,188,11.5,0.0,131,---,---,---,---,---,---,---,---,---,37.8069527,-122.2622019
1,2060.9,505.2,00:11:18.6,00:02:17.7,3.63,00:00:00.0,0.00,18.0,189,11.4,0.0,132,---,---,---,---,---,---,---,---,---,37.8068594,-122.2621481
1,2072.5,505.2,00:11:22.0,00:02:20.8,3.55,00:00:00.0,0.00,18.0,190,11.7,0.0,133,---,---,---,---,---,---,---,---,---,37.8067638,-122.2620941
1,2084.6,505.2,00:11:25.6,00:02:22.4,3.51,00:00:00.0,0.00,17.5,191,12.1,0.0,133,---,---,---,---,---,---,---,---,---,37.8066636,-122.2620408
1,2095.5,505.2,00:11:28.6,00:02:22.9,3.50,00:00:00.0,0.00,18.0,192,10.9,0.0,133,---,---,---,---,---,---,---,---,---,37.8065728,-122.2619949
1,2108.0,505.2,00:11:32.0,00:02:22.4,3.51,00:00:00.0,0.00,17.5,193,12.5,0.0,134,---,---,---,---,---,---,---,---,---,37.8064672,-122.2619478
1,2119.5,505.2,00:11:35.4,00:02:24.5,3.46,00:00:00.0,0.00,17.5,194,11.5,0.0,134,---,---,---,---,---,---,---,---,---,37.8063695,-122.2619043
1,2131.2,505.2,00:11:38.8,00:02:26.6,3.41,00:00:00.0,0.00,17.5,195,11.8,0.0,134,---,---,---,---,---,---,---,---,---,37.8062726,-122.2618515
1,2143.0,505.2,00:11:42.2,00:02:25.8,3.43,00:00:00.0,0.00,17.5,196,11.7,0.0,134,---,---,---,---,---,---,---,---,---,37.8061797,-122.2617883
1,2154.7,505.2,00:11:45.6,00:02:24.9,3.45,00:00:00.0,0.00,17.5,197,11.8,0.0,134,---,---,---,---,---,---,---,---,---,37.8060887,-122.2617206
1,2166.3,505.2,00:11:49.0,00:02:25.3,3.44,00:00:00.0,0.00,17.5,198,11.6,0.0,134,---,---,---,---,---,---,---,---,---,37.8060004,-122.2616503
1,2177.5,505.2,00:11:52.2,00:02:27.1,3.40,00:00:00.0,0.00,17.5,199,11.1,0.0,134,---,---,---,---,---,---,---,---,---,37.8059174,-122.2615802
1,2188.6,505.2,00:11:55.6,00:02:25.8,3.43,00:00:00.0,0.00,19.0,200,11.2,0.0,135,---,---,---,---,---,---,---,---,---,37.8058351,-122.2615077
1,2199.5,505.2,00:11:58.6,00:02:22.0,3.52,00:00:00.0,0.00,19.0,201,10.9,0.0,135,---,---,---,---,---,---,---,---,---,37.8057559,-122.2614344
1,2211.0,505.2,00:12:01.7,00:02:18.5,3.61,00:00:00.0,0.00,19.0,202,11.4,0.0,135,---,---,---,---,---,---,---,---,---,37.8056733,-122.2613572
1,2223.2,505.2,00:12:05.0,00:02:15.5,3.69,00:00:00.0,0.00,19.0,203,12.3,0.0,136,---,---,---,---,---,---,---,---,---,37.8055851,-122.2612734
1,2234.1,505.2,00:12:08.0,00:02:15.9,3.68,00:00:00.0,0.00,19.5,204,10.9,0.0,137,---,---,---,---,---,---,---,---,---,37.8055078,-122.2611974
1,2245.8,505.2,00:12:11.2,00:02:16.2,3.67,00:00:00.0,0.00,19.5,205,11.7,0.0,136,---,---,---,---,---,---,---,---,---,37.8054268,-122.2611127
1,2256.8,505.2,00:12:14.2,00:02:14.8,3.71,00:00:00.0,0.00,19.5,206,11.0,0.0,138,---,---,---,---,---,---,---,---,---,37.8053485,-122.2610363
1,2269.0,505.2,00:12:17.4,00:02:13.0,3.76,00:00:00.0,0.00,19.5,207,12.2,0.0,139,---,---,---,---,---,---,---,---,---,37.8052587,-122.2609568
1,2280.2,505.2,00:12:20.4,00:02:13.3,3.75,00:00:00.0,0.00,19.5,208,11.2,0.0,138,---,---,---,---,---,---,---,---,---,37.8051730,-122.2608901
1,2292.0,505.2,00:12:23.6,00:02:15.5,3.69,00:00:00.0,0.00,19.0,209,11.7,0.0,139,---,---,---,---,---,---,---,---,---,37.8050821,-122.2608230
1,2303.1,505.2,00:12:26.6,00:02:16.2,3.67,00:00:00.0,0.00,19.5,210,11.2,0.0,139,---,---,---,---,---,---,---,---,---,37.8049978,-122.2607540
1,2314.8,505.2,00:12:29.8,00:02:16.6,3.66,00:00:00.0,0.00,19.0,211,11.7,0.0,140,---,---,---,---,---,---,---,---,---,37.8049134,-122.2606751
1,2326.0,505.2,00:12:32.8,00:02:16.6,3.66,00:00:00.0,0.00,19.0,212,11.2,0.0,140,---,---,---,---,---,---,---,---,---,37.8048344,-122.2605966
1,2337.7,505.2,00:12:36.0,00:02:17.0,3.65,00:00:00.0,0.00,19.0,213,11.8,0.0,140,---,---,---,---,---,---,---,---,---,37.8047496,-122.2605171
1,2349.4,505.2,00:12:39.2,00:02:16.2,3.67,00:00:00.0,0.00,19.0,214,11.7,0.0,141,---,---,---,---,---,---,---,---,---,37.8046627,-122.2604423
1,2360.6,505.2,00:12:42.2,00:02:15.9,3.68,00:00:00.0,0.00,19.5,215,11.2,0.0,141,---,---,---,---,---,---,---,---,---,37.8045759,-122.2603791
1,2372.4,505.2,00:12:45.4,00:02:15.5,3.69,00:00:00.0,0.00,19.0,216,11.8,0.0,142,---,---,---,---,---,---,---,---,---,37.8044823,-122.2603163
1,2384.2,505.2,00:12:48.6,00:02:15.1,3.70,00:00:00.0,0.00,19.5,217,11.8,0.0,143,---,---,---,---,---,---,---,---,---,37.8043876,-122.2602563
1,2395.6,505.2,00:12:51.6,00:02:14.4,3.72,00:00:00.0,0.00,19.0,218,11.4,0.0,142,---,---,---,---,---,---,---,---,---,37.8042937,-122.2602047
1,2407.0,505.2,00:12:54.6,00:02:12.6,3.77,00:00:00.0,0.00,20.0,219,11.5,0.0,143,---,---,---,---,---,---,---,---,---,37.8041975,-122.2601581
1,2419.2,505.2,00:12:57.8,00:02:11.6,3.80,00:00:00.0,0.00,19.0,220,12.2,0.0,143,---,---,---,---,---,---,---,---,---,37.8040940,-122.2601122
1,2431.5,505.2,00:13:01.0,00:02:09.9,3.85,00:00:00.0,0.00,19.0,221,12.3,0.0,144,---,---,---,---,---,---,---,---,---,37.8039884,-122.2600709
1,2443.2,505.2,00:13:04.0,00:02:09.5,3.86,00:00:00.0,0.00,19.5,222,11.7,0.0,144,---,---,---,---,---,---,---,---,---,37.8038862,-122.2600402
1,2455.0,505.2,00:13:07.0,00:02:10.2,3.84,00:00:00.0,0.00,20.0,223,11.8,0.0,144,---,---,---,---,---,---,---,---,---,37.8037822,-122.2600166
1,2466.8,505.2,00:13:10.0,00:02:09.9,3.85,00:00:00.0,0.00,19.5,224,11.8,0.0,145,---,---,---,---,---,---,---,---,---,37.8036767,-122.2600018
1,2479.2,505.2,00:13:13.2,00:02:09.9,3.85,00:00:00.0,0.00,19.5,225,12.4,0.0,145,---,---,---,---,---,---,---,---,---,37.8035658,-122.2599966
1,2490.9,505.2,00:13:16.2,00:02:10.9,3.82,00:00:00.0,0.00,19.5,226,11.8,0.0,146,---,---,---,---,---,---,---,---,---,37.8034602,-122.2599995
1,2502.7,505.2,00:13:19.2,00:02:10.5,3.83,00:00:00.0,0.00,20.0,227,11.7,0.0,146,---,---,---,---,---,---,---,---,---,37.8033553,-122.2600117
1,2514.3,505.2,00:13:22.2,00:02:10.2,3.84,00:00:00.0,0.00,19.5,228,11.7,0.0,146,---,---,---,---,---,---,---,---,---,37.8032512,-122.2600283
1,2526.8,505.2,00:13:25.6,00:02:10.2,3.84,00:00:00.0,0.00,19.5,229,12.4,0.0,146,---,---,---,---,---,---,---,---,---,37.8031405,-122.2600447
1,2538.2,505.2,00:13:28.6,00:02:10.9,3.82,00:00:00.0,0.00,20.0,230,11.5,0.0,146,---,---,---,---,---,---,---,---,---,37.8030385,-122.2600617
1,2549.7,505.2,00:13:31.6,00:02:11.9,3.79,00:00:00.0,0.00,19.5,231,11.4,0.0,146,---,---,---,---,---,---,---,---,---,37.8029376,-122.2600880
1,2561.1,505.2,00:13:34.6,00:02:11.9,3.79,00:00:00.0,0.00,19.5,232,11.4,0.0,146,---,---,---,---,---,---,---,---,---,37.8028381,-122.2601198
1,2572.5,505.2,00:13:37.6,00:02:11.6,3.80,00:00:00.0,0.00,19.5,233,11.4,0.0,146,---,---,---,---,---,---,---,---,---,37.8027385,-122.2601516
1,2584.7,505.2,00:13:40.7,00:02:10.2,3.84,00:00:00.0,0.00,19.0,234,12.2,0.0,146,---,---,---,---,---,---,---,---,---,37.8026330,-122.2601877
1,2596.8,505.2,00:13:43.8,00:02:09.2,3.87,00:00:00.0,0.00,19.0,235,12.1,0.0,146,---,---,---,---,---,---,---,---,---,37.8025277,-122.2602206
1,2609.1,505.2,00:13:47.0,00:02:08.5,3.89,00:00:00.0,0.00,19.0,236,12.3,0.0,146,---,---,---,---,---,---,---,---,---,37.8024197,-122.2602508
1,2620.7,505.2,00:13:50.0,00:02:08.2,3.90,00:00:00.0,0.00,20.0,237,11.6,0.0,146,---,---,---,---,---,---,---,---,---,37.8023177,-122.2602773
1,2633.2,505.2,00:13:53.2,00:02:08.2,3.90,00:00:00.0,0.00,19.0,238,12.5,0.0,146,---,---,---,---,---,---,---,---,---,37.8022078,-122.2603090
1,2645.2,505.2,00:13:56.2,00:02:07.6,3.92,00:00:00.0,0.00,19.5,239,12.0,0.0,146,---,---,---,---,---,---,---,---,---,37.8021036,-122.2603422
1,2657.8,505.2,00:13:59.4,00:02:06.9,3.94,00:00:00.0,0.00,19.5,240,12.6,0.0,146,---,---,---,---,---,---,---,---,---,37.8019946,-122.2603791
1,2669.6,505.2,00:14:02.4,00:02:06.9,3.94,00:00:00.0,0.00,19.0,241,11.8,0.0,146,---,---,---,---,---,---,---,---,---,37.8018932,-122.2604209
1,2682.2,505.2,00:14:05.6,00:02:07.9,3.91,00:00:00.0,0.00,19.5,242,12.6,0.0,146,---,---,---,---,---,---,---,---,---,37.8017863,-122.2604675
1,2694.1,505.2,00:14:08.6,00:02:08.2,3.90,00:00:00.0,0.00,19.0,243,11.9,0.0,146,---,---,---,---,---,---,---,---,---,37.8016869,-122.2605171
1,2706.4,505.2,00:14:11.8,00:02:08.5,3.89,00:00:00.0,0.00,19.5,244,12.3,0.0,146,---,---,---,---,---,---,---,---,---,37.8015837,-122.2605675
1,2718.0,505.2,00:14:14.8,00:02:09.5,3.86,00:00:00.0,0.00,19.5,245,11.6,0.0,145,---,---,---,---,---,---,---,---,---,37.8014860,-122.2606130
1,2730.4,505.2,00:14:18.0,00:02:09.2,3.87,00:00:00.0,0.00,19.0,246,12.4,0.0,145,---,---,---,---,---,---,---,---,---,37.8013816,-122.2606611
1,2742.3,505.2,00:14:21.2,00:02:10.5,3.83,00:00:00.0,0.00,19.5,247,12.0,0.0,145,---,---,---,---,---,---,---,---,---,37.8012802,-122.2607062
1,2753.7,505.2,00:14:24.2,00:02:13.0,3.76,00:00:00.0,0.00,19.5,248,11.3,0.0,145,---,---,---,---,---,---,---,---,---,37.8011824,-122.2607416
1,2765.7,505.2,00:14:27.4,00:02:14.0,3.73,00:00:00.0,0.00,18.5,249,12.1,0.0,146,---,---,---,---,---,---,---,---,---,37.8010760,-122.2607673
1,2776.9,505.2,00:14:30.4,00:02:15.5,3.69,00:00:00.0,0.00,19.5,250,11.2,0.0,145,---,---,---,---,---,---,---,---,---,37.8009762,-122.2607783
1,2788.7,505.2,00:14:33.6,00:02:17.4,3.64,00:00:00.0,0.00,19.0,251,11.9,0.0,145,---,---,---,---,---,---,---,---,---,37.8008697,-122.2607771
1,2800.4,505.2,00:14:36.8,00:02:18.5,3.61,00:00:00.0,0.00,19.0,252,11.7,0.0,144,---,---,---,---,---,---,---,---,---,37.8007656,-122.2607614
1,2811.3,505.2,00:14:39.8,00:02:19.3,3.59,00:00:00.0,0.00,19.5,253,10.9,0.0,144,---,---,---,---,---,---,---,---,---,37.8006697,-122.2607342
1,2822.8,505.2,00:14:43.0,00:02:20.1,3.57,00:00:00.0,0.00,19.0,254,11.5,0.0,144,---,---,---,---,---,---,---,---,---,37.8005719,-122.2606939
1,2834.5,505.2,00:14:46.2,00:02:20.1,3.57,00:00:00.0,0.00,19.0,255,11.7,0.0,144,---,---,---,---,---,---,---,---,---,37.8004770,-122.2606365
1,2845.4,505.2,00:14:49.2,00:02:19.3,3.59,00:00:00.0,0.00,19.5,256,10.9,0.0,144,---,---,---,---,---,---,---,---,---,37.8003936,-122.2605705
1,2856.6,505.2,00:14:52.2,00:02:17.7,3.63,00:00:00.0,0.00,20.0,257,11.1,0.0,143,---,---,---,---,---,---,---,---,---,37.8003145,-122.2604932
1,2868.1,505.2,00:14:55.2,00:02:15.5,3.69,00:00:00.0,0.00,19.5,258,11.5,0.0,143,---,---,---,---,---,---,---,---,---,37.8002376,-122.2604059
1,2879.9,505.2,00:14:58.6,00:02:14.8,3.71,00:00:00.0,0.00,19.5,259,11.8,0.0,143,---,---,---,---,---,---,---,---,---,37.8001651,-122.2603077
1,2891.4,505.2,00:15:01.6,00:02:14.8,3.71,00:00:00.0,0.00,19.5,260,11.6,0.0,143,---,---,---,---,---,---,---,---,---,37.8001027,-122.2602029
1,2902.8,505.2,00:15:04.6,00:02:15.1,3.70,00:00:00.0,0.00,19.0,261,11.4,0.0,143,---,---,---,---,---,---,---,---,---,37.8000491,-122.2600932
1,2913.9,505.2,00:15:07.6,00:02:15.1,3.70,00:00:00.0,0.00,19.5,262,11.2,0.0,143,---,---,---,---,---,---,---,---,---,37.8000051,-122.2599792
1,2925.5,505.2,00:15:10.7,00:02:14.4,3.72,00:00:00.0,0.00,19.5,263,11.6,0.0,143,---,---,---,---,---,---,---,---,---,37.7999700,-122.2598550
1,2937.1,505.2,00:15:13.8,00:02:14.4,3.72,00:00:00.0,0.00,19.0,264,11.5,0.0,143,---,---,---,---,---,---,---,---,---,37.7999464,-122.2597274
1,2948.7,505.2,00:15:17.0,00:02:14.8,3.71,00:00:00.0,0.00,19.5,265,11.6,0.0,143,---,---,---,---,---,---,---,---,---,37.7999276,-122.2595976
1,2959.8,505.2,00:15:20.0,00:02:14.4,3.72,00:00:00.0,0.00,19.5,266,11.2,0.0,144,---,---,---,---,---,---,---,---,---,37.7999084,-122.2594730
1,2971.7,505.2,00:15:23.2,00:02:13.3,3.75,00:00:00.0,0.00,19.0,267,11.9,0.0,144,---,---,---,---,---,---,---,---,---,37.7998888,-122.2593401
1,2982.7,505.2,00:15:26.2,00:02:14.0,3.73,00:00:00.0,0.00,19.5,268,10.9,0.0,144,---,---,---,---,---,---,---,---,---,37.7998757,-122.2592167
1,2993.6,505.2,00:15:29.2,00:02:16.2,3.67,00:00:00.0,0.00,20.0,269,10.9,0.0,144,---,---,---,---,---,---,---,---,---,37.7998742,-122.2590928
1,3005.0,505.2,00:15:32.4,00:02:17.0,3.65,00:00:00.0,0.00,19.5,270,11.5,0.0,144,---,---,---,---,---,---,---,---,---,37.7998854,-122.2589635
1,3016.1,505.2,00:15:35.4,00:02:17.7,3.63,00:00:00.0,0.00,20.0,271,11.0,0.0,144,---,---,---,---,---,---,---,---,---,37.7999105,-122.2588419
1,3027.1,505.2,00:15:38.4,00:02:18.9,3.60,00:00:00.0,0.00,19.5,272,11.0,0.0,144,---,---,---,---,---,---,---,---,---,37.7999498,-122.2587272
1,3038.1,505.2,00:15:41.6,00:02:21.6,3.53,00:00:00.0,0.00,19.5,273,11.1,0.0,145,---,---,---,---,---,---,---,---,---,37.7999997,-122.2586185
1,3048.7,505.2,00:15:44.6,00:02:22.9,3.50,00:00:00.0,0.00,19.5,274,10.5,0.0,145,---,---,---,---,---,---,---,---,---,37.8000558,-122.2585220
1,3060.2,505.2,00:15:47.8,00:02:20.8,3.55,00:00:00.0,0.00,18.5,275,11.6,0.0,145,---,---,---,---,---,---,---,---,---,37.8001229,-122.2584221
1,3071.8,505.2,00:15:51.0,00:02:18.5,3.61,00:00:00.0,0.00,19.5,276,11.6,0.0,145,---,---,---,---,---,---,---,---,---,37.8001940,-122.2583254
1,3083.4,505.2,00:15:54.2,00:02:18.1,3.62,00:00:00.0,0.00,18.0,277,11.6,0.0,144,---,---,---,---,---,---,---,---,---,37.8002684,-122.2582330
1,3095.6,505.2,00:15:57.6,00:02:18.9,3.60,00:00:00.0,0.00,17.0,278,12.1,0.0,144,---,---,---,---,---,---,---,---,---,37.8003463,-122.2581362
1,3108.0,505.2,00:16:01.0,00:02:18.5,3.61,00:00:00.0,0.00,17.5,279,12.4,0.0,143,---,---,---,---,---,---,---,---,---,37.8004258,-122.2580367
1,3120.8,505.2,00:16:04.6,00:02:17.4,3.64,00:00:00.0,0.00,17.5,280,12.8,0.0,143,---,---,---,---,---,---,---,---,---,37.8005055,-122.2579321
1,3132.5,505.2,00:16:07.6,00:02:14.8,3.71,00:00:00.0,0.00,18.0,281,11.7,0.0,143,---,---,---,---,---,---,---,---,---,37.8005776,-122.2578353
1,3146.0,505.2,00:16:11.0,00:02:10.5,3.83,00:00:00.0,0.00,18.0,282,13.5,0.0,143,---,---,---,---,---,---,---,---,---,37.8006618,-122.2577250
1,3158.3,505.2,00:16:14.2,00:02:09.5,3.86,00:00:00.0,0.00,18.0,283,12.3,0.0,143,---,---,---,---,---,---,---,---,---,37.8007395,-122.2576259
1,3171.3,505.2,00:16:17.6,00:02:10.5,3.83,00:00:00.0,0.00,18.5,284,13.0,0.0,144,---,---,---,---,---,---,---,---,---,37.8008214,-122.2575200
1,3183.6,505.2,00:16:20.8,00:02:10.9,3.82,00:00:00.0,0.00,18.5,285,12.3,0.0,144,---,---,---,---,---,---,---,---,---,37.8009003,-122.2574229
1,3195.9,505.2,00:16:24.0,00:02:10.9,3.82,00:00:00.0,0.00,18.5,286,12.3,0.0,144,---,---,---,---,---,---,---,---,---,37.8009819,-122.2573282
1,3208.2,505.2,00:16:27.2,00:02:10.9,3.82,00:00:00.0,0.00,19.0,287,12.3,0.0,144,---,---,---,---,---,---,---,---,---,37.8010659,-122.2572367
1,3220.3,505.2,00:16:30.4,00:02:11.6,3.80,00:00:00.0,0.00,19.0,288,12.1,0.0,145,---,---,---,---,---,---,---,---,---,37.8011482,-122.2571469
1,3232.5,505.2,00:16:33.6,00:02:11.6,3.80,00:00:00.0,0.00,18.5,289,12.2,0.0,145,---,---,---,---,---,---,---,---,---,37.8012308,-122.2570563
1,3245.0,505.2,00:16:36.8,00:02:10.2,3.84,00:00:00.0,0.00,19.0,290,12.5,0.0,145,---,---,---,---,---,---,---,---,---,37.8013157,-122.2569631
1,3256.5,505.2,00:16:39.8,00:02:10.9,3.82,00:00:00.0,0.00,19.0,291,11.5,0.0,146,---,---,---,---,---,---,---,---,---,37.8013916,-122.2568738
1,3268.5,505.2,00:16:43.0,00:02:12.3,3.78,00:00:00.0,0.00,19.0,292,12.0,0.0,147,---,---,---,---,---,---,---,---,---,37.8014685,-122.2567787
1,3280.7,505.2,00:16:46.2,00:02:13.0,3.76,00:00:00.0,0.00,19.0,293,12.1,0.0,147,---,---,---,---,---,---,---,---,---,37.8015462,-122.2566817
1,3293.2,505.2,00:16:49.6,00:02:12.6,3.77,00:00:00.0,0.00,19.0,294,12.5,0.0,147,---,---,---,---,---,---,---,---,---,37.8016252,-122.2565808
1,3304.8,505.2,00:16:52.6,00:02:11.6,3.80,00:00:00.0,0.00,19.0,295,11.7,0.0,146,---,---,---,---,---,---,---,---,---,37.8016989,-122.2564864
1,3316.3,505.2,00:16:55.7,00:02:10.9,3.82,00:00:00.0,0.00,19.5,296,11.5,0.0,147,---,---,---,---,---,---,---,---,---,37.8017691,-122.2563908
1,3328.3,505.2,00:16:58.8,00:02:10.5,3.83,00:00:00.0,0.00,18.5,297,12.0,0.0,147,---,---,---,---,---,---,---,---,---,37.8018423,-122.2562904
1,3340.2,505.2,00:17:01.9,00:02:11.2,3.81,00:00:00.0,0.00,19.0,298,11.9,0.0,147,---,---,---,---,---,---,---,---,---,37.8019140,-122.2561899
1,3352.3,505.2,00:17:05.0,00:02:11.6,3.80,00:00:00.0,0.00,19.0,299,12.1,0.0,148,---,---,---,---,---,---,---,---,---,37.8019875,-122.2560894
1,3364.1,505.2,00:17:08.2,00:02:12.6,3.77,00:00:00.0,0.00,19.5,300,11.8,0.0,148,---,---,---,---,---,---,---,---,---,37.8020603,-122.2559916
1,3375.6,505.2,00:17:11.4,00:02:15.1,3.70,00:00:00.0,0.00,19.0,301,11.5,0.0,148,---,---,---,---,---,---,---,---,---,37.8021341,-122.2558998
1,3387.4,505.2,00:17:14.6,00:02:16.2,3.67,00:00:00.0,0.00,19.0,302,11.8,0.0,148,---,---,---,---,---,---,---,---,---,37.8022152,-122.2558142
1,3398.8,505.2,00:17:17.6,00:02:15.9,3.68,00:00:00.0,0.00,19.0,303,11.4,0.0,148,---,---,---,---,---,---,---,---,---,37.8022959,-122.2557341
1,3410.2,505.2,00:17:20.6,00:02:14.0,3.73,00:00:00.0,0.00,19.5,304,11.5,0.0,148,---,---,---,---,---,---,---,---,---,37.8023773,-122.2556550
1,3422.2,505.2,00:17:23.8,00:02:12.3,3.78,00:00:00.0,0.00,19.5,305,12.0,0.0,148,---,---,---,---,---,---,---,---,---,37.8024637,-122.2555729
1,3434.0,505.2,00:17:26.8,00:02:11.6,3.80,00:00:00.0,0.00,19.5,306,11.7,0.0,148,---,---,---,---,---,---,---,---,---,37.8025489,-122.2554947
1,3446.2,505.2,00:17:30.0,00:02:11.6,3.80,00:00:00.0,0.00,19.0,307,12.3,0.0,148,---,---,---,---,---,---,---,---,---,37.8026400,-122.2554164
1,3458.4,505.2,00:17:33.2,00:02:11.9,3.79,00:00:00.0,0.00,19.5,308,12.1,0.0,148,---,---,---,---,---,---,---,---,---,37.8027312,-122.2553408
1,3469.6,505.2,00:17:36.2,00:02:13.3,3.75,00:00:00.0,0.00,19.0,309,11.3,0.0,148,---,---,---,---,---,---,---,---,---,37.8028169,-122.2552729
1,3481.1,505.2,00:17:39.4,00:02:15.5,3.69,00:00:00.0,0.00,19.0,310,11.5,0.0,148,---,---,---,---,---,---,---,---,---,37.8029063,-122.2552077
1,3492.1,505.2,00:17:42.4,00:02:17.0,3.65,00:00:00.0,0.00,20.0,311,11.0,0.0,147,---,---,---,---,---,---,---,---,---,37.8029978,-122.2551594
1,3503.3,505.2,00:17:45.4,00:02:16.6,3.66,00:00:00.0,0.00,20.0,312,11.1,0.0,147,---,---,---,---,---,---,---,---,---,37.8030947,-122.2551271
1,3515.0,505.2,00:17:48.6,00:02:16.6,3.66,00:00:00.0,0.00,19.5,313,11.7,0.0,148,---,---,---,---,---,---,---,---,---,37.8031989,-122.2551111
1,3525.9,505.2,00:17:51.6,00:02:18.1,3.62,00:00:00.0,0.00,19.5,314,11.0,0.0,147,---,---,---,---,---,---,---,---,---,37.8032972,-122.2551132
1,3536.4,505.2,00:17:54.6,00:02:21.2,3.54,00:00:00.0,0.00,19.5,315,10.4,0.0,148,---,---,---,---,---,---,---,---,---,37.8033897,-122.2551332
1,3546.8,505.2,00:17:57.6,00:02:24.1,3.47,00:00:00.0,0.00,20.0,316,10.4,0.0,148,---,---,---,---,---,---,---,---,---,37.8034784,-122.2551702
1,3557.1,505.2,00:18:00.6,00:02:26.6,3.41,00:00:00.0,0.00,20.0,317,10.3,0.0,148,---,---,---,---,---,---,---,---,---,37.8035623,-122.2552199
1,3568.1,505.2,00:18:03.8,00:02:27.1,3.40,00:00:00.0,0.00,19.5,318,11.1,0.0,148,---,---,---,---,---,---,---,---,---,37.8036446,-122.2552901
1,3577.8,505.2,00:18:06.6,00:02:26.2,3.42,00:00:00.0,0.00,20.5,319,9.7,0.0,148,---,---,---,---,---,---,---,---,---,37.8037109,-122.2553614
1,3588.0,505.2,00:18:09.6,00:02:27.9,3.38,00:00:00.0,0.00,20.5,320,10.2,0.0,148,---,---,---,---,---,---,---,---,---,37.8037733,-122.2554459
1,3608.2,505.2,00:18:17.0,00:02:42.3,3.08,00:00:00.0,0.00,8.0,321,20.2,0.0,147,---,---,---,---,---,---,---,---,---,37.8038738,-122.2556363
1,3613.1,505.2,00:18:18.8,00:03:14.6,2.57,00:00:00.0,0.00,35.0,322,4.9,0.0,145,---,---,---,---,---,---,---,---,---,37.8038934,-122.2556864
1,3616.6,505.2,00:18:20.0,00:03:02.5,2.74,00:00:00.0,0.00,46.0,323,3.5,0.0,145,---,---,---,---,---,---,---,---,---,37.8039055,-122.2557232
1,3625.9,505.2,00:18:23.0,00:02:40.8,3.11,00:00:00.0,0.00,19.5,324,9.3,0.0,145,---,---,---,---,---,---,---,---,---,37.8039319,-122.2558235
1,3635.4,505.2,00:18:25.9,00:02:34.8,3.23,00:00:00.0,0.00,21.0,325,9.6,0.0,145,---,---,---,---,---,---,---,---,---,37.8039484,-122.2559303
1,3646.6,505.2,00:18:28.9,00:02:21.2,3.54,00:00:00.0,0.00,20.5,326,11.1,0.0,144,---,---,---,---,---,---,---,---,---,37.8039583,-122.2560559
1,3656.8,505.2,00:18:31.7,00:02:11.6,3.80,00:00:00.0,0.00,21.5,327,10.2,0.0,144,---,---,---,---,---,---,---,---,---,37.8039638,-122.2561718
1,3668.7,505.2,00:18:34.6,00:02:05.0,4.00,00:00:00.0,0.00,21.5,328,11.9,0.0,144,---,---,---,---,---,---,---,---,---,37.8039666,-122.2563076
1,3680.2,505.2,00:18:37.2,00:02:01.7,4.11,00:00:00.0,0.00,22.5,329,11.5,0.0,144,---,---,---,---,---,---,---,---,---,37.8039641,-122.2564381
1,3691.9,505.2,00:18:40.0,00:02:01.7,4.11,00:00:00.0,0.00,21.0,330,11.7,0.0,145,---,---,---,---,---,---,---,---,---,37.8039564,-122.2565709
1,3703.0,505.2,00:18:42.6,00:02:01.4,4.12,00:00:00.0,0.00,21.5,331,11.0,0.0,146,---,---,---,---,---,---,---,---,---,37.8039461,-122.2566964
1,3714.7,505.2,00:18:45.4,00:02:00.2,4.16,00:00:00.0,0.00,21.5,332,11.7,0.0,146,---,---,---,---,---,---,---,---,---,37.8039332,-122.2568285
1,3726.3,505.2,00:18:48.2,00:01:59.9,4.17,00:00:00.0,0.00,21.5,333,11.5,0.0,147,---,---,---,---,---,---,---,---,---,37.8039183,-122.2569584
1,3737.9,505.2,00:18:51.0,00:02:00.2,4.16,00:00:00.0,0.00,21.5,334,11.7,0.0,148,---,---,---,---,---,---,---,---,---,37.8039004,-122.2570889
1,3749.5,505.2,00:18:53.8,00:02:00.2,4.16,00:00:00.0,0.00,21.5,335,11.6,0.0,149,---,---,---,---,---,---,---,---,---,37.8038777,-122.2572179
1,3760.4,505.2,00:18:56.4,00:02:00.2,4.16,00:00:00.0,0.00,21.5,336,10.9,0.0,149,---,---,---,---,---,---,---,---,---,37.8038545,-122.2573382
1,3771.8,505.2,00:18:59.2,00:02:00.5,4.15,00:00:00.0,0.00,22.5,337,11.4,0.0,150,---,---,---,---,---,---,---,---,---,37.8038352,-122.2574657
1,3782.5,505.2,00:19:01.9,00:02:01.1,4.13,00:00:00.0,0.00,21.5,338,10.7,0.0,151,---,---,---,---,---,---,---,---,---,37.8038232,-122.2575863
1,3793.2,505.2,00:19:04.7,00:02:01.1,4.13,00:00:00.0,0.00,21.5,339,10.7,0.0,151,---,---,---,---,---,---,---,---,---,37.8038178,-122.2577075
1,3805.0,505.2,00:19:07.7,00:02:01.7,4.11,00:00:00.0,0.00,22.5,340,11.8,0.0,152,---,---,---,---,---,---,---,---,---,37.8038224,-122.2578411
1,3815.4,505.2,00:19:10.0,00:02:04.7,4.01,00:00:00.0,0.00,22.5,341,10.4,0.0,152,---,---,---,---,---,---,---,---,---,37.8038359,-122.2579581
1,3826.6,505.2,00:19:12.8,00:02:06.9,3.94,00:00:00.0,0.00,21.5,342,11.2,0.0,153,---,---,---,---,---,---,---,---,---,37.8038582,-122.2580822
1,3836.9,505.2,00:19:15.4,00:02:06.9,3.94,00:00:00.0,0.00,22.5,343,10.4,0.0,153,---,---,---,---,---,---,---,---,---,37.8038869,-122.2581943
1,3848.0,505.2,00:19:18.2,00:02:06.9,3.94,00:00:00.0,0.00,22.0,344,11.0,0.0,153,---,---,---,---,---,---,---,---,---,37.8039261,-122.2583095
1,3858.4,505.2,00:19:20.8,00:02:06.9,3.94,00:00:00.0,0.00,22.0,345,10.5,0.0,153,---,---,---,---,---,---,---,---,---,37.8039691,-122.2584152
1,3869.4,505.2,00:19:23.6,00:02:06.6,3.95,00:00:00.0,0.00,22.5,346,10.9,0.0,153,---,---,---,---,---,---,---,---,---,37.8040203,-122.2585218
1,3879.6,505.2,00:19:26.2,00:02:06.3,3.96,00:00:00.0,0.00,22.5,347,10.2,0.0,152,---,---,---,---,---,---,---,---,---,37.8040733,-122.2586168
1,3890.7,505.2,00:19:29.0,00:02:05.9,3.97,00:00:00.0,0.00,22.0,348,11.1,0.0,153,---,---,---,---,---,---,---,---,---,37.8041360,-122.2587141
1,3900.6,505.2,00:19:31.7,00:02:04.7,4.01,00:00:00.0,0.00,22.5,349,9.9,0.0,153,---,---,---,---,---,---,---,---,---,37.8041959,-122.2587970
1,3912.5,505.2,00:19:34.6,00:02:02.5,4.08,00:00:00.0,0.00,22.5,350,11.9,0.0,153,---,---,---,---,---,---,---,---,---,37.8042726,-122.2588913
1,3923.6,505.2,00:19:37.2,00:02:02.8,4.07,00:00:00.0,0.00,21.5,351,11.1,0.0,152,---,---,---,---,---,---,---,---,---,37.8043460,-122.2589771
1,3934.2,505.2,00:19:39.8,00:02:05.9,3.97,00:00:00.0,0.00,21.5,352,10.6,0.0,153,---,---,---,---,---,---,---,---,---,37.8044138,-122.2590620
1,3945.7,505.2,00:19:42.6,00:02:05.9,3.97,00:00:00.0,0.00,21.5,353,11.5,0.0,154,---,---,---,---,---,---,---,---,---,37.8044860,-122.2591551
1,3957.2,505.2,00:19:45.4,00:02:03.8,4.04,00:00:00.0,0.00,21.5,354,11.5,0.0,154,---,---,---,---,---,---,---,---,---,37.8045563,-122.2592505
1,3968.5,505.2,00:19:48.2,00:02:02.5,4.08,00:00:00.0,0.00,21.5,355,11.3,0.0,155,---,---,---,---,---,---,---,---,---,37.8046207,-122.2593498
1,3979.7,505.2,00:19:51.0,00:02:03.2,4.06,00:00:00.0,0.00,21.0,356,11.3,0.0,155,---,---,---,---,---,---,---,---,---,37.8046843,-122.2594495
1,3990.9,505.2,00:19:53.8,00:02:04.1,4.03,00:00:00.0,0.00,21.5,357,11.2,0.0,156,---,---,---,---,---,---,---,---,---,37.8047501,-122.2595460
1,4001.9,505.2,00:19:56.6,00:02:05.6,3.98,00:00:00.0,0.00,21.5,358,11.0,0.0,156,---,---,---,---,---,---,---,---,---,37.8048160,-122.2596393
1,4012.3,505.2,00:19:59.2,00:02:06.6,3.95,00:00:00.0,0.00,22.5,359,10.4,0.0,156,---,---,---,---,---,---,---,---,---,37.8048801,-122.2597254
1,4022.6,505.2,00:20:01.9,00:02:06.9,3.94,00:00:00.0,0.00,21.5,360,10.2,0.0,157,---,---,---,---,---,---,---,---,---,37.8049453,-122.2598077
1,4032.8,505.2,00:20:04.7,00:02:07.2,3.93,00:00:00.0,0.00,22.5,361,10.3,0.0,156,---,---,---,---,---,---,---,---,---,37.8050136,-122.2598855
1,4044.3,505.2,00:20:07.7,00:02:05.9,3.97,00:00:00.0,0.00,22.0,362,11.4,0.0,157,---,---,---,---,---,---,---,---,---,37.8050943,-122.2599657
1,4055.1,505.2,00:20:10.2,00:02:07.2,3.93,00:00:00.0,0.00,22.0,363,10.9,0.0,157,---,---,---,---,---,---,---,---,---,37.8051735,-122.2600382
1,4066.1,505.2,00:20:13.0,00:02:09.9,3.85,00:00:00.0,0.00,21.0,364,10.9,0.0,156,---,---,---,---,---,---,---,---,---,37.8052530,-122.2601114
1,4076.5,505.2,00:20:15.6,00:02:10.5,3.83,00:00:00.0,0.00,21.5,365,10.4,0.0,157,---,---,---,---,---,---,---,---,---,37.8053287,-122.2601815
1,4088.1,505.2,00:20:18.6,00:02:10.2,3.84,00:00:00.0,0.00,21.0,366,11.6,0.0,157,---,---,---,---,---,---,---,---,---,37.8054108,-122.2602621
1,4098.4,505.2,00:20:21.2,00:02:09.9,3.85,00:00:00.0,0.00,21.5,367,10.3,0.0,157,---,---,---,---,---,---,---,---,---,37.8054808,-122.2603385
1,4109.2,505.2,00:20:24.0,00:02:09.9,3.85,00:00:00.0,0.00,21.5,368,10.9,0.0,157,---,---,---,---,---,---,---,---,---,37.8055559,-122.2604167
1,4120.0,505.2,00:20:26.8,00:02:09.5,3.86,00:00:00.0,0.00,21.0,369,10.8,0.0,157,---,---,---,---,---,---,---,---,---,37.8056320,-122.2604923
1,4130.7,505.2,00:20:29.6,00:02:09.9,3.85,00:00:00.0,0.00,21.5,370,10.8,0.0,157,---,---,---,---,---,---,---,---,---,37.8057098,-122.2605649
1,4141.5,505.2,00:20:32.4,00:02:09.9,3.85,00:00:00.0,0.00,21.0,371,10.8,0.0,157,---,---,---,---,---,---,---,---,---,37.8057903,-122.2606336
1,4152.2,505.2,00:20:35.2,00:02:09.5,3.86,00:00:00.0,0.00,21.5,372,10.7,0.0,157,---,---,---,---,---,---,---,---,---,37.8058707,-122.2606998
1,4162.9,505.2,00:20:38.0,00:02:10.2,3.84,00:00:00.0,0.00,21.5,373,10.7,0.0,157,---,---,---,---,---,---,---,---,---,37.8059474,-122.2607730
1,4173.2,505.2,00:20:40.8,00:02:10.2,3.84,00:00:00.0,0.00,21.5,374,10.3,0.0,157,---,---,---,---,---,---,---,---,---,37.8060187,-122.2608471
1,4184.2,505.2,00:20:43.7,00:02:07.6,3.92,00:00:00.0,0.00,21.5,375,11.0,0.0,156,---,---,---,---,---,---,---,---,---,37.8060942,-122.2609273
1,4195.3,505.2,00:20:46.2,00:02:05.0,4.00,00:00:00.0,0.00,22.5,376,11.1,0.0,157,---,---,---,---,---,---,---,---,---,37.8061714,-122.2610072
1,4205.7,505.2,00:20:48.8,00:02:05.3,3.99,00:00:00.0,0.00,22.5,377,10.5,0.0,157,---,---,---,---,---,---,---,---,---,37.8062465,-122.2610789
1,4216.9,505.2,00:20:51.6,00:02:06.3,3.96,00:00:00.0,0.00,21.5,378,11.2,0.0,157,---,---,---,---,---,---,---,---,---,37.8063284,-122.2611527
1,4228.2,505.2,00:20:54.4,00:02:05.6,3.98,00:00:00.0,0.00,22.5,379,11.3,0.0,157,---,---,---,---,---,---,---,---,---,37.8064134,-122.2612223
1,4238.5,505.2,00:20:57.0,00:02:05.9,3.97,00:00:00.0,0.00,22.5,380,10.3,0.0,157,---,---,---,---,---,---,---,---,---,37.8064936,-122.2612812
1,4249.4,505.2,00:20:59.8,00:02:07.6,3.92,00:00:00.0,0.00,21.5,381,10.9,0.0,157,---,---,---,---,---,---,---,---,---,37.8065816,-122.2613353
1,4259.6,505.2,00:21:02.4,00:02:09.2,3.87,00:00:00.0,0.00,21.5,382,10.2,0.0,157,---,---,---,---,---,---,---,---,---,37.8066666,-122.2613778
1,4270.4,505.2,00:21:05.2,00:02:09.5,3.86,00:00:00.0,0.00,22.5,383,10.8,0.0,158,---,---,---,---,---,---,---,---,---,37.8067590,-122.2614169
1,4281.1,505.2,00:21:07.9,00:02:06.9,3.94,00:00:00.0,0.00,21.5,384,10.6,0.0,157,---,---,---,---,---,---,---,---,---,37.8068491,-122.2614570
1,4291.4,505.2,00:21:10.7,00:02:05.0,4.00,00:00:00.0,0.00,21.5,385,10.3,0.0,157,---,---,---,---,---,---,---,---,---,37.8069369,-122.2614955
1,4303.0,505.2,00:21:13.7,00:02:05.0,4.00,00:00:00.0,0.00,22.0,386,11.6,0.0,157,---,---,---,---,---,---,---,---,---,37.8070362,-122.2615348
1,4313.8,505.2,00:21:16.2,00:02:06.6,3.95,00:00:00.0,0.00,22.0,387,10.8,0.0,157,---,---,---,---,---,---,---,---,---,37.8071280,-122.2615735
1,4324.7,505.2,00:21:19.0,00:02:08.9,3.88,00:00:00.0,0.00,22.5,388,11.0,0.0,157,---,---,---,---,---,---,---,---,---,37.8072217,-122.2616116
1,4334.9,505.2,00:21:21.6,00:02:10.2,3.84,00:00:00.0,0.00,21.5,389,10.2,0.0,157,---,---,---,---,---,---,---,---,---,37.8073093,-122.2616465
1,4346.4,505.2,00:21:24.6,00:02:11.2,3.81,00:00:00.0,0.00,20.5,390,11.5,0.0,157,---,---,---,---,---,---,---,---,---,37.8074074,-122.2616860
1,4357.9,505.2,00:21:27.6,00:02:12.3,3.78,00:00:00.0,0.00,19.5,391,11.5,0.0,156,---,---,---,---,---,---,---,---,---,37.8075064,-122.2617229
1,4369.5,505.2,00:21:30.6,00:02:12.6,3.77,00:00:00.0,0.00,20.0,392,11.6,0.0,156,---,---,---,---,---,---,---,---,---,37.8076081,-122.2617506
1,4380.2,505.2,00:21:33.4,00:02:12.6,3.77,00:00:00.0,0.00,20.5,393,10.7,0.0,155,---,---,---,---,---,---,---,---,---,37.8077033,-122.2617710
1,4391.4,505.2,00:21:36.4,00:02:13.3,3.75,00:00:00.0,0.00,20.5,394,11.2,0.0,155,---,---,---,---,---,---,---,---,---,37.8078037,-122.2617836
1,4402.8,505.2,00:21:39.4,00:02:13.3,3.75,00:00:00.0,0.00,20.0,395,11.3,0.0,154,---,---,---,---,---,---,---,---,---,37.8079054,-122.2617864
1,4413.8,505.2,00:21:42.4,00:02:13.7,3.74,00:00:00.0,0.00,20.0,396,11.0,0.0,154,---,---,---,---,---,---,---,---,---,37.8080044,-122.2617829
1,4425.2,505.2,00:21:45.4,00:02:14.4,3.72,00:00:00.0,0.00,20.0,397,11.4,0.0,154,---,---,---,---,---,---,---,---,---,37.8081066,-122.2617751
1,4436.6,505.2,00:21:48.4,00:02:15.1,3.70,00:00:00.0,0.00,20.0,398,11.4,0.0,154,---,---,---,---,---,---,---,---,---,37.8082087,-122.2617667
1,4447.3,505.2,00:21:51.4,00:02:17.4,3.64,00:00:00.0,0.00,20.0,399,10.8,0.0,154,---,---,---,---,---,---,---,---,---,37.8083049,-122.2617550
1,4458.5,505.2,00:21:54.4,00:02:17.7,3.63,00:00:00.0,0.00,20.0,400,11.2,0.0,153,---,---,---,---,---,---,---,---,---,37.8084041,-122.2617379
1,4469.6,505.2,00:21:57.4,00:02:15.9,3.68,00:00:00.0,0.00,19.5,401,11.1,0.0,153,---,---,---,---,---,---,---,---,---,37.8085027,-122.2617159
1,4480.7,505.2,00:22:00.4,00:02:15.1,3.70,00:00:00.0,0.00,19.5,402,11.1,0.0,153,---,---,---,---,---,---,---,---,---,37.8086006,-122.2616915
1,4491.9,505.2,00:22:03.4,00:02:14.4,3.72,00:00:00.0,0.00,20.0,403,11.2,0.0,152,---,---,---,---,---,---,---,---,---,37.8086988,-122.2616640
1,4503.3,505.2,00:22:06.4,00:02:12.6,3.77,00:00:00.0,0.00,20.5,404,11.4,0.0,152,---,---,---,---,---,---,---,---,---,37.8087984,-122.2616346
1,4515.0,505.2,00:22:09.4,00:02:10.5,3.83,00:00:00.0,0.00,20.5,405,11.7,0.0,152,---,---,---,---,---,---,---,---,---,37.8089008,-122.2616048
1,4525.9,505.2,00:22:12.2,00:02:08.5,3.89,00:00:00.0,0.00,20.0,406,10.9,0.0,152,---,---,---,---,---,---,---,---,---,37.8089958,-122.2615744
1,4537.5,505.2,00:22:15.2,00:02:08.5,3.89,00:00:00.0,0.00,21.0,407,11.5,0.0,152,---,---,---,---,---,---,---,---,---,37.8090967,-122.2615443
1,4548.4,505.2,00:22:18.0,00:02:09.2,3.87,00:00:00.0,0.00,21.0,408,11.0,0.0,152,---,---,---,---,---,---,---,---,---,37.8091922,-122.2615131
1,4578.7,505.2,00:22:30.5,00:10:41.0,0.78,00:00:00.0,0.00,12.5,409,30.3,0.0,117,---,---,---,---,---,---,---,---,---,37.8096863,-122.2615651
1,4587.9,505.2,00:22:34.5,00:04:54.1,1.70,00:00:00.0,0.00,14.5,410,9.2,0.0,118,---,---,---,---,---,---,---,---,---,37.8096566,-122.2616622
1,4597.7,505.2,00:22:38.3,00:03:33.7,2.34,00:00:00.0,0.00,16.0,411,9.8,0.0,118,---,---,---,---,---,---,---,---,---,37.8096178,-122.2617626
1,4620.1,505.2,00:22:48.5,00:04:17.7,1.94,00:00:00.0,0.00,23.0,412,22.4,0.0,106,---,---,---,---,---,---,---,---,---,37.8092781,-122.2621218
1,4626.1,505.2,00:22:50.4,00:04:20.4,1.92,00:00:00.0,0.00,30.5,413,6.0,0.0,106,---,---,---,---,---,---,---,---,---,37.8092248,-122.2621322
1,4651.3,505.2,00:23:00.3,00:03:39.3,2.28,00:00:00.0,0.00,27.0,414,25.3,0.0,103,---,---,---,---,---,---,---,---,---,37.8088386,-122.2621868
1,4657.4,505.2,00:23:02.3,00:04:11.3,1.99,00:00:00.0,0.00,30.5,415,6.1,0.0,104,---,---,---,---,---,---,---,---,---,37.8087851,-122.2622004
1,4683.4,505.2,00:23:12.4,00:03:27.5,2.41,00:00:00.0,0.00,30.0,416,26.0,0.0,110,---,---,---,---,---,---,---,---,---,37.8084417,-122.2622449
1,4688.9,505.2,00:23:14.2,00:04:19.1,1.93,00:00:00.0,0.00,36.0,417,5.5,0.0,109,---,---,---,---,---,---,---,---,---,37.8083922,-122.2622470
1,4714.4,505.2,00:23:24.0,00:03:24.1,2.45,00:00:00.0,0.00,29.5,418,25.4,0.0,106,---,---,---,---,---,---,---,---,---,37.8079776,-122.2622372
1,4719.9,505.2,00:23:25.6,00:03:52.6,2.15,00:00:00.0,0.00,36.0,419,5.6,0.0,106,---,---,---,---,---,---,---,---,---,37.8079275,-122.2622383
1,4747.0,505.2,00:23:35.3,00:03:20.0,2.50,00:00:00.0,0.00,31.0,420,27.1,0.0,107,---,---,---,---,---,---,---,---,---,37.8075158,-122.2622071
1,4752.5,505.2,00:23:37.1,00:04:07.5,2.02,00:00:00.0,0.00,34.5,421,5.5,0.0,107,---,---,---,---,---,---,---,---,---,37.8074663,-122.2622076
1,4781.4,505.2,00:23:50.2,00:03:59.2,2.09,00:00:00.0,0.00,11.5,422,28.9,0.0,101,---,---,---,---,---,---,---,---,---,37.8068397,-122.2620924
1,4787.4,505.2,00:23:52.0,00:04:40.9,1.78,00:00:00.0,0.00,36.5,423,6.0,0.0,103,---,---,---,---,---,---,---,---,---,37.8067904,-122.2620635
1,4794.2,505.2,00:23:53.6,00:02:24.9,3.45,00:00:00.0,0.00,37.5,424,6.8,0.0,106,---,---,---,---,---,---,---,---,---,37.8067346,-122.2620331
1,4801.5,505.2,00:23:55.2,00:02:01.4,4.12,00:00:00.0,0.00,35.0,425,7.3,0.0,106,---,---,---,---,---,---,---,---,---,37.8066742,-122.2619992
1,4834.9,505.2,00:24:05.0,00:05:28.9,1.52,00:00:00.0,0.00,33.5,426,33.4,0.0,107,---,---,---,---,---,---,---,---,---,37.8064999,-122.2617293
1,4841.4,505.2,00:24:06.6,00:02:34.3,3.24,00:00:00.0,0.00,34.5,427,6.5,0.0,107,---,---,---,---,---,---,---,---,---,37.8065577,-122.2617380
1,4849.4,505.2,00:24:08.6,00:02:05.3,3.99,00:00:00.0,0.00,34.5,428,8.0,0.0,108,---,---,---,---,---,---,---,---,---,37.8066292,-122.2617498
1,4880.9,505.2,00:24:18.3,00:02:52.4,2.90,00:00:00.0,0.00,28.5,429,31.5,0.0,113,---,---,---,---,---,---,---,---,---,37.8071993,-122.2618471
1,4886.4,505.2,00:24:20.1,00:04:13.8,1.97,00:00:00.0,0.00,34.5,430,5.5,0.0,113,---,---,---,---,---,---,---,---,---,37.8072480,-122.2618385
1,4893.6,505.2,00:24:21.9,00:02:33.4,3.26,00:00:00.0,0.00,34.5,431,7.1,0.0,112,---,---,---,---,---,---,---,---,---,37.8073116,-122.2618270
1,4901.4,505.2,00:24:23.6,00:02:04.4,4.02,00:00:00.0,0.00,34.5,432,7.9,0.0,113,---,---,---,---,---,---,---,---,---,37.8073818,-122.2618153
1,4932.1,505.2,00:24:33.4,00:02:52.4,2.90,00:00:00.0,0.00,28.0,433,30.6,0.0,110,---,---,---,---,---,---,---,---,---,37.8078739,-122.2617550
1,4937.7,505.2,00:24:34.9,00:03:54.7,2.13,00:00:00.0,0.00,34.5,434,5.7,0.0,110,---,---,---,---,---,---,---,---,---,37.8079242,-122.2617451
1,4944.3,505.2,00:24:36.6,00:02:26.2,3.42,00:00:00.0,0.00,36.0,435,6.5,0.0,110,---,---,---,---,---,---,---,---,---,37.8079821,-122.2617316
1,4952.4,505.2,00:24:38.4,00:02:00.2,4.16,00:00:00.0,0.00,36.0,436,8.1,0.0,110,---,---,---,---,---,---,---,---,---,37.8080534,-122.2617146
1,4960.2,505.2,00:24:40.0,00:01:48.0,4.63,00:00:00.0,0.00,34.5,437,7.9,0.0,110,---,---,---,---,---,---,---,---,---,37.8081230,-122.2616990
1,4970.0,505.2,00:24:42.0,00:01:43.3,4.84,00:00:00.0,0.00,34.5,438,9.8,0.0,110,---,---,---,---,---,---,---,---,---,37.8082097,-122.2616786
1,5002.8,505.2,00:24:51.7,00:02:47.2,2.99,00:00:00.0,0.00,28.0,439,32.8,0.0,115,---,---,---,---,---,---,---,---,---,37.8087713,-122.2615615
1,5008.5,505.2,00:24:53.5,00:04:02.7,2.06,00:00:00.0,0.00,33.0,440,5.7,0.0,115,---,---,---,---,---,---,---,---,---,37.8088214,-122.2615483
1,5015.7,505.2,00:24:55.3,00:02:29.7,3.34,00:00:00.0,0.00,36.0,441,7.2,0.0,116,---,---,---,---,---,---,---,---,---,37.8088849,-122.2615328
1,5023.1,505.2,00:24:56.9,00:02:03.2,4.06,00:00:00.0,0.00,34.5,442,7.3,0.0,116,---,---,---,---,---,---,---,---,---,37.8089497,-122.2615172
1,5031.7,505.2,00:24:58.7,00:01:50.6,4.52,00:00:00.0,0.00,36.0,443,8.6,0.0,116,---,---,---,---,---,---,---,---,---,37.8090256,-122.2615004
1,5039.6,505.2,00:25:00.4,00:01:45.5,4.74,00:00:00.0,0.00,34.0,444,7.9,0.0,116,---,---,---,---,---,---,---,---,---,37.8090959,-122.2614866
1,5070.4,505.2,00:25:13.8,00:04:44.1,1.76,00:00:00.0,0.00,10.5,445,30.8,0.0,110,---,---,---,---,---,---,---,---,---,37.8095322,-122.2614140
1,5074.4,505.2,00:25:23.3,00:14:37.2,0.57,00:00:00.0,0.00,24.5,446,4.1,0.0,103,---,---,---,---,---,---,---,---,---,37.8095644,-122.2614848
1,5076.3,505.2,00:25:24.4,00:06:33.7,1.27,00:00:00.0,0.00,33.0,447,1.9,0.0,103,---,---,---,---,---,---,---,---,---,37.8095671,-122.2615060
1,5084.5,505.2,00:25:28.3,00:04:19.1,1.93,00:00:00.0,0.00,16.5,448,8.2,0.0,106,---,---,---,---,---,---,---,---,---,37.8095789,-122.2615980
1,5093.2,505.2,00:25:31.9,00:03:48.3,2.19,00:00:00.0,0.00,16.5,449,8.7,0.0,108,---,---,---,---,---,---,---,---,---,37.8095946,-122.2616947
1,5116.0,505.2,00:25:41.3,00:05:14.5,1.59,00:00:00.0,0.00,34.5,450,22.9,0.0,103,---,---,---,---,---,---,---,---,---,37.8092092,-122.2622579
1,5122.6,505.2,00:25:42.9,00:02:29.7,3.34,00:00:00.0,0.00,35.0,451,6.6,0.0,105,---,---,---,---,---,---,---,---,---,37.8091515,-122.2622742
1,5130.7,505.2,00:25:44.7,00:02:02.8,4.07,00:00:00.0,0.00,35.5,452,8.1,0.0,105,---,---,---,---,---,---,---,---,---,37.8090806,-122.2622944
1,5138.7,505.2,00:25:46.3,00:01:51.1,4.50,00:00:00.0,0.00,36.0,453,8.0,0.0,105,---,---,---,---,---,---,---,---,---,37.8090101,-122.2623140
1,5147.6,505.2,00:25:48.4,00:01:43.7,4.82,00:00:00.0,0.00,36.0,454,8.9,0.0,106,---,---,---,---,---,---,---,---,---,37.8089322,-122.2623359
1,5156.1,505.2,00:25:49.7,00:01:38.8,5.06,00:00:00.0,0.00,36.0,455,8.5,0.0,110,---,---,---,---,---,---,---,---,---,37.8088580,-122.2623558
1,5163.7,505.2,00:25:51.3,00:01:37.5,5.13,00:00:00.0,0.00,36.0,456,7.6,0.0,118,---,---,---,---,---,---,---,---,---,37.8087907,-122.2623718
1,5173.5,505.2,00:25:53.1,00:01:35.1,5.26,00:00:00.0,0.00,36.0,457,9.8,0.0,123,---,---,---,---,---,---,---,---,---,37.8087034,-122.2623872
1,5181.6,505.2,00:25:54.7,00:01:36.3,5.19,00:00:00.0,0.00,34.5,458,8.1,0.0,123,---,---,---,---,---,---,---,---,---,37.8086305,-122.2623954
1,5190.6,505.2,00:25:56.5,00:01:38.8,5.06,00:00:00.0,0.00,34.5,459,8.9,0.0,123,---,---,---,---,---,---,---,---,---,37.8085505,-122.2624040
1,5198.7,505.2,00:25:58.1,00:01:39.2,5.04,00:00:00.0,0.00,34.5,460,8.1,0.0,134,---,---,---,---,---,---,---,---,---,37.8084777,-122.2624115
1,5207.6,505.2,00:25:59.9,00:01:39.6,5.02,00:00:00.0,0.00,34.5,461,9.0,0.0,143,---,---,---,---,---,---,---,---,---,37.8083981,-122.2624220
1,5216.7,505.2,00:26:01.7,00:01:39.6,5.02,00:00:00.0,0.00,35.0,462,9.1,0.0,147,---,---,---,---,---,---,---,---,---,37.8083169,-122.2624326
1,5248.2,505.2,00:26:11.4,00:02:43.9,3.05,00:00:00.0,0.00,29.0,463,31.6,0.0,104,---,---,---,---,---,---,---,---,---,37.8074144,-122.2624778
1,5253.3,505.2,00:26:13.3,00:04:08.8,2.01,00:00:00.0,0.00,33.5,464,5.0,0.0,105,---,---,---,---,---,---,---,---,---,37.8073701,-122.2624672
1,5260.9,505.2,00:26:15.0,00:02:25.3,3.44,00:00:00.0,0.00,36.5,465,7.7,0.0,109,---,---,---,---,---,---,---,---,---,37.8073023,-122.2624506
1,5268.4,505.2,00:26:16.6,00:01:59.9,4.17,00:00:00.0,0.00,37.0,466,7.4,0.0,109,---,---,---,---,---,---,---,---,---,37.8072369,-122.2624338
1,5275.9,505.2,00:26:18.2,00:01:50.1,4.54,00:00:00.0,0.00,36.0,467,7.5,0.0,109,---,---,---,---,---,---,---,---,---,37.8071710,-122.2624140
1,5284.6,505.2,00:26:20.0,00:01:44.6,4.78,00:00:00.0,0.00,36.0,468,8.7,0.0,109,---,---,---,---,---,---,---,---,---,37.8070958,-122.2623882
1,5292.6,505.2,00:26:21.6,00:01:42.0,4.90,00:00:00.0,0.00,36.0,469,8.0,0.0,112,---,---,---,---,---,---,---,---,---,37.8070271,-122.2623627
1,5300.7,505.2,00:26:23.2,00:01:41.2,4.94,00:00:00.0,0.00,36.0,470,8.1,0.0,117,---,---,---,---,---,---,---,---,---,37.8069579,-122.2623337
1,5308.9,505.2,00:26:24.8,00:01:39.4,5.03,00:00:00.0,0.00,36.0,471,8.2,0.0,128,---,---,---,---,---,---,---,---,---,37.8068887,-122.2623007
1,5318.0,505.2,00:26:26.6,00:01:38.2,5.09,00:00:00.0,0.00,36.0,472,9.1,0.0,134,---,---,---,---,---,---,---,---,---,37.8068132,-122.2622617
1,5325.5,505.2,00:26:28.3,00:01:37.5,5.13,00:00:00.0,0.00,36.0,473,7.5,0.0,135,---,---,---,---,---,---,---,---,---,37.8067514,-122.2622281
1,5334.4,505.2,00:26:29.8,00:01:35.6,5.23,00:00:00.0,0.00,35.0,474,9.0,0.0,139,---,---,---,---,---,---,---,---,---,37.8066779,-122.2621862
1,5343.3,505.2,00:26:31.6,00:01:36.7,5.17,00:00:00.0,0.00,35.5,475,8.9,0.0,141,---,---,---,---,---,---,---,---,---,37.8066059,-122.2621421
1,5351.6,505.2,00:26:33.2,00:01:38.0,5.10,00:00:00.0,0.00,34.5,476,8.3,0.0,141,---,---,---,---,---,---,---,---,---,37.8065403,-122.2620975
1,5384.6,505.2,00:26:43.1,00:02:41.3,3.10,00:00:00.0,0.00,29.0,477,33.0,0.0,115,---,---,---,---,---,---,---,---,---,37.8060590,-122.2617038
1,5390.4,505.2,00:26:44.9,00:04:06.3,2.03,00:00:00.0,0.00,36.0,478,5.7,0.0,115,---,---,---,---,---,---,---,---,---,37.8060135,-122.2616731
1,5397.0,505.2,00:26:46.5,00:02:32.9,3.27,00:00:00.0,0.00,36.0,479,6.6,0.0,116,---,---,---,---,---,---,---,---,---,37.8059605,-122.2616398
1,5404.2,505.2,00:26:48.1,00:02:04.1,4.03,00:00:00.0,0.00,38.0,480,7.2,0.0,116,---,---,---,---,---,---,---,---,---,37.8059020,-122.2616040
1,5412.0,505.2,00:26:49.7,00:01:50.6,4.52,00:00:00.0,0.00,36.5,481,7.8,0.0,117,---,---,---,---,---,---,---,---,---,37.8058398,-122.2615636
1,5419.9,505.2,00:26:51.5,00:01:44.2,4.80,00:00:00.0,0.00,38.0,482,8.0,0.0,122,---,---,---,---,---,---,---,---,---,37.8057765,-122.2615216
1,5428.1,505.2,00:26:52.9,00:01:39.0,5.05,00:00:00.0,0.00,38.0,483,8.1,0.0,126,---,---,---,---,---,---,---,---,---,37.8057124,-122.2614776
1,5435.6,505.2,00:26:54.5,00:01:36.9,5.16,00:00:00.0,0.00,37.5,484,7.5,0.0,126,---,---,---,---,---,---,---,---,---,37.8056539,-122.2614347
1,5444.6,505.2,00:26:56.1,00:01:35.1,5.26,00:00:00.0,0.00,37.5,485,9.0,0.0,126,---,---,---,---,---,---,---,---,---,37.8055847,-122.2613811
1,5452.0,505.2,00:26:57.7,00:01:35.2,5.25,00:00:00.0,0.00,36.5,486,7.4,0.0,130,---,---,---,---,---,---,---,---,---,37.8055284,-122.2613369
1,5461.2,505.2,00:26:59.3,00:01:35.6,5.23,00:00:00.0,0.00,37.5,487,9.3,0.0,136,---,---,---,---,---,---,---,---,---,37.8054597,-122.2612775
1,5469.5,505.2,00:27:00.9,00:01:35.2,5.25,00:00:00.0,0.00,36.0,488,8.3,0.0,145,---,---,---,---,---,---,---,---,---,37.8053990,-122.2612237
1,5478.5,505.2,00:27:02.7,00:01:37.3,5.14,00:00:00.0,0.00,36.5,489,8.9,0.0,145,---,---,---,---,---,---,---,---,---,37.8053342,-122.2611632
1,5486.5,505.2,00:27:04.3,00:01:38.6,5.07,00:00:00.0,0.00,36.0,490,8.1,0.0,145,---,---,---,---,---,---,---,---,---,37.8052765,-122.2611077
1,5518.9,505.2,00:27:18.2,00:04:39.3,1.79,00:00:00.0,0.00,9.5,491,32.4,0.0,122,---,---,---,---,---,---,---,---,---,37.8049836,-122.2607912
1,5521.0,505.2,00:27:24.6,00:21:22.1,0.39,00:00:00.0,0.00,10.5,492,2.0,0.0,118,---,---,---,---,---,---,---,---,---,37.8049803,-122.2607685
1,5522.7,505.2,00:27:30.0,00:20:19.5,0.41,00:00:00.0,0.00,10.5,493,1.7,0.0,117,---,---,---,---,---,---,---,---,---,37.8049889,-122.2607493
1,5524.6,505.2,00:27:33.7,00:15:09.1,0.55,00:00:00.0,0.00,11.5,494,1.9,0.0,118,---,---,---,---,---,---,---,---,---,37.8050071,-122.2607339
1,5529.5,505.2,00:27:37.4,00:08:15.0,1.01,00:00:00.0,0.00,16.0,495,4.9,0.0,116,---,---,---,---,---,---,---,---,---,37.8050479,-122.2607024
1,5537.8,505.2,00:27:41.1,00:04:40.9,1.78,00:00:00.0,0.00,17.5,496,8.2,0.0,112,---,---,---,---,---,---,---,---,---,37.8051121,-122.2606556
1,5545.9,505.2,00:27:44.2,00:03:34.6,2.33,00:00:00.0,0.00,18.0,497,8.1,0.0,113,---,---,---,---,---,---,---,---,---,37.8051778,-122.2606162
1,5566.2,505.2,00:27:54.4,00:04:30.3,1.85,00:00:00.0,0.00,28.5,498,20.4,0.0,99,---,---,---,---,---,---,---,---,---,37.8054684,-122.2605628
1,5571.9,505.2,00:27:56.2,00:04:12.5,1.98,00:00:00.0,0.00,35.0,499,5.7,0.0,101,---,---,---,---,---,---,---,---,---,37.8055123,-122.2605966
1,5578.3,505.2,00:27:57.7,00:02:34.8,3.23,00:00:00.0,0.00,35.5,500,6.4,0.0,103,---,---,---,---,---,---,---,---,---,37.8055616,-122.2606338
1,5585.5,505.2,00:27:59.3,00:02:05.0,4.00,00:00:00.0,0.00,36.0,501,7.2,0.0,104,---,---,---,---,---,---,---,---,---,37.8056175,-122.2606754
1,5594.1,505.2,00:28:01.1,00:01:50.6,4.52,00:00:00.0,0.00,36.0,502,8.5,0.0,104,---,---,---,---,---,---,---,---,---,37.8056830,-122.2607256
1,5602.2,505.2,00:28:02.8,00:01:44.2,4.80,00:00:00.0,0.00,36.0,503,8.1,0.0,104,---,---,---,---,---,---,---,---,---,37.8057449,-122.2607745
1,5610.5,505.2,00:28:04.3,00:01:40.8,4.96,00:00:00.0,0.00,36.5,504,8.3,0.0,104,---,---,---,---,---,---,---,---,---,37.8058076,-122.2608257
1,5618.8,505.2,00:28:05.9,00:01:39.2,5.04,00:00:00.0,0.00,37.5,505,8.3,0.0,107,---,---,---,---,---,---,---,---,---,37.8058697,-122.2608781
1,5628.0,505.2,00:28:07.7,00:01:38.2,5.09,00:00:00.0,0.00,36.0,506,9.2,0.0,119,---,---,---,---,---,---,---,---,---,37.8059380,-122.2609368
1,5635.6,505.2,00:28:09.4,00:01:37.7,5.12,00:00:00.0,0.00,35.0,507,7.6,0.0,126,---,---,---,---,---,---,---,---,---,37.8059939,-122.2609864
1,5644.6,505.2,00:28:10.9,00:01:35.1,5.26,00:00:00.0,0.00,35.5,508,9.0,0.0,131,---,---,---,---,---,---,---,---,---,37.8060585,-122.2610488
1,5653.0,505.2,00:28:12.6,00:01:36.3,5.19,00:00:00.0,0.00,36.0,509,8.3,0.0,138,---,---,---,---,---,---,---,---,---,37.8061165,-122.2611088
1,5661.9,505.2,00:28:14.3,00:01:38.0,5.10,00:00:00.0,0.00,34.5,510,9.0,0.0,139,---,---,---,---,---,---,---,---,---,37.8061767,-122.2611767
1,5670.9,505.2,00:28:16.1,00:01:38.4,5.08,00:00:00.0,0.00,34.5,511,9.0,0.0,143,---,---,---,---,---,---,---,---,---,37.8062347,-122.2612476
1,5703.0,505.2,00:28:26.0,00:02:43.4,3.06,00:00:00.0,0.00,29.0,512,32.1,0.0,112,---,---,---,---,---,---,---,---,---,37.8066200,-122.2616670
1,5709.1,505.2,00:28:28.2,00:04:06.3,2.03,00:00:00.0,0.00,33.5,513,6.1,0.0,111,---,---,---,---,---,---,---,---,---,37.8066746,-122.2616665
1,5716.4,505.2,00:28:29.8,00:02:28.8,3.36,00:00:00.0,0.00,35.5,514,7.3,0.0,111,---,---,---,---,---,---,---,---,---,37.8067403,-122.2616628
1,5723.0,505.2,00:28:31.4,00:02:01.1,4.13,00:00:00.0,0.00,34.5,515,6.6,0.0,114,---,---,---,---,---,---,---,---,---,37.8067995,-122.2616612
1,5731.5,505.2,00:28:33.0,00:01:47.3,4.66,00:00:00.0,0.00,38.0,516,8.6,0.0,116,---,---,---,---,---,---,---,---,---,37.8068763,-122.2616556
1,5739.5,505.2,00:28:34.6,00:01:42.7,4.87,00:00:00.0,0.00,36.0,517,8.0,0.0,117,---,---,---,---,---,---,---,---,---,37.8069481,-122.2616537
1,5747.7,505.2,00:28:36.2,00:01:40.8,4.96,00:00:00.0,0.00,38.0,518,8.2,0.0,117,---,---,---,---,---,---,---,---,---,37.8070215,-122.2616558
1,5755.9,505.2,00:28:37.8,00:01:39.0,5.05,00:00:00.0,0.00,36.0,519,8.2,0.0,117,---,---,---,---,---,---,---,---,---,37.8070952,-122.2616615
1,5765.0,505.2,00:28:39.6,00:01:38.6,5.07,00:00:00.0,0.00,36.0,520,9.0,0.0,120,---,---,---,---,---,---,---,---,---,37.8071761,-122.2616697
1,5773.2,505.2,00:28:41.2,00:01:39.4,5.03,00:00:00.0,0.00,36.0,521,8.2,0.0,126,---,---,---,---,---,---,---,---,---,37.8072493,-122.2616789
1,5781.5,505.2,00:28:42.8,00:01:39.0,5.05,00:00:00.0,0.00,36.5,522,8.3,0.0,138,---,---,---,---,---,---,---,---,---,37.8073232,-122.2616918
1,5789.8,505.2,00:28:44.4,00:01:38.4,5.08,00:00:00.0,0.00,37.5,523,8.3,0.0,143,---,---,---,---,---,---,---,---,---,37.8073969,-122.2617068
1,5798.1,505.2,00:28:46.2,00:01:37.8,5.11,00:00:00.0,0.00,36.0,524,8.4,0.0,146,---,---,---,---,---,---,---,---,---,37.8074703,-122.2617244
1,5807.3,505.2,00:28:47.8,00:01:34.5,5.29,00:00:00.0,0.00,36.0,525,9.3,0.0,148,---,---,---,---,---,---,---,---,---,37.8075517,-122.2617463
1,5847.8,505.2,00:28:58.2,00:02:21.6,3.53,00:00:00.0,0.00,21.5,526,40.4,0.0,153,---,---,---,---,---,---,---,---,---,37.8079775,-122.2618886
1,5857.5,505.2,00:29:01.2,00:02:34.8,3.23,00:00:00.0,0.00,20.5,527,9.7,0.0,151,---,---,---,---,---,---,---,---,---,37.8080639,-122.2619019
1,5866.7,505.2,00:29:04.0,00:02:37.7,3.17,00:00:00.0,0.00,20.5,528,9.2,0.0,149,---,---,---,---,---,---,---,---,---,37.8081466,-122.2619060
1,5875.5,505.2,00:29:06.8,00:02:40.3,3.12,00:00:00.0,0.00,20.5,529,8.8,0.0,148,---,---,---,---,---,---,---,---,---,37.8082255,-122.2619028
1,5885.2,505.2,00:29:10.0,00:02:43.4,3.06,00:00:00.0,0.00,20.0,530,9.8,0.0,147,---,---,---,---,---,---,---,---,---,37.8083125,-122.2618898
1,5894.7,505.2,00:29:13.2,00:02:47.2,2.99,00:00:00.0,0.00,19.0,531,9.5,0.0,146,---,---,---,---,---,---,---,---,---,37.8083967,-122.2618739
1,5904.5,505.2,00:29:16.4,00:02:48.9,2.96,00:00:00.0,0.00,17.5,532,9.8,0.0,146,---,---,---,---,---,---,---,---,---,37.8084839,-122.2618579
1,5914.5,505.2,00:29:19.8,00:02:45.6,3.02,00:00:00.0,0.00,18.5,533,10.0,0.0,145,---,---,---,---,---,---,---,---,---,37.8085729,-122.2618445
1,5924.9,505.2,00:29:23.1,00:02:41.3,3.10,00:00:00.0,0.00,17.5,534,10.4,0.0,145,---,---,---,---,---,---,---,---,---,37.8086658,-122.2618348
1,5935.4,505.2,00:29:26.4,00:02:38.7,3.15,00:00:00.0,0.00,18.5,535,10.5,0.0,144,---,---,---,---,---,---,---,---,---,37.8087600,-122.2618259
1,5945.2,505.2,00:29:29.6,00:02:39.7,3.13,00:00:00.0,0.00,18.0,536,9.8,0.0,143,---,---,---,---,---,---,---,---,---,37.8088479,-122.2618148
1,5955.5,505.2,00:29:33.0,00:02:42.9,3.07,00:00:00.0,0.00,18.0,537,10.3,0.0,143,---,---,---,---,---,---,---,---,---,37.8089398,-122.2618001
1,5965.5,505.2,00:29:36.2,00:02:43.9,3.05,00:00:00.0,0.00,18.0,538,9.9,0.0,141,---,---,---,---,---,---,---,---,---,37.8090279,-122.2617817
1,5975.7,505.2,00:29:39.6,00:02:42.9,3.07,00:00:00.0,0.00,18.0,539,10.3,0.0,140,---,---,---,---,---,---,---,---,---,37.8091190,-122.2617618
1,6000.2,505.2,00:29:51.8,00:04:16.4,1.95,00:00:00.0,0.00,13.0,540,24.5,0.0,106,---,---,---,---,---,---,---,---,---,37.8096941,-122.2616956
1,6006.2,505.2,00:29:56.2,00:07:51.7,1.06,00:00:00.0,0.00,13.5,541,6.0,0.0,103,---,---,---,---,---,---,---,---,---,37.8096924,-122.2617635
1,6012.8,505.2,00:30:00.5,00:05:52.1,1.42,00:00:00.0,0.00,14.0,542,6.6,0.0,102,---,---,---,---,---,---,---,---,---,37.8096902,-122.2618388
1,6026.0,505.2,00:30:13.2,00:06:53.2,1.21,00:00:00.0,0.00,12.0,543,13.2,0.0,104,---,---,---,---,---,---,---,---,---,37.8096549,-122.2620209
1,6032.9,505.2,00:30:17.8,00:07:43.0,1.08,00:00:00.0,0.00,13.5,544,6.9,0.0,104,---,---,---,---,---,---,---,---,---,37.8095940,-122.2620338
1,6040.7,505.2,00:30:22.4,00:05:33.3,1.50,00:00:00.0,0.00,13.5,545,7.8,0.0,103,---,---,---,---,---,---,---,---,---,37.8095247,-122.2620482
1,6053.0,505.2,00:30:31.5,00:05:33.3,1.50,00:00:00.0,0.00,34.5,546,12.2,0.0,106,---,---,---,---,---,---,---,---,---,37.8092836,-122.2621030
1,6059.5,505.2,00:30:32.9,00:02:32.4,3.28,00:00:00.0,0.00,35.0,547,6.5,0.0,107,---,---,---,---,---,---,---,---,---,37.8092254,-122.2621131
1,6066.1,505.2,00:30:34.5,00:02:01.7,4.11,00:00:00.0,0.00,35.5,548,6.7,0.0,107,---,---,---,---,---,---,---,---,---,37.8091663,-122.2621240
1,6075.3,505.2,00:30:36.3,00:01:47.5,4.65,00:00:00.0,0.00,36.0,549,9.2,0.0,111,---,---,---,---,---,---,---,---,---,37.8090843,-122.2621362
1,6083.4,505.2,00:30:37.9,00:01:42.7,4.87,00:00:00.0,0.00,36.0,550,8.0,0.0,117,---,---,---,---,---,---,---,---,---,37.8090123,-122.2621442
1,6091.6,505.2,00:30:39.5,00:01:40.4,4.98,00:00:00.0,0.00,36.0,551,8.2,0.0,121,---,---,---,---,---,---,---,---,---,37.8089386,-122.2621525
1,6099.9,505.2,00:30:41.1,00:01:38.6,5.07,00:00:00.0,0.00,37.0,552,8.3,0.0,125,---,---,---,---,---,---,---,---,---,37.8088641,-122.2621586
1,6109.2,505.2,00:30:42.9,00:01:38.0,5.10,00:00:00.0,0.00,37.0,553,9.3,0.0,127,---,---,---,---,---,---,---,---,---,37.8087814,-122.2621655
1,6117.6,505.2,00:30:44.5,00:01:37.8,5.11,00:00:00.0,0.00,36.0,554,8.4,0.0,127,---,---,---,---,---,---,---,---,---,37.8087056,-122.2621701
1,6125.8,505.2,00:30:46.1,00:01:37.3,5.14,00:00:00.0,0.00,36.0,555,8.2,0.0,127,---,---,---,---,---,---,---,---,---,37.8086319,-122.2621760
1,6135.1,505.2,00:30:47.9,00:01:37.3,5.14,00:00:00.0,0.00,36.0,556,9.3,0.0,135,---,---,---,---,---,---,---,---,---,37.8085487,-122.2621786
1,6142.4,505.2,00:30:49.5,00:01:38.2,5.09,00:00:00.0,0.00,35.0,557,7.3,0.0,141,---,---,---,---,---,---,---,---,---,37.8084834,-122.2621822
1,6151.2,505.2,00:30:51.1,00:01:36.9,5.16,00:00:00.0,0.00,35.5,558,8.9,0.0,148,---,---,---,---,---,---,---,---,---,37.8084036,-122.2621847
1,6160.3,505.2,00:30:52.9,00:01:37.1,5.15,00:00:00.0,0.00,34.5,559,9.1,0.0,149,---,---,---,---,---,---,---,---,---,37.8083219,-122.2621864
1,6169.2,505.2,00:30:54.7,00:01:38.2,5.09,00:00:00.0,0.00,33.0,560,8.8,0.0,149,---,---,---,---,---,---,---,---,---,37.8082426,-122.2621890
1,6178.3,505.2,00:30:56.5,00:01:39.2,5.04,00:00:00.0,0.00,31.5,561,9.1,0.0,150,---,---,---,---,---,---,---,---,---,37.8081610,-122.2621883
1,6187.4,505.2,00:30:58.5,00:01:39.4,5.03,00:00:00.0,0.00,33.0,562,9.1,0.0,155,---,---,---,---,---,---,---,---,---,37.8080790,-122.2621853
1,6197.4,505.2,00:31:00.3,00:01:37.8,5.11,00:00:00.0,0.00,31.5,563,10.0,0.0,156,---,---,---,---,---,---,---,---,---,37.8079891,-122.2621810
1,6206.4,505.2,00:31:02.1,00:01:39.2,5.04,00:00:00.0,0.00,33.0,564,9.0,0.0,156,---,---,---,---,---,---,---,---,---,37.8079087,-122.2621765
1,6216.2,505.2,00:31:04.1,00:01:40.4,4.98,00:00:00.0,0.00,31.5,565,9.9,0.0,156,---,---,---,---,---,---,---,---,---,37.8078203,-122.2621687
1,6225.2,505.2,00:31:05.9,00:01:40.8,4.96,00:00:00.0,0.00,33.0,566,9.0,0.0,158,---,---,---,---,---,---,---,---,---,37.8077396,-122.2621605
1,6233.4,505.2,00:31:07.6,00:01:41.6,4.92,00:00:00.0,0.00,31.5,567,8.2,0.0,158,---,---,---,---,---,---,---,---,---,37.8076665,-122.2621514
1,6243.9,505.2,00:31:09.7,00:01:40.2,4.99,00:00:00.0,0.00,31.5,568,10.4,0.0,159,---,---,---,---,---,---,---,---,---,37.8075734,-122.2621374
1,6277.6,505.2,00:31:19.1,00:01:40.2,4.99,00:00:00.0,0.00,33.5,569,33.7,0.0,107,---,---,---,---,---,---,---,---,---,37.8067945,-122.2618961
1,6284.1,505.2,00:31:20.7,00:02:31.1,3.31,00:00:00.0,0.00,35.5,570,6.6,0.0,109,---,---,---,---,---,---,---,---,---,37.8067436,-122.2618588
1,6292.1,505.2,00:31:22.5,00:02:02.5,4.08,00:00:00.0,0.00,34.5,571,8.0,0.0,110,---,---,---,---,---,---,---,---,---,37.8066819,-122.2618115
1,6299.9,505.2,00:31:24.3,00:01:50.4,4.53,00:00:00.0,0.00,36.0,572,7.7,0.0,110,---,---,---,---,---,---,---,---,---,37.8066236,-122.2617642
1,6308.5,505.2,00:31:25.9,00:01:43.3,4.84,00:00:00.0,0.00,34.5,573,8.7,0.0,110,---,---,---,---,---,---,---,---,---,37.8065593,-122.2617089
1,6315.6,505.2,00:31:27.4,00:01:42.0,4.90,00:00:00.0,0.00,38.0,574,7.1,0.0,114,---,---,---,---,---,---,---,---,---,37.8065075,-122.2616627
1,6324.3,505.2,00:31:29.1,00:01:40.8,4.96,00:00:00.0,0.00,36.0,575,8.8,0.0,123,---,---,---,---,---,---,---,---,---,37.8064451,-122.2616019
1,6333.2,505.2,00:31:30.9,00:01:39.6,5.02,00:00:00.0,0.00,36.0,576,8.9,0.0,128,---,---,---,---,---,---,---,---,---,37.8063831,-122.2615378
1,6341.5,505.2,00:31:32.5,00:01:40.0,5.00,00:00:00.0,0.00,34.5,577,8.3,0.0,128,---,---,---,---,---,---,---,---,---,37.8063269,-122.2614761
1,6349.6,505.2,00:31:34.1,00:01:40.8,4.96,00:00:00.0,0.00,36.0,578,8.1,0.0,137,---,---,---,---,---,---,---,---,---,37.8062728,-122.2614149
1,6358.5,505.2,00:31:35.9,00:01:41.0,4.95,00:00:00.0,0.00,34.5,579,8.9,0.0,141,---,---,---,---,---,---,---,---,---,37.8062152,-122.2613455
1,6366.6,505.2,00:31:37.5,00:01:41.0,4.95,00:00:00.0,0.00,36.0,580,8.2,0.0,141,---,---,---,---,---,---,---,---,---,37.8061631,-122.2612799
1,6374.9,505.2,00:31:39.3,00:01:40.2,4.99,00:00:00.0,0.00,34.5,581,8.2,0.0,141,---,---,---,---,---,---,---,---,---,37.8061111,-122.2612135
1,6384.6,505.2,00:31:41.1,00:01:36.9,5.16,00:00:00.0,0.00,34.5,582,9.8,0.0,145,---,---,---,---,---,---,---,---,---,37.8060485,-122.2611356
1,6393.7,505.2,00:31:42.9,00:01:38.0,5.10,00:00:00.0,0.00,34.5,583,9.0,0.0,151,---,---,---,---,---,---,---,---,---,37.8059898,-122.2610645
1,6401.9,505.2,00:31:44.5,00:01:39.6,5.02,00:00:00.0,0.00,33.0,584,8.2,0.0,152,---,---,---,---,---,---,---,---,---,37.8059359,-122.2610007
1,6410.8,505.2,00:31:46.3,00:01:40.6,4.97,00:00:00.0,0.00,34.5,585,8.9,0.0,153,---,---,---,---,---,---,---,---,---,37.8058766,-122.2609321
1,6419.8,505.2,00:31:48.3,00:01:41.6,4.92,00:00:00.0,0.00,33.0,586,8.9,0.0,154,---,---,---,---,---,---,---,---,---,37.8058177,-122.2608630
1,6428.8,505.2,00:31:49.9,00:01:39.8,5.01,00:00:00.0,0.00,33.0,587,9.0,0.0,156,---,---,---,---,---,---,---,---,---,37.8057585,-122.2607935
1,6438.6,505.2,00:31:51.9,00:01:40.2,4.99,00:00:00.0,0.00,33.0,588,9.8,0.0,157,---,---,---,---,---,---,---,---,---,37.8056934,-122.2607183
1,6447.2,505.2,00:31:53.7,00:01:42.2,4.89,00:00:00.0,0.00,33.0,589,8.6,0.0,158,---,---,---,---,---,---,---,---,---,37.8056376,-122.2606503
1,6455.6,505.2,00:31:55.5,00:01:45.5,4.74,00:00:00.0,0.00,30.5,590,8.4,0.0,159,---,---,---,---,---,---,---,---,---,37.8055819,-122.2605865
1,6464.3,505.2,00:31:57.5,00:01:50.4,4.53,00:00:00.0,0.00,30.5,591,8.7,0.0,159,---,---,---,---,---,---,---,---,---,37.8055218,-122.2605232
1,6490.0,505.2,00:32:08.0,00:05:20.5,1.56,00:00:00.0,0.00,22.0,592,25.7,0.0,132,---,---,---,---,---,---,---,---,---,37.8051750,-122.2602325
1,6493.7,505.2,00:32:20.1,00:22:31.4,0.37,00:00:00.0,0.00,9.5,593,3.6,0.0,122,---,---,---,---,---,---,---,---,---,37.8051883,-122.2601869
1,6499.2,505.2,00:32:33.0,00:18:31.1,0.45,00:00:00.0,0.00,9.0,594,5.5,0.0,107,---,---,---,---,---,---,---,---,---,37.8053572,-122.2603137
1,6505.1,505.2,00:32:35.0,00:05:03.0,1.65,00:00:00.0,0.00,34.5,595,5.9,0.0,108,---,---,---,---,---,---,---,---,---,37.8054003,-122.2603531
1,6511.5,505.2,00:32:36.6,00:02:33.4,3.26,00:00:00.0,0.00,34.5,596,6.3,0.0,108,---,---,---,---,---,---,---,---,---,37.8054466,-122.2603951
1,6519.2,505.2,00:32:38.4,00:02:05.9,3.97,00:00:00.0,0.00,34.5,597,7.7,0.0,108,---,---,---,---,---,---,---,---,---,37.8055036,-122.2604455
1,6526.7,505.2,00:32:40.0,00:01:54.2,4.38,00:00:00.0,0.00,36.0,598,7.5,0.0,108,---,---,---,---,---,---,---,---,---,37.8055587,-122.2604950
1,6535.4,505.2,00:32:41.8,00:01:48.9,4.59,00:00:00.0,0.00,36.0,599,8.6,0.0,108,---,---,---,---,---,---,---,---,---,37.8056218,-122.2605523
1,6543.3,505.2,00:32:43.6,00:01:46.2,4.71,00:00:00.0,0.00,36.0,600,7.9,0.0,111,---,---,---,---,---,---,---,---,---,37.8056797,-122.2606038
1,6551.2,505.2,00:32:45.0,00:01:44.2,4.80,00:00:00.0,0.00,36.0,601,7.9,0.0,120,---,---,---,---,---,---,---,---,---,37.8057376,-122.2606560
1,6558.4,505.2,00:32:46.6,00:01:43.1,4.85,00:00:00.0,0.00,36.0,602,7.2,0.0,125,---,---,---,---,---,---,---,---,---,37.8057903,-122.2607039
1,6567.9,505.2,00:32:48.4,00:01:40.0,5.00,00:00:00.0,0.00,36.0,603,9.5,0.0,132,---,---,---,---,---,---,---,---,---,37.8058588,-122.2607681
1,6575.9,505.2,00:32:50.0,00:01:39.4,5.03,00:00:00.0,0.00,35.0,604,8.0,0.0,135,---,---,---,---,---,---,---,---,---,37.8059166,-122.2608227
1,6584.8,505.2,00:32:51.8,00:01:40.4,4.98,00:00:00.0,0.00,36.0,605,8.9,0.0,137,---,---,---,---,---,---,---,---,---,37.8059807,-122.2608827
1,6592.9,505.2,00:32:53.4,00:01:40.2,4.99,00:00:00.0,0.00,36.0,606,8.1,0.0,141,---,---,---,---,---,---,---,---,---,37.8060395,-122.2609377
1,6601.1,505.2,00:32:55.0,00:01:40.2,4.99,00:00:00.0,0.00,37.5,607,8.2,0.0,142,---,---,---,---,---,---,---,---,---,37.8060974,-122.2609942
1,6609.1,505.2,00:32:56.6,00:01:40.4,4.98,00:00:00.0,0.00,34.5,608,8.1,0.0,143,---,---,---,---,---,---,---,---,---,37.8061546,-122.2610508
1,6618.0,505.2,00:32:58.6,00:01:41.0,4.95,00:00:00.0,0.00,34.5,609,8.8,0.0,147,---,---,---,---,---,---,---,---,---,37.8062170,-122.2611131
1,6626.9,505.2,00:33:00.2,00:01:40.2,4.99,00:00:00.0,0.00,34.5,610,8.9,0.0,150,---,---,---,---,---,---,---,---,---,37.8062809,-122.2611741
1,6635.8,505.2,00:33:02.0,00:01:41.0,4.95,00:00:00.0,0.00,33.0,611,8.9,0.0,150,---,---,---,---,---,---,---,---,---,37.8063468,-122.2612309
1,6644.6,505.2,00:33:03.8,00:01:42.0,4.90,00:00:00.0,0.00,33.0,612,8.8,0.0,151,---,---,---,---,---,---,---,---,---,37.8064139,-122.2612838
1,6653.3,505.2,00:33:05.6,00:01:43.7,4.82,00:00:00.0,0.00,33.0,613,8.8,0.0,153,---,---,---,---,---,---,---,---,---,37.8064809,-122.2613361
1,6662.1,505.2,00:33:07.6,00:01:45.0,4.76,00:00:00.0,0.00,33.0,614,8.8,0.0,154,---,---,---,---,---,---,---,---,---,37.8065496,-122.2613849
1,6670.8,505.2,00:33:09.2,00:01:44.2,4.80,00:00:00.0,0.00,33.0,615,8.6,0.0,155,---,---,---,---,---,---,---,---,---,37.8066184,-122.2614303
1,6679.3,505.2,00:33:11.0,00:01:45.0,4.76,00:00:00.0,0.00,33.0,616,8.5,0.0,157,---,---,---,---,---,---,---,---,---,37.8066874,-122.2614722
1,6687.9,505.2,00:33:12.8,00:01:45.5,4.74,00:00:00.0,0.00,33.0,617,8.6,0.0,158,---,---,---,---,---,---,---,---,---,37.8067588,-122.2615108
1,6719.4,505.2,00:33:26.8,00:21:22.1,0.39,00:00:00.0,0.00,9.5,618,31.6,0.0,116,---,---,---,---,---,---,---,---,---,37.8071234,-122.2617192
1,6723.1,505.2,00:33:35.8,00:14:37.2,0.57,00:00:00.0,0.00,29.0,619,3.7,0.0,113,---,---,---,---,---,---,---,---,---,37.8070939,-122.2618601
1,6724.6,505.2,00:33:37.8,00:10:49.3,0.77,00:00:00.0,0.00,27.0,620,1.6,0.0,112,---,---,---,---,---,---,---,---,---,37.8070839,-122.2618724
1,6727.4,505.2,00:33:42.2,00:11:34.4,0.72,00:00:00.0,0.00,15.0,621,2.8,0.0,112,---,---,---,---,---,---,---,---,---,37.8070647,-122.2618928
1,6728.6,505.2,00:33:44.2,00:13:01.2,0.64,00:00:00.0,0.00,24.0,622,1.2,0.0,111,---,---,---,---,---,---,---,---,---,37.8070554,-122.2618995
1,6730.0,505.2,00:33:46.3,00:12:37.6,0.66,00:00:00.0,0.00,29.0,623,1.4,0.0,111,---,---,---,---,---,---,---,---,---,37.8070428,-122.2619055
1,6733.0,505.2,00:33:50.8,00:12:15.3,0.68,00:00:00.0,0.00,28.0,624,2.9,0.0,109,---,---,---,---,---,---,---,---,---,37.8070158,-122.2619129
1,6734.4,505.2,00:33:53.0,00:12:49.2,0.65,00:00:00.0,0.00,16.5,625,1.5,0.0,109,---,---,---,---,---,---,---,---,---,37.8070025,-122.2619127
1,6735.6,505.2,00:33:55.2,00:13:01.2,0.64,00:00:00.0,0.00,22.5,626,1.2,0.0,110,---,---,---,---,---,---,---,---,---,37.8069918,-122.2619098
1,6736.3,505.2,00:33:57.0,00:15:25.9,0.54,00:00:00.0,0.00,26.5,627,0.7,0.0,110,---,---,---,---,---,---,---,---,---,37.8069857,-122.2619069
1,6739.9,505.2,00:33:59.0,00:09:28.2,0.88,00:00:00.0,0.00,29.0,628,3.6,0.0,110,---,---,---,---,---,---,---,---,---,37.8069555,-122.2618931
1,6745.3,505.2,00:34:00.8,00:04:02.7,2.06,00:00:00.0,0.00,34.5,629,5.4,0.0,112,---,---,---,---,---,---,---,---,---,37.8069099,-122.2618707
1,6752.2,505.2,00:34:02.6,00:02:36.2,3.20,00:00:00.0,0.00,36.0,630,6.9,0.0,116,---,---,---,---,---,---,---,---,---,37.8068530,-122.2618406
1,6758.5,505.2,00:34:04.2,00:02:07.6,3.92,00:00:00.0,0.00,36.5,631,6.3,0.0,118,---,---,---,---,---,---,---,---,---,37.8068018,-122.2618094
1,6766.7,505.2,00:34:05.8,00:01:51.1,4.50,00:00:00.0,0.00,37.5,632,8.2,0.0,120,---,---,---,---,---,---,---,---,---,37.8067360,-122.2617665
1,6773.8,505.2,00:34:07.3,00:01:44.4,4.79,00:00:00.0,0.00,36.0,633,7.1,0.0,120,---,---,---,---,---,---,---,---,---,37.8066800,-122.2617283
1,6782.4,505.2,00:34:09.0,00:01:41.6,4.92,00:00:00.0,0.00,36.0,634,8.6,0.0,123,---,---,---,---,---,---,---,---,---,37.8066128,-122.2616803
1,6790.3,505.2,00:34:10.6,00:01:41.4,4.93,00:00:00.0,0.00,36.5,635,7.9,0.0,129,---,---,---,---,---,---,---,---,---,37.8065523,-122.2616343
1,6798.8,505.2,00:34:12.4,00:01:42.9,4.86,00:00:00.0,0.00,37.5,636,8.6,0.0,129,---,---,---,---,---,---,---,---,---,37.8064873,-122.2615825
1,6806.7,505.2,00:34:14.0,00:01:42.9,4.86,00:00:00.0,0.00,36.0,637,7.9,0.0,129,---,---,---,---,---,---,---,---,---,37.8064271,-122.2615346
1,6814.8,505.2,00:34:15.6,00:01:41.6,4.92,00:00:00.0,0.00,36.0,638,8.1,0.0,129,---,---,---,---,---,---,---,---,---,37.8063652,-122.2614867
1,6822.8,505.2,00:34:17.2,00:01:41.2,4.94,00:00:00.0,0.00,36.0,639,8.0,0.0,129,---,---,---,---,---,---,---,---,---,37.8063034,-122.2614394
1,6831.9,505.2,00:34:19.2,00:01:40.6,4.97,00:00:00.0,0.00,36.0,640,9.1,0.0,137,---,---,---,---,---,---,---,---,---,37.8062343,-122.2613847
1,6840.1,505.2,00:34:20.6,00:01:38.8,5.06,00:00:00.0,0.00,36.0,641,8.2,0.0,149,---,---,---,---,---,---,---,---,---,37.8061715,-122.2613363
1,6847.7,505.2,00:34:22.2,00:01:37.8,5.11,00:00:00.0,0.00,36.0,642,7.6,0.0,153,---,---,---,---,---,---,---,---,---,37.8061142,-122.2612903
1,6857.5,505.2,00:34:24.0,00:01:35.8,5.22,00:00:00.0,0.00,34.5,643,9.9,0.0,156,---,---,---,---,---,---,---,---,---,37.8060392,-122.2612308
1,6865.6,505.2,00:34:25.6,00:01:37.5,5.13,00:00:00.0,0.00,36.0,644,8.1,0.0,156,---,---,---,---,---,---,---,---,---,37.8059773,-122.2611818
1,6874.7,505.2,00:34:27.4,00:01:39.2,5.04,00:00:00.0,0.00,34.5,645,9.0,0.0,157,---,---,---,---,---,---,---,---,---,37.8059087,-122.2611272
1,6883.7,505.2,00:34:29.2,00:01:39.0,5.05,00:00:00.0,0.00,33.0,646,9.1,0.0,159,---,---,---,---,---,---,---,---,---,37.8058399,-122.2610722
1,6892.0,505.2,00:34:30.8,00:01:39.6,5.02,00:00:00.0,0.00,34.0,647,8.3,0.0,160,---,---,---,---,---,---,---,---,---,37.8057775,-122.2610216
1,6900.9,505.2,00:34:32.6,00:01:40.4,4.98,00:00:00.0,0.00,34.5,648,8.9,0.0,160,---,---,---,---,---,---,---,---,---,37.8057106,-122.2609663
1,6909.0,505.2,00:34:34.4,00:01:41.2,4.94,00:00:00.0,0.00,34.5,649,8.1,0.0,161,---,---,---,---,---,---,---,---,---,37.8056500,-122.2609148
1,6918.7,505.2,00:34:36.2,00:01:39.8,5.01,00:00:00.0,0.00,33.0,650,9.7,0.0,162,---,---,---,---,---,---,---,---,---,37.8055777,-122.2608533
1,6927.5,505.2,00:34:38.0,00:01:40.2,4.99,00:00:00.0,0.00,33.0,651,8.9,0.0,161,---,---,---,---,---,---,---,---,---,37.8055114,-122.2607977
1,6936.3,505.2,00:34:39.8,00:01:42.0,4.90,00:00:00.0,0.00,34.5,652,8.8,0.0,162,---,---,---,---,---,---,---,---,---,37.8054457,-122.2607419
1,6945.3,505.2,00:34:41.6,00:01:42.2,4.89,00:00:00.0,0.00,33.0,653,8.9,0.0,163,---,---,---,---,---,---,---,---,---,37.8053791,-122.2606852
1,6952.6,505.2,00:34:43.2,00:01:41.6,4.92,00:00:00.0,0.00,34.5,654,7.4,0.0,163,---,---,---,---,---,---,---,---,---,37.8053246,-122.2606378
1,6963.3,505.2,00:34:45.2,00:01:39.2,5.04,00:00:00.0,0.00,33.0,655,10.6,0.0,163,---,---,---,---,---,---,---,---,---,37.8052464,-122.2605685
1,6972.1,505.2,00:34:47.0,00:01:40.0,5.00,00:00:00.0,0.00,33.0,656,8.8,0.0,164,---,---,---,---,---,---,---,---,---,37.8051811,-122.2605115
1,6980.8,505.2,00:34:48.8,00:01:42.0,4.90,00:00:00.0,0.00,33.0,657,8.7,0.0,163,---,---,---,---,---,---,---,---,---,37.8051169,-122.2604550
1,7015.4,505.2,00:34:59.2,00:03:08.7,2.65,00:00:00.0,0.00,21.5,658,34.6,0.0,159,---,---,---,---,---,---,---,---,---,37.8047869,-122.2601545
1,7023.3,505.2,00:35:02.4,00:03:31.0,2.37,00:00:00.0,0.00,19.5,659,7.9,0.0,158,---,---,---,---,---,---,---,---,---,37.8047292,-122.2601030
1,7030.5,505.2,00:35:05.2,00:03:24.1,2.45,00:00:00.0,0.00,20.5,660,7.2,0.0,156,---,---,---,---,---,---,---,---,---,37.8046745,-122.2600597
1,7038.3,505.2,00:35:08.2,00:03:17.6,2.53,00:00:00.0,0.00,20.5,661,7.8,0.0,155,---,---,---,---,---,---,---,---,---,37.8046132,-122.2600160
1,7045.6,505.2,00:35:11.0,00:03:15.3,2.56,00:00:00.0,0.00,20.5,662,7.3,0.0,153,---,---,---,---,---,---,---,---,---,37.8045543,-122.2599795
1,7053.5,505.2,00:35:14.0,00:03:14.6,2.57,00:00:00.0,0.00,20.5,663,7.9,0.0,153,---,---,---,---,---,---,---,---,---,37.8044892,-122.2599436
1,7061.6,505.2,00:35:17.0,00:03:10.8,2.62,00:00:00.0,0.00,20.5,664,8.1,0.0,152,---,---,---,---,---,---,---,---,---,37.8044213,-122.2599105
1,7068.9,505.2,00:35:19.8,00:03:08.7,2.65,00:00:00.0,0.00,20.5,665,7.4,0.0,151,---,---,---,---,---,---,---,---,---,37.8043581,-122.2598860
1,7077.3,505.2,00:35:22.6,00:03:04.5,2.71,00:00:00.0,0.00,21.0,666,8.3,0.0,150,---,---,---,---,---,---,---,---,---,37.8042858,-122.2598622
1,7086.4,505.2,00:35:25.6,00:02:54.8,2.86,00:00:00.0,0.00,20.5,667,9.1,0.0,149,---,---,---,---,---,---,---,---,---,37.8042058,-122.2598404
1,7095.0,505.2,00:35:28.4,00:02:48.4,2.97,00:00:00.0,0.00,20.5,668,8.6,0.0,148,---,---,---,---,---,---,---,---,---,37.8041292,-122.2598263
1,7104.2,505.2,00:35:31.4,00:02:45.0,3.03,00:00:00.0,0.00,20.5,669,9.2,0.0,147,---,---,---,---,---,---,---,---,---,37.8040472,-122.2598169
1,7113.0,505.2,00:35:34.2,00:02:42.3,3.08,00:00:00.0,0.00,21.0,670,8.8,0.0,146,---,---,---,---,---,---,---,---,---,37.8039679,-122.2598115
1,7122.3,505.2,00:35:37.2,00:02:41.8,3.09,00:00:00.0,0.00,20.5,671,9.3,0.0,145,---,---,---,---,---,---,---,---,---,37.8038846,-122.2598146
1,7131.9,505.2,00:35:40.2,00:02:39.7,3.13,00:00:00.0,0.00,20.0,672,9.6,0.0,145,---,---,---,---,---,---,---,---,---,37.8037985,-122.2598189
1,7141.7,505.2,00:35:43.2,00:02:36.2,3.20,00:00:00.0,0.00,20.0,673,9.8,0.0,144,---,---,---,---,---,---,---,---,---,37.8037105,-122.2598244
1,7151.5,505.2,00:35:46.2,00:02:33.8,3.25,00:00:00.0,0.00,20.0,674,9.8,0.0,143,---,---,---,---,---,---,---,---,---,37.8036224,-122.2598302
1,7161.0,505.2,00:35:49.0,00:02:32.0,3.29,00:00:00.0,0.00,20.5,675,9.5,0.0,142,---,---,---,---,---,---,---,---,---,37.8035367,-122.2598332
1,7171.2,505.2,00:35:52.0,00:02:29.3,3.35,00:00:00.0,0.00,20.5,676,10.2,0.0,140,---,---,---,---,---,---,---,---,---,37.8034455,-122.2598356
1,7181.4,505.2,00:35:55.0,00:02:27.9,3.38,00:00:00.0,0.00,20.0,677,10.2,0.0,139,---,---,---,---,---,---,---,---,---,37.8033540,-122.2598337
1,7190.7,505.2,00:35:57.8,00:02:31.1,3.31,00:00:00.0,0.00,20.5,678,9.3,0.0,138,---,---,---,---,---,---,---,---,---,37.8032702,-122.2598327
1,7200.4,505.2,00:36:00.8,00:02:33.8,3.25,00:00:00.0,0.00,20.5,679,9.7,0.0,138,---,---,---,---,---,---,---,---,---,37.8031830,-122.2598340
1,7210.1,505.2,00:36:03.8,00:02:34.3,3.24,00:00:00.0,0.00,20.0,680,9.7,0.0,137,---,---,---,---,---,---,---,---,---,37.8030963,-122.2598396
1,7219.8,505.2,00:36:06.8,00:02:35.8,3.21,00:00:00.0,0.00,20.0,681,9.7,0.0,136,---,---,---,---,---,---,---,---,---,37.8030093,-122.2598477
1,7229.4,505.2,00:36:09.8,00:02:37.7,3.17,00:00:00.0,0.00,20.0,682,9.6,0.0,135,---,---,---,---,---,---,---,---,---,37.8029239,-122.2598608
1,7238.8,505.2,00:36:12.8,00:02:39.2,3.14,00:00:00.0,0.00,20.5,683,9.5,0.0,134,---,---,---,---,---,---,---,---,---,37.8028397,-122.2598772
1,7248.4,505.2,00:36:15.8,00:02:39.2,3.14,00:00:00.0,0.00,20.0,684,9.5,0.0,134,---,---,---,---,---,---,---,---,---,37.8027557,-122.2598994
1,7257.5,505.2,00:36:18.6,00:02:36.7,3.19,00:00:00.0,0.00,20.0,685,9.1,0.0,133,---,---,---,---,---,---,---,---,---,37.8026769,-122.2599257
1,7267.1,505.2,00:36:21.6,00:02:36.2,3.20,00:00:00.0,0.00,20.5,686,9.6,0.0,132,---,---,---,---,---,---,---,---,---,37.8025941,-122.2599576
1,7275.9,505.2,00:36:24.4,00:02:38.2,3.16,00:00:00.0,0.00,21.0,687,8.8,0.0,132,---,---,---,---,---,---,---,---,---,37.8025189,-122.2599900
1,7285.4,505.2,00:36:27.4,00:02:38.2,3.16,00:00:00.0,0.00,20.5,688,9.5,0.0,132,---,---,---,---,---,---,---,---,---,37.8024389,-122.2600277
1,7295.2,505.2,00:36:30.4,00:02:35.8,3.21,00:00:00.0,0.00,20.0,689,9.8,0.0,132,---,---,---,---,---,---,---,---,---,37.8023568,-122.2600663
1,7305.0,505.2,00:36:33.4,00:02:34.3,3.24,00:00:00.0,0.00,20.0,690,9.8,0.0,131,---,---,---,---,---,---,---,---,---,37.8022753,-122.2601089
1,7314.7,505.2,00:36:36.4,00:02:34.3,3.24,00:00:00.0,0.00,20.0,691,9.7,0.0,131,---,---,---,---,---,---,---,---,---,37.8021951,-122.2601521
1,7324.3,505.2,00:36:39.4,00:02:35.8,3.21,00:00:00.0,0.00,20.0,692,9.6,0.0,130,---,---,---,---,---,---,---,---,---,37.8021165,-122.2601965
