index, lapIdx, Horizontal (meters),Distance (IMP),TimeStamp (sec), Stroke500mPace (sec/500m),GPS Speed,Split (IMP),Speed (IMP), Cadence (stokes/min),Total Strokes,Distance/Stroke (GPS),Unnamed: 11,Unnamed: 12,Unnamed: 13,Unnamed: 14,Unnamed: 15,Unnamed: 16,Unnamed: 17,Unnamed: 18,Unnamed: 19,Unnamed: 20,Unnamed: 21,Unnamed: 22,Unnamed: 23,Unnamed: 24,Unnamed: 25,Unnamed: 26,GPSSpeed,GPSDistance,ImpellerSpeed,ImpellerDistance,cum_dist, ElapsedTime (sec), HRCur (bpm), Power (watts), DriveLength (meters), StrokeDistance (meters), DriveTime (ms), DragFactor, StrokeRecoveryTime (ms), AverageDriveForce (lbs), AverageBoatSpeed (m/s), PeakDriveForce (lbs), AverageDriveForce (N), PeakDriveForce (N), Calories (kCal), WorkoutState, Stroke Number,driveenergy,hr_ut2,hr_ut1,hr_at,hr_tr,hr_an,hr_max,lim_ut2,lim_ut1,lim_at,lim_tr,lim_an,lim_max,pw_ut2,pw_ut1,pw_at,pw_tr,pw_an,pw_max,limpw_ut2,limpw_ut1,limpw_at,limpw_tr,limpw_an
0,0.0,0.8,0,1484811486.9,393.7007874015748,1.27,,0,8.0,1,0.82,,3.1,0.91,,3.1,0.65,,1.6,1.93,,,,,,,,1.27,0.8,0,0,0.8,0.0,0.0,0.0,0.0,0.0,0.0,0.0,0.0,0.0,1.27,0.0,0.0,0.0,1.0,4.0,0,0.0,0.0,0.0,0.0,0.0,0.0,0.0,142,146,160,167,180,192,0.0,0.0,0.0,0.0,0.0,0.0,124.30000000000001,169.5,203.4,237.3,271.2
1,0.0,6.0,0,1484811488.9,480.7692307692308,1.04,,0,31.0,2,5.16,,6.9,2.29,,4.3,0.46,,5.8,1.9,,,,,,,,1.04,6.0,0,0,6.0,2.0,0.0,0.0,0.0,0.0,0.0,0.0,0.0,0.0,1.04,0.0,0.0,0.0,1.0,4.0,1,0.0,0.0,0.0,0.0,0.0,0.0,0.0,142,146,160,167,180,192,0.0,0.0,0.0,0.0,0.0,0.0,124.30000000000001,169.5,203.4,237.3,271.2
2,0.0,10.8,0,1484811490.4,189.39393939393938,2.64,,0,40.0,3,4.86,,14.3,3.29,,11.9,1.24,,12.4,2.7,,,,,,,,2.64,10.8,0,0,10.8,3.5,0.0,0.0,0.0,0.0,0.0,0.0,0.0,0.0,2.64,0.0,0.0,0.0,1.0,4.0,2,0.0,0.0,0.0,0.0,0.0,0.0,0.0,142,146,160,167,180,192,0.0,0.0,0.0,0.0,0.0,0.0,124.30000000000001,169.5,203.4,237.3,271.2
3,0.0,18.9,0,1484811492.1,135.8695652173913,3.68,,0,40.0,4,8.04,,20.7,4.03,,17.1,2.67,,19.1,3.43,,,,,,,,3.68,18.9,0,0,18.9,5.199999809265137,0.0,0.0,0.0,0.0,0.0,0.0,0.0,0.0,3.6799999999999997,0.0,0.0,0.0,1.0,4.0,3,0.0,0.0,0.0,0.0,0.0,0.0,0.0,142,146,160,167,180,192,0.0,0.0,0.0,0.0,0.0,0.0,124.30000000000001,169.5,203.4,237.3,271.2
4,0.0,25.4,0,1484811493.5,113.63636363636363,4.4,,0,38.0,5,6.54,,29.6,4.57,,26.2,3.62,,26.5,4.15,,,,,,,,4.4,25.4,0,0,25.4,6.599999904632568,0.0,0.0,0.0,0.0,0.0,0.0,0.0,0.0,4.4,0.0,0.0,0.0,1.0,4.0,4,0.0,0.0,0.0,0.0,0.0,0.0,0.0,142,146,160,167,180,192,0.0,0.0,0.0,0.0,0.0,0.0,124.30000000000001,169.5,203.4,237.3,271.2
5,0.0,34.9,0,1484811495.3,102.45901639344262,4.88,,0,38.0,6,9.5,,37.7,4.88,,34.2,4.35,,35.6,4.6,,,,,,,,4.88,34.9,0,0,34.9,8.399999856948853,0.0,0.0,0.0,0.0,0.0,0.0,0.0,0.0,4.88,0.0,0.0,0.0,1.0,4.0,5,0.0,0.0,0.0,0.0,0.0,0.0,0.0,142,146,160,167,180,192,0.0,0.0,0.0,0.0,0.0,0.0,124.30000000000001,169.5,203.4,237.3,271.2
6,0.0,43.6,0,1484811496.9,96.15384615384615,5.2,,0,36.0,7,8.67,,46.2,5.08,,42.7,4.84,,45.2,4.95,,,,,,,,5.2,43.6,0,0,43.6,10.0,0.0,0.0,0.0,0.0,0.0,0.0,0.0,0.0,5.2,0.0,0.0,0.0,1.0,4.0,6,0.0,0.0,0.0,0.0,0.0,0.0,0.0,142,146,160,167,180,192,0.0,0.0,0.0,0.0,0.0,0.0,124.30000000000001,169.5,203.4,237.3,271.2
7,0.0,52.6,0,1484811498.5,91.91176470588235,5.44,,0,37.0,8,8.97,,54.6,5.2,,52.4,5.22,,53.5,5.19,,,,,,,,5.44,52.6,0,0,52.6,11.599999904632568,0.0,0.0,0.0,0.0,0.0,0.0,0.0,0.0,5.44,0.0,0.0,0.0,1.0,4.0,7,0.0,0.0,0.0,0.0,0.0,0.0,0.0,142,146,160,167,180,192,0.0,0.0,0.0,0.0,0.0,0.0,124.30000000000001,169.5,203.4,237.3,271.2
8,0.0,61.7,0,1484811500.1,88.65248226950355,5.64,,0,36.0,9,9.12,,64.4,5.27,,61.3,5.44,,63.0,5.33,,,,,,,,5.64,61.7,0,0,61.7,13.199999809265137,0.0,0.0,0.0,0.0,0.0,0.0,0.0,0.0,5.64,0.0,0.0,0.0,1.0,4.0,8,0.0,0.0,0.0,0.0,0.0,0.0,0.0,142,146,160,167,180,192,0.0,0.0,0.0,0.0,0.0,0.0,124.30000000000001,169.5,203.4,237.3,271.2
9,0.0,72.1,0,1484811501.9,86.20689655172414,5.8,,0,36.0,10,10.42,,73.0,5.4,,71.3,5.53,,71.3,5.39,,,,,,,,5.8,72.1,0,0,72.1,15.0,0.0,0.0,0.0,0.0,0.0,0.0,0.0,0.0,5.8,0.0,0.0,0.0,1.0,4.0,9,0.0,0.0,0.0,0.0,0.0,0.0,0.0,142,146,160,167,180,192,0.0,0.0,0.0,0.0,0.0,0.0,124.30000000000001,169.5,203.4,237.3,271.2
10,0.0,81.4,0,1484811503.5,83.89261744966443,5.96,,0,38.0,11,9.26,,82.7,5.47,,78.9,5.65,,80.0,5.44,,,,,,,,5.96,81.4,0,0,81.4,16.59999990463257,0.0,0.0,0.0,0.0,0.0,0.0,0.0,0.0,5.96,0.0,0.0,0.0,1.0,4.0,10,0.0,0.0,0.0,0.0,0.0,0.0,0.0,142,146,160,167,180,192,0.0,0.0,0.0,0.0,0.0,0.0,124.30000000000001,169.5,203.4,237.3,271.2
11,0.0,90.7,0,1484811505.3,83.05647840531562,6.02,,0,36.0,12,9.29,,91.4,5.49,,90.5,5.63,,88.7,5.49,,,,,,,,6.02,90.7,0,0,90.7,18.399999856948853,0.0,0.0,0.0,0.0,0.0,0.0,0.0,0.0,6.02,0.0,0.0,0.0,1.0,4.0,11,0.0,0.0,0.0,0.0,0.0,0.0,0.0,142,146,160,167,180,192,0.0,0.0,0.0,0.0,0.0,0.0,124.30000000000001,169.5,203.4,237.3,271.2
12,0.0,100.1,0,1484811506.7,83.75209380234506,5.97,,0,37.0,13,9.47,,98.7,5.5,,99.7,5.67,,98.5,5.46,,,,,,,,5.97,100.1,0,0,100.1,19.799999952316284,0.0,0.0,0.0,0.0,0.0,0.0,0.0,0.0,5.97,0.0,0.0,0.0,1.0,4.0,12,0.0,0.0,0.0,0.0,0.0,0.0,0.0,142,146,160,167,180,192,0.0,0.0,0.0,0.0,0.0,0.0,124.30000000000001,169.5,203.4,237.3,271.2
13,0.0,108.3,0,1484811508.3,83.19467554076539,6.01,,0,38.0,14,8.2,,109.7,5.39,,110.4,5.72,,106.9,5.44,,,,,,,,6.01,108.3,0,0,108.3,21.399999856948853,0.0,0.0,0.0,0.0,0.0,0.0,0.0,0.0,6.01,0.0,0.0,0.0,1.0,4.0,13,0.0,0.0,0.0,0.0,0.0,0.0,0.0,142,146,160,167,180,192,0.0,0.0,0.0,0.0,0.0,0.0,124.30000000000001,169.5,203.4,237.3,271.2
14,0.0,119.0,0,1484811509.9,84.31703204047218,5.93,,0,36.0,15,10.67,,118.2,5.39,,119.5,5.75,,116.9,5.42,,,,,,,,5.93,119.0,0,0,119.0,23.0,0.0,0.0,0.0,0.0,0.0,0.0,0.0,0.0,5.93,0.0,0.0,0.0,1.0,4.0,14,0.0,0.0,0.0,0.0,0.0,0.0,0.0,142,146,160,167,180,192,0.0,0.0,0.0,0.0,0.0,0.0,124.30000000000001,169.5,203.4,237.3,271.2
15,0.0,128.3,0,1484811511.5,84.7457627118644,5.9,,0,36.0,16,9.35,,126.6,5.34,,128.7,5.82,,125.4,5.49,,,,,,,,5.9,128.3,0,0,128.3,24.59999990463257,0.0,0.0,0.0,0.0,0.0,0.0,0.0,0.0,5.9,0.0,0.0,0.0,1.0,4.0,15,0.0,0.0,0.0,0.0,0.0,0.0,0.0,142,146,160,167,180,192,0.0,0.0,0.0,0.0,0.0,0.0,124.30000000000001,169.5,203.4,237.3,271.2
16,0.0,138.9,0,1484811513.3,85.17887563884156,5.87,,0,37.0,17,10.55,,136.3,5.31,,139.3,5.9,,135.1,5.44,,,,,,,,5.87,138.9,0,0,138.9,26.399999856948853,0.0,0.0,0.0,0.0,0.0,0.0,0.0,0.0,5.87,0.0,0.0,0.0,1.0,4.0,16,0.0,0.0,0.0,0.0,0.0,0.0,0.0,142,146,160,167,180,192,0.0,0.0,0.0,0.0,0.0,0.0,124.30000000000001,169.5,203.4,237.3,271.2
17,0.0,148.1,0,1484811514.9,85.76329331046313,5.83,,0,36.0,18,9.25,,144.8,5.33,,148.5,5.89,,142.4,5.44,,,,,,,,5.83,148.1,0,0,148.1,28.0,0.0,0.0,0.0,0.0,0.0,0.0,0.0,0.0,5.83,0.0,0.0,0.0,1.0,4.0,17,0.0,0.0,0.0,0.0,0.0,0.0,0.0,142,146,160,167,180,192,0.0,0.0,0.0,0.0,0.0,0.0,124.30000000000001,169.5,203.4,237.3,271.2
18,0.0,158.4,0,1484811516.7,86.35578583765113,5.79,,0,36.0,19,10.23,,154.5,5.42,,157.6,5.86,,158.2,5.5,,,,,,,,5.79,158.4,0,0,158.4,29.799999952316284,0.0,0.0,0.0,0.0,0.0,0.0,0.0,0.0,5.79,0.0,0.0,0.0,1.0,4.0,18,0.0,0.0,0.0,0.0,0.0,0.0,0.0,142,146,160,167,180,192,0.0,0.0,0.0,0.0,0.0,0.0,124.30000000000001,169.5,203.4,237.3,271.2
19,0.0,167.1,0,1484811518.3,86.35578583765113,5.79,,0,36.0,20,8.75,,162.9,5.43,,165.5,5.85,,171.5,5.42,,,,,,,,5.79,167.1,0,0,167.1,31.399999856948853,0.0,0.0,0.0,0.0,0.0,0.0,0.0,0.0,5.79,0.0,0.0,0.0,1.0,4.0,19,0.0,0.0,0.0,0.0,0.0,0.0,0.0,142,146,160,167,180,192,0.0,0.0,0.0,0.0,0.0,0.0,124.30000000000001,169.5,203.4,237.3,271.2
20,0.0,176.0,0,1484811519.9,87.56567425569177,5.71,,0,35.0,21,8.88,,172.3,5.32,,176.9,5.75,,179.8,5.36,,,,,,,,5.71,176.0,0,0,176.0,33.0,0.0,0.0,0.0,0.0,0.0,0.0,0.0,0.0,5.71,0.0,0.0,0.0,1.0,4.0,20,0.0,0.0,0.0,0.0,0.0,0.0,0.0,142,146,160,167,180,192,0.0,0.0,0.0,0.0,0.0,0.0,124.30000000000001,169.5,203.4,237.3,271.2
21,0.0,186.3,0,1484811521.7,87.26003490401395,5.73,,0,36.0,22,10.26,,179.6,5.31,,185.8,5.72,,188.1,5.29,,,,,,,,5.73,186.3,0,0,186.3,34.799999952316284,0.0,0.0,0.0,0.0,0.0,0.0,0.0,0.0,5.73,0.0,0.0,0.0,1.0,4.0,21,0.0,0.0,0.0,0.0,0.0,0.0,0.0,142,146,160,167,180,192,0.0,0.0,0.0,0.0,0.0,0.0,124.30000000000001,169.5,203.4,237.3,271.2
22,0.0,194.0,0,1484811523.3,86.20689655172414,5.8,,0,36.0,23,7.71,,190.7,5.32,,195.8,5.67,,197.4,5.24,,,,,,,,5.8,194.0,0,0,194.0,36.39999985694885,0.0,0.0,0.0,0.0,0.0,0.0,0.0,0.0,5.8,0.0,0.0,0.0,1.0,4.0,22,0.0,0.0,0.0,0.0,0.0,0.0,0.0,142,146,160,167,180,192,0.0,0.0,0.0,0.0,0.0,0.0,124.30000000000001,169.5,203.4,237.3,271.2
23,0.0,204.4,0,1484811524.9,87.41258741258741,5.72,,0,36.0,24,10.48,,199.2,5.37,,204.4,5.61,,205.7,5.29,,,,,,,,5.72,204.4,0,0,204.4,38.0,0.0,0.0,0.0,0.0,0.0,0.0,0.0,0.0,5.72,0.0,0.0,0.0,1.0,4.0,23,0.0,0.0,0.0,0.0,0.0,0.0,0.0,142,146,160,167,180,192,0.0,0.0,0.0,0.0,0.0,0.0,124.30000000000001,169.5,203.4,237.3,271.2
24,0.0,213.5,0,1484811526.5,87.26003490401395,5.73,,0,36.0,25,9.03,,208.9,5.3,,214.2,5.57,,215.1,5.29,,,,,,,,5.73,213.5,0,0,213.5,39.59999990463257,0.0,0.0,0.0,0.0,0.0,0.0,0.0,0.0,5.73,0.0,0.0,0.0,1.0,4.0,24,0.0,0.0,0.0,0.0,0.0,0.0,0.0,142,146,160,167,180,192,0.0,0.0,0.0,0.0,0.0,0.0,124.30000000000001,169.5,203.4,237.3,271.2
25,0.0,223.8,0,1484811528.3,88.02816901408451,5.68,,0,34.0,26,10.35,,217.3,5.34,,223.1,5.54,,223.3,5.32,,,,,,,,5.68,223.8,0,0,223.8,41.39999985694885,0.0,0.0,0.0,0.0,0.0,0.0,0.0,0.0,5.68,0.0,0.0,0.0,1.0,4.0,25,0.0,0.0,0.0,0.0,0.0,0.0,0.0,142,146,160,167,180,192,0.0,0.0,0.0,0.0,0.0,0.0,124.30000000000001,169.5,203.4,237.3,271.2
26,0.0,234.0,0,1484811530.1,88.18342151675485,5.67,,0,36.0,27,10.15,,226.8,5.39,,232.1,5.59,,231.5,5.32,,,,,,,,5.67,234.0,0,0,234.0,43.19999980926514,0.0,0.0,0.0,0.0,0.0,0.0,0.0,0.0,5.67,0.0,0.0,0.0,1.0,4.0,26,0.0,0.0,0.0,0.0,0.0,0.0,0.0,142,146,160,167,180,192,0.0,0.0,0.0,0.0,0.0,0.0,124.30000000000001,169.5,203.4,237.3,271.2
27,0.0,244.2,0,1484811531.9,88.49557522123894,5.65,,0,34.0,28,10.27,,235.2,5.37,,242.2,5.6,,240.9,5.2,,,,,,,,5.65,244.2,0,0,244.2,45.0,0.0,0.0,0.0,0.0,0.0,0.0,0.0,0.0,5.65,0.0,0.0,0.0,1.0,4.0,27,0.0,0.0,0.0,0.0,0.0,0.0,0.0,142,146,160,167,180,192,0.0,0.0,0.0,0.0,0.0,0.0,124.30000000000001,169.5,203.4,237.3,271.2
28,0.0,253.3,0,1484811533.5,87.71929824561403,5.7,,0,34.0,29,9.03,,242.4,5.37,,252.2,5.58,,249.3,5.26,,,,,,,,5.7,253.3,0,0,253.3,46.59999990463257,0.0,0.0,0.0,0.0,0.0,0.0,0.0,0.0,5.7,0.0,0.0,0.0,1.0,4.0,28,0.0,0.0,0.0,0.0,0.0,0.0,0.0,142,146,160,167,180,192,0.0,0.0,0.0,0.0,0.0,0.0,124.30000000000001,169.5,203.4,237.3,271.2
29,0.0,262.2,0,1484811535.3,87.10801393728222,5.74,,0,36.0,30,8.91,,253.2,5.31,,261.2,5.59,,258.9,5.29,,,,,,,,5.74,262.2,0,0,262.2,48.39999985694885,0.0,0.0,0.0,0.0,0.0,0.0,0.0,0.0,5.74,0.0,0.0,0.0,1.0,4.0,29,0.0,0.0,0.0,0.0,0.0,0.0,0.0,142,146,160,167,180,192,0.0,0.0,0.0,0.0,0.0,0.0,124.30000000000001,169.5,203.4,237.3,271.2
30,0.0,273.7,0,1484811537.1,88.33922261484099,5.66,,0,34.0,31,11.52,,262.6,5.29,,271.2,5.58,,268.5,5.25,,,,,,,,5.66,273.7,0,0,273.7,50.19999980926514,0.0,0.0,0.0,0.0,0.0,0.0,0.0,0.0,5.66,0.0,0.0,0.0,1.0,4.0,30,0.0,0.0,0.0,0.0,0.0,0.0,0.0,142,146,160,167,180,192,0.0,0.0,0.0,0.0,0.0,0.0,124.30000000000001,169.5,203.4,237.3,271.2
31,0.0,283.8,0,1484811538.9,88.65248226950355,5.64,,0,33.0,32,10.06,,271.2,5.25,,281.1,5.58,,276.9,5.28,,,,,,,,5.64,283.8,0,0,283.8,52.0,0.0,0.0,0.0,0.0,0.0,0.0,0.0,0.0,5.64,0.0,0.0,0.0,1.0,4.0,31,0.0,0.0,0.0,0.0,0.0,0.0,0.0,142,146,160,167,180,192,0.0,0.0,0.0,0.0,0.0,0.0,124.30000000000001,169.5,203.4,237.3,271.2
32,0.0,292.5,0,1484811540.5,89.92805755395685,5.56,,0,34.0,33,8.74,,280.7,5.35,,289.9,5.64,,286.3,5.33,,,,,,,,5.56,292.5,0,0,292.5,53.59999990463257,0.0,0.0,0.0,0.0,0.0,0.0,0.0,0.0,5.56,0.0,0.0,0.0,1.0,4.0,32,0.0,0.0,0.0,0.0,0.0,0.0,0.0,142,146,160,167,180,192,0.0,0.0,0.0,0.0,0.0,0.0,124.30000000000001,169.5,203.4,237.3,271.2
33,0.0,302.5,0,1484811542.3,89.60573476702508,5.58,,0,34.0,34,10.0,,289.1,5.38,,298.6,5.64,,294.5,5.3,,,,,,,,5.58,302.5,0,0,302.5,55.39999985694885,0.0,0.0,0.0,0.0,0.0,0.0,0.0,0.0,5.58,0.0,0.0,0.0,1.0,4.0,33,0.0,0.0,0.0,0.0,0.0,0.0,0.0,142,146,160,167,180,192,0.0,0.0,0.0,0.0,0.0,0.0,124.30000000000001,169.5,203.4,237.3,271.2
34,0.0,312.6,0,1484811544.3,89.12655971479501,5.61,,0,34.0,35,10.06,,298.5,5.37,,308.3,5.51,,303.9,5.29,,,,,,,,5.61,312.6,0,0,312.6,57.39999985694885,0.0,0.0,0.0,0.0,0.0,0.0,0.0,0.0,5.61,0.0,0.0,0.0,1.0,4.0,34,0.0,0.0,0.0,0.0,0.0,0.0,0.0,142,146,160,167,180,192,0.0,0.0,0.0,0.0,0.0,0.0,124.30000000000001,169.5,203.4,237.3,271.2
35,0.0,322.6,0,1484811545.9,89.44543828264759,5.59,,0,34.0,36,10.08,,306.8,5.36,,318.0,5.46,,312.2,5.32,,,,,,,,5.59,322.6,0,0,322.6,59.0,0.0,0.0,0.0,0.0,0.0,0.0,0.0,0.0,5.59,0.0,0.0,0.0,1.0,4.0,35,0.0,0.0,0.0,0.0,0.0,0.0,0.0,142,146,160,167,180,192,0.0,0.0,0.0,0.0,0.0,0.0,124.30000000000001,169.5,203.4,237.3,271.2
36,0.0,331.4,0,1484811547.5,89.12655971479501,5.61,,0,34.0,37,8.79,,316.3,5.29,,326.6,5.45,,321.6,5.28,,,,,,,,5.61,331.4,0,0,331.4,60.59999990463257,0.0,0.0,0.0,0.0,0.0,0.0,0.0,0.0,5.61,0.0,0.0,0.0,1.0,4.0,36,0.0,0.0,0.0,0.0,0.0,0.0,0.0,142,146,160,167,180,192,0.0,0.0,0.0,0.0,0.0,0.0,124.30000000000001,169.5,203.4,237.3,271.2
37,0.0,342.7,0,1484811549.5,90.09009009009009,5.55,,0,34.0,38,11.23,,325.6,5.22,,336.5,5.39,,329.9,5.29,,,,,,,,5.55,342.7,0,0,342.7,62.59999990463257,0.0,0.0,0.0,0.0,0.0,0.0,0.0,0.0,5.55,0.0,0.0,0.0,1.0,4.0,37,0.0,0.0,0.0,0.0,0.0,0.0,0.0,142,146,160,167,180,192,0.0,0.0,0.0,0.0,0.0,0.0,124.30000000000001,169.5,203.4,237.3,271.2
38,0.0,351.3,0,1484811551.1,90.41591320072332,5.53,,0,34.0,39,8.66,,334.0,5.12,,345.0,5.41,,339.0,5.22,,,,,,,,5.53,351.3,0,0,351.3,64.19999980926514,0.0,0.0,0.0,0.0,0.0,0.0,0.0,0.0,5.53,0.0,0.0,0.0,1.0,4.0,38,0.0,0.0,0.0,0.0,0.0,0.0,0.0,142,146,160,167,180,192,0.0,0.0,0.0,0.0,0.0,0.0,124.30000000000001,169.5,203.4,237.3,271.2
39,0.0,361.2,0,1484811552.9,90.74410163339384,5.51,,0,34.0,40,9.91,,343.4,5.24,,354.8,5.52,,347.2,5.24,,,,,,,,5.51,361.2,0,0,361.2,66.0,0.0,0.0,0.0,0.0,0.0,0.0,0.0,0.0,5.51,0.0,0.0,0.0,1.0,4.0,39,0.0,0.0,0.0,0.0,0.0,0.0,0.0,142,146,160,167,180,192,0.0,0.0,0.0,0.0,0.0,0.0,124.30000000000001,169.5,203.4,237.3,271.2
40,0.0,371.2,0,1484811554.7,89.60573476702508,5.58,,0,34.0,41,9.97,,352.7,5.29,,363.4,5.56,,356.4,5.26,,,,,,,,5.58,371.2,0,0,371.2,67.79999995231628,0.0,0.0,0.0,0.0,0.0,0.0,0.0,0.0,5.58,0.0,0.0,0.0,1.0,4.0,40,0.0,0.0,0.0,0.0,0.0,0.0,0.0,142,146,160,167,180,192,0.0,0.0,0.0,0.0,0.0,0.0,124.30000000000001,169.5,203.4,237.3,271.2
41,0.0,378.6,0,1484811556.3,89.12655971479501,5.61,,0,34.0,42,7.38,,361.0,5.25,,373.2,5.51,,364.7,5.21,,,,,,,,5.61,378.6,0,0,378.6,69.39999985694885,0.0,0.0,0.0,0.0,0.0,0.0,0.0,0.0,5.61,0.0,0.0,0.0,1.0,4.0,41,0.0,0.0,0.0,0.0,0.0,0.0,0.0,142,146,160,167,180,192,0.0,0.0,0.0,0.0,0.0,0.0,124.30000000000001,169.5,203.4,237.3,271.2
42,0.0,391.0,0,1484811558.3,91.07468123861567,5.49,,0,34.0,43,12.42,,369.1,5.24,,382.0,5.52,,372.9,5.22,,,,,,,,5.49,391.0,0,0,391.0,71.39999985694885,0.0,0.0,0.0,0.0,0.0,0.0,0.0,0.0,5.49,0.0,0.0,0.0,1.0,4.0,42,0.0,0.0,0.0,0.0,0.0,0.0,0.0,142,146,160,167,180,192,0.0,0.0,0.0,0.0,0.0,0.0,124.30000000000001,169.5,203.4,237.3,271.2
43,0.0,399.8,0,1484811559.9,91.40767824497259,5.47,,0,34.0,44,8.74,,378.3,5.15,,392.1,5.54,,382.4,5.17,,,,,,,,5.47,399.8,0,0,399.8,73.0,0.0,0.0,0.0,0.0,0.0,0.0,0.0,0.0,5.47,0.0,0.0,0.0,1.0,4.0,43,0.0,0.0,0.0,0.0,0.0,0.0,0.0,142,146,160,167,180,192,0.0,0.0,0.0,0.0,0.0,0.0,124.30000000000001,169.5,203.4,237.3,271.2
44,0.0,409.7,0,1484811561.7,91.91176470588235,5.44,,0,34.0,45,9.93,,387.7,5.16,,401.8,5.54,,391.7,5.22,,,,,,,,5.44,409.7,0,0,409.7,74.79999995231628,0.0,0.0,0.0,0.0,0.0,0.0,0.0,0.0,5.44,0.0,0.0,0.0,1.0,4.0,44,0.0,0.0,0.0,0.0,0.0,0.0,0.0,142,146,160,167,180,192,0.0,0.0,0.0,0.0,0.0,0.0,124.30000000000001,169.5,203.4,237.3,271.2
45,0.0,419.5,0,1484811563.5,90.09009009009009,5.55,,0,34.0,46,9.8,,396.9,5.15,,410.4,5.48,,399.9,5.19,,,,,,,,5.55,419.5,0,0,419.5,76.59999990463257,0.0,0.0,0.0,0.0,0.0,0.0,0.0,0.0,5.55,0.0,0.0,0.0,1.0,4.0,45,0.0,0.0,0.0,0.0,0.0,0.0,0.0,142,146,160,167,180,192,0.0,0.0,0.0,0.0,0.0,0.0,124.30000000000001,169.5,203.4,237.3,271.2
46,0.0,428.0,0,1484811565.3,89.76660682226212,5.57,,0,33.0,47,8.49,,405.0,5.19,,420.2,5.53,,409.2,5.21,,,,,,,,5.57,428.0,0,0,428.0,78.39999985694885,0.0,0.0,0.0,0.0,0.0,0.0,0.0,0.0,5.57,0.0,0.0,0.0,1.0,4.0,46,0.0,0.0,0.0,0.0,0.0,0.0,0.0,142,146,160,167,180,192,0.0,0.0,0.0,0.0,0.0,0.0,124.30000000000001,169.5,203.4,237.3,271.2
47,0.0,439.0,0,1484811567.1,92.08103130755065,5.43,,0,34.0,48,11.0,,414.2,5.19,,428.8,5.6,,417.3,5.24,,,,,,,,5.43,439.0,0,0,439.0,80.19999980926514,0.0,0.0,0.0,0.0,0.0,0.0,0.0,0.0,5.43,0.0,0.0,0.0,1.0,4.0,47,0.0,0.0,0.0,0.0,0.0,0.0,0.0,142,146,160,167,180,192,0.0,0.0,0.0,0.0,0.0,0.0,124.30000000000001,169.5,203.4,237.3,271.2
48,0.0,448.8,0,1484811568.9,91.74311926605505,5.45,,0,34.0,49,9.79,,423.4,5.14,,438.7,5.49,,426.7,5.24,,,,,,,,5.45,448.8,0,0,448.8,82.0,0.0,0.0,0.0,0.0,0.0,0.0,0.0,0.0,5.45,0.0,0.0,0.0,1.0,4.0,48,0.0,0.0,0.0,0.0,0.0,0.0,0.0,142,146,160,167,180,192,0.0,0.0,0.0,0.0,0.0,0.0,124.30000000000001,169.5,203.4,237.3,271.2
49,0.0,458.5,0,1484811570.7,92.93680297397769,5.38,,0,33.0,50,9.74,,431.4,5.14,,448.5,5.44,,433.8,5.26,,,,,,,,5.38,458.5,0,0,458.5,83.79999995231628,0.0,0.0,0.0,0.0,0.0,0.0,0.0,0.0,5.38,0.0,0.0,0.0,1.0,4.0,49,0.0,0.0,0.0,0.0,0.0,0.0,0.0,142,146,160,167,180,192,0.0,0.0,0.0,0.0,0.0,0.0,124.30000000000001,169.5,203.4,237.3,271.2
50,0.0,468.1,0,1484811572.5,92.25092250922509,5.42,,0,34.0,51,9.63,,440.6,5.08,,457.3,5.47,,444.2,5.16,,,,,,,,5.42,468.1,0,0,468.1,85.59999990463257,0.0,0.0,0.0,0.0,0.0,0.0,0.0,0.0,5.42,0.0,0.0,0.0,1.0,4.0,50,0.0,0.0,0.0,0.0,0.0,0.0,0.0,142,146,160,167,180,192,0.0,0.0,0.0,0.0,0.0,0.0,124.30000000000001,169.5,203.4,237.3,271.2
51,0.0,476.7,0,1484811574.3,91.24087591240875,5.48,,0,34.0,52,8.56,,449.6,5.06,,467.1,5.5,,452.3,5.17,,,,,,,,5.48,476.7,0,0,476.7,87.39999985694885,0.0,0.0,0.0,0.0,0.0,0.0,0.0,0.0,5.48,0.0,0.0,0.0,1.0,4.0,51,0.0,0.0,0.0,0.0,0.0,0.0,0.0,142,146,160,167,180,192,0.0,0.0,0.0,0.0,0.0,0.0,124.30000000000001,169.5,203.4,237.3,271.2
52,0.0,486.4,0,1484811575.9,92.08103130755065,5.43,,0,34.0,53,9.69,,457.7,5.04,,476.9,5.49,,461.6,5.14,,,,,,,,5.43,486.4,0,0,486.4,89.0,0.0,0.0,0.0,0.0,0.0,0.0,0.0,0.0,5.43,0.0,0.0,0.0,1.0,4.0,52,0.0,0.0,0.0,0.0,0.0,0.0,0.0,142,146,160,167,180,192,0.0,0.0,0.0,0.0,0.0,0.0,124.30000000000001,169.5,203.4,237.3,271.2
53,0.0,496.2,0,1484811577.7,92.08103130755065,5.43,,0,33.0,54,9.79,,466.8,5.12,,486.6,5.5,,470.9,5.11,,,,,,,,5.43,496.2,0,0,496.2,90.79999995231628,0.0,0.0,0.0,0.0,0.0,0.0,0.0,0.0,5.43,0.0,0.0,0.0,1.0,4.0,53,0.0,0.0,0.0,0.0,0.0,0.0,0.0,142,146,160,167,180,192,0.0,0.0,0.0,0.0,0.0,0.0,124.30000000000001,169.5,203.4,237.3,271.2
54,0.0,505.9,0,1484811579.5,92.42144177449168,5.41,,0,34.0,55,9.75,,474.8,5.19,,494.0,5.52,,479.1,5.16,,,,,,,,5.41,505.9,0,0,505.9,92.59999990463257,0.0,0.0,0.0,0.0,0.0,0.0,0.0,0.0,5.41,0.0,0.0,0.0,1.0,4.0,54,0.0,0.0,0.0,0.0,0.0,0.0,0.0,142,146,160,167,180,192,0.0,0.0,0.0,0.0,0.0,0.0,124.30000000000001,169.5,203.4,237.3,271.2
55,0.0,515.7,0,1484811581.3,91.40767824497259,5.47,,0,34.0,56,9.78,,484.3,5.16,,504.7,5.41,,488.3,5.23,,,,,,,,5.47,515.7,0,0,515.7,94.39999985694885,0.0,0.0,0.0,0.0,0.0,0.0,0.0,0.0,5.47,0.0,0.0,0.0,1.0,4.0,55,0.0,0.0,0.0,0.0,0.0,0.0,0.0,142,146,160,167,180,192,0.0,0.0,0.0,0.0,0.0,0.0,124.30000000000001,169.5,203.4,237.3,271.2
56,0.0,525.4,0,1484811583.3,91.57509157509158,5.46,,0,32.0,57,9.68,,493.5,5.15,,514.4,5.42,,495.4,5.26,,,,,,,,5.46,525.4,0,0,525.4,96.39999985694885,0.0,0.0,0.0,0.0,0.0,0.0,0.0,0.0,5.46,0.0,0.0,0.0,1.0,4.0,56,0.0,0.0,0.0,0.0,0.0,0.0,0.0,142,146,160,167,180,192,0.0,0.0,0.0,0.0,0.0,0.0,124.30000000000001,169.5,203.4,237.3,271.2
57,0.0,535.0,0,1484811584.9,92.59259259259258,5.4,,0,34.0,58,9.58,,501.6,5.11,,524.1,5.39,,505.8,5.19,,,,,,,,5.4,535.0,0,0,535.0,98.0,0.0,0.0,0.0,0.0,0.0,0.0,0.0,0.0,5.4,0.0,0.0,0.0,1.0,4.0,57,0.0,0.0,0.0,0.0,0.0,0.0,0.0,142,146,160,167,180,192,0.0,0.0,0.0,0.0,0.0,0.0,124.30000000000001,169.5,203.4,237.3,271.2
58,0.0,544.6,0,1484811586.7,92.93680297397769,5.38,,0,32.0,59,9.66,,510.7,5.1,,532.9,5.48,,515.1,5.16,,,,,,,,5.38,544.6,0,0,544.6,99.79999995231628,0.0,0.0,0.0,0.0,0.0,0.0,0.0,0.0,5.38,0.0,0.0,0.0,1.0,4.0,58,0.0,0.0,0.0,0.0,0.0,0.0,0.0,142,146,160,167,180,192,0.0,0.0,0.0,0.0,0.0,0.0,124.30000000000001,169.5,203.4,237.3,271.2
59,0.0,554.2,0,1484811588.5,94.5179584120983,5.29,,0,34.0,60,9.63,,519.8,5.1,,542.7,5.56,,523.1,5.11,,,,,,,,5.29,554.2,0,0,554.2,101.59999990463257,0.0,0.0,0.0,0.0,0.0,0.0,0.0,0.0,5.29,0.0,0.0,0.0,1.0,4.0,59,0.0,0.0,0.0,0.0,0.0,0.0,0.0,142,146,160,167,180,192,0.0,0.0,0.0,0.0,0.0,0.0,124.30000000000001,169.5,203.4,237.3,271.2
60,0.0,563.8,0,1484811590.3,94.5179584120983,5.29,,0,33.0,61,9.52,,529.0,5.17,,552.4,5.45,,532.3,5.16,,,,,,,,5.29,563.8,0,0,563.8,103.39999985694885,0.0,0.0,0.0,0.0,0.0,0.0,0.0,0.0,5.29,0.0,0.0,0.0,1.0,4.0,60,0.0,0.0,0.0,0.0,0.0,0.0,0.0,142,146,160,167,180,192,0.0,0.0,0.0,0.0,0.0,0.0,124.30000000000001,169.5,203.4,237.3,271.2
61,0.0,573.2,0,1484811592.3,94.87666034155599,5.27,,0,34.0,62,9.41,,535.8,5.19,,561.0,5.44,,541.5,5.19,,,,,,,,5.27,573.2,0,0,573.2,105.39999985694885,0.0,0.0,0.0,0.0,0.0,0.0,0.0,0.0,5.27,0.0,0.0,0.0,1.0,4.0,61,0.0,0.0,0.0,0.0,0.0,0.0,0.0,142,146,160,167,180,192,0.0,0.0,0.0,0.0,0.0,0.0,124.30000000000001,169.5,203.4,237.3,271.2
62,0.0,582.6,0,1484811593.9,94.87666034155599,5.27,,0,34.0,63,9.42,,551.0,5.11,,570.7,5.45,,549.4,5.16,,,,,,,,5.27,582.6,0,0,582.6,107.0,0.0,0.0,0.0,0.0,0.0,0.0,0.0,0.0,5.27,0.0,0.0,0.0,1.0,4.0,62,0.0,0.0,0.0,0.0,0.0,0.0,0.0,142,146,160,167,180,192,0.0,0.0,0.0,0.0,0.0,0.0,124.30000000000001,169.5,203.4,237.3,271.2
63,0.0,591.1,0,1484811595.5,93.63295880149813,5.34,,0,34.0,64,8.5,,581.9,5.07,,580.3,5.4,,557.3,5.1,,,,,,,,5.34,591.1,0,0,591.1,108.59999990463257,0.0,0.0,0.0,0.0,0.0,0.0,0.0,0.0,5.34,0.0,0.0,0.0,1.0,4.0,63,0.0,0.0,0.0,0.0,0.0,0.0,0.0,142,146,160,167,180,192,0.0,0.0,0.0,0.0,0.0,0.0,124.30000000000001,169.5,203.4,237.3,271.2
64,0.0,601.9,0,1484811597.5,93.63295880149813,5.34,,0,34.0,65,10.82,,588.8,5.12,,589.8,5.3,,567.2,5.0,,,,,,,,5.34,601.9,0,0,601.9,110.59999990463257,0.0,0.0,0.0,0.0,0.0,0.0,0.0,0.0,5.34,0.0,0.0,0.0,1.0,4.0,64,0.0,0.0,0.0,0.0,0.0,0.0,0.0,142,146,160,167,180,192,0.0,0.0,0.0,0.0,0.0,0.0,124.30000000000001,169.5,203.4,237.3,271.2
65,0.0,611.6,0,1484811599.3,93.63295880149813,5.34,,0,32.0,66,9.71,,599.8,5.15,,599.6,5.38,,576.3,5.01,,,,,,,,5.34,611.6,0,0,611.6,112.39999985694885,0.0,0.0,0.0,0.0,0.0,0.0,0.0,0.0,5.34,0.0,0.0,0.0,1.0,4.0,65,0.0,0.0,0.0,0.0,0.0,0.0,0.0,142,146,160,167,180,192,0.0,0.0,0.0,0.0,0.0,0.0,124.30000000000001,169.5,203.4,237.3,271.2
66,0.0,619.8,0,1484811600.9,93.80863039399625,5.33,,0,34.0,67,8.19,,608.5,5.01,,606.9,5.47,,584.2,5.03,,,,,,,,5.33,619.8,0,0,619.8,114.0,0.0,0.0,0.0,0.0,0.0,0.0,0.0,0.0,5.33,0.0,0.0,0.0,1.0,4.0,66,0.0,0.0,0.0,0.0,0.0,0.0,0.0,142,146,160,167,180,192,0.0,0.0,0.0,0.0,0.0,0.0,124.30000000000001,169.5,203.4,237.3,271.2
67,0.0,629.2,0,1484811602.7,93.63295880149813,5.34,,0,33.0,68,9.34,,616.6,4.97,,617.7,5.41,,593.1,5.08,,,,,,,,5.34,629.2,0,0,629.2,115.79999995231628,0.0,0.0,0.0,0.0,0.0,0.0,0.0,0.0,5.34,0.0,0.0,0.0,1.0,4.0,67,0.0,0.0,0.0,0.0,0.0,0.0,0.0,142,146,160,167,180,192,0.0,0.0,0.0,0.0,0.0,0.0,124.30000000000001,169.5,203.4,237.3,271.2
68,0.0,637.3,0,1484811604.4,94.16195856873824,5.31,,0,34.0,69,8.12,,626.9,4.95,,627.1,5.35,,600.8,5.04,,,,,,,,5.31,637.3,0,0,637.3,117.5,0.0,0.0,0.0,0.0,0.0,0.0,0.0,0.0,5.31,0.0,0.0,0.0,1.0,4.0,68,0.0,0.0,0.0,0.0,0.0,0.0,0.0,142,146,160,167,180,192,0.0,0.0,0.0,0.0,0.0,0.0,124.30000000000001,169.5,203.4,237.3,271.2
69,0.0,648.0,0,1484811606.3,95.60229445506691,5.23,,0,34.0,70,10.76,,635.0,5.01,,636.6,5.24,,610.5,4.94,,,,,,,,5.23,648.0,0,0,648.0,119.39999985694885,0.0,0.0,0.0,0.0,0.0,0.0,0.0,0.0,5.23,0.0,0.0,0.0,1.0,4.0,69,0.0,0.0,0.0,0.0,0.0,0.0,0.0,142,146,160,167,180,192,0.0,0.0,0.0,0.0,0.0,0.0,124.30000000000001,169.5,203.4,237.3,271.2
70,0.0,657.5,0,1484811608.1,95.41984732824427,5.24,,0,33.0,71,9.44,,642.8,4.93,,644.8,5.26,,619.1,4.91,,,,,,,,5.24,657.5,0,0,657.5,121.19999980926514,0.0,0.0,0.0,0.0,0.0,0.0,0.0,0.0,5.24,0.0,0.0,0.0,1.0,4.0,70,0.0,0.0,0.0,0.0,0.0,0.0,0.0,142,146,160,167,180,192,0.0,0.0,0.0,0.0,0.0,0.0,124.30000000000001,169.5,203.4,237.3,271.2
71,0.0,667.1,0,1484811609.9,94.87666034155599,5.27,,0,34.0,72,9.61,,653.4,4.88,,653.9,5.3,,627.8,4.81,,,,,,,,5.27,667.1,0,0,667.1,123.0,0.0,0.0,0.0,0.0,0.0,0.0,0.0,0.0,5.27,0.0,0.0,0.0,1.0,4.0,71,0.0,0.0,0.0,0.0,0.0,0.0,0.0,142,146,160,167,180,192,0.0,0.0,0.0,0.0,0.0,0.0,124.30000000000001,169.5,203.4,237.3,271.2
72,0.0,676.8,0,1484811611.7,92.7643784786642,5.39,,0,34.0,73,9.67,,661.1,4.99,,663.4,5.25,,636.4,4.9,,,,,,,,5.39,676.8,0,0,676.8,124.79999995231628,0.0,0.0,0.0,0.0,0.0,0.0,0.0,0.0,5.39,0.0,0.0,0.0,1.0,4.0,72,0.0,0.0,0.0,0.0,0.0,0.0,0.0,142,146,160,167,180,192,0.0,0.0,0.0,0.0,0.0,0.0,124.30000000000001,169.5,203.4,237.3,271.2
73,0.0,683.9,0,1484811613.3,91.40767824497259,5.47,,0,34.0,74,7.18,,670.6,4.9,,672.9,5.33,,643.9,4.93,,,,,,,,5.47,683.9,0,0,683.9,126.39999985694885,0.0,0.0,0.0,0.0,0.0,0.0,0.0,0.0,5.47,0.0,0.0,0.0,1.0,4.0,73,0.0,0.0,0.0,0.0,0.0,0.0,0.0,142,146,160,167,180,192,0.0,0.0,0.0,0.0,0.0,0.0,124.30000000000001,169.5,203.4,237.3,271.2
74,0.0,696.0,0,1484811615.3,93.10986964618249,5.37,,0,34.0,75,12.1,,679.9,5.01,,682.5,5.35,,652.6,4.82,,,,,,,,5.37,696.0,0,0,696.0,128.39999985694885,0.0,0.0,0.0,0.0,0.0,0.0,0.0,0.0,5.37,0.0,0.0,0.0,1.0,4.0,74,0.0,0.0,0.0,0.0,0.0,0.0,0.0,142,146,160,167,180,192,0.0,0.0,0.0,0.0,0.0,0.0,124.30000000000001,169.5,203.4,237.3,271.2
75,0.0,705.7,0,1484811617.1,93.10986964618249,5.37,,0,32.0,76,9.69,,688.2,5.11,,691.0,5.34,,661.0,4.82,,,,,,,,5.37,705.7,0,0,705.7,130.19999980926514,0.0,0.0,0.0,0.0,0.0,0.0,0.0,0.0,5.37,0.0,0.0,0.0,1.0,4.0,75,0.0,0.0,0.0,0.0,0.0,0.0,0.0,142,146,160,167,180,192,0.0,0.0,0.0,0.0,0.0,0.0,124.30000000000001,169.5,203.4,237.3,271.2
76,0.0,714.2,0,1484811618.7,93.10986964618249,5.37,,0,34.0,77,8.49,,697.4,5.08,,700.7,5.35,,669.8,4.82,,,,,,,,5.37,714.2,0,0,714.2,131.79999995231628,0.0,0.0,0.0,0.0,0.0,0.0,0.0,0.0,5.37,0.0,0.0,0.0,1.0,4.0,76,0.0,0.0,0.0,0.0,0.0,0.0,0.0,142,146,160,167,180,192,0.0,0.0,0.0,0.0,0.0,0.0,124.30000000000001,169.5,203.4,237.3,271.2
77,0.0,723.8,0,1484811620.5,91.74311926605505,5.45,,0,34.0,78,9.61,,706.8,5.05,,710.5,5.43,,677.3,4.81,,,,,,,,5.45,723.8,0,0,723.8,133.59999990463257,0.0,0.0,0.0,0.0,0.0,0.0,0.0,0.0,5.45,0.0,0.0,0.0,1.0,4.0,77,0.0,0.0,0.0,0.0,0.0,0.0,0.0,142,146,160,167,180,192,0.0,0.0,0.0,0.0,0.0,0.0,124.30000000000001,169.5,203.4,237.3,271.2
78,0.0,732.3,0,1484811622.3,91.74311926605505,5.45,,0,33.0,79,8.43,,715.9,5.0,,719.1,5.54,,686.1,4.81,,,,,,,,5.45,732.3,0,0,732.3,135.39999985694885,0.0,0.0,0.0,0.0,0.0,0.0,0.0,0.0,5.45,0.0,0.0,0.0,1.0,4.0,78,0.0,0.0,0.0,0.0,0.0,0.0,0.0,142,146,160,167,180,192,0.0,0.0,0.0,0.0,0.0,0.0,124.30000000000001,169.5,203.4,237.3,271.2
79,0.0,743.0,0,1484811624.1,94.33962264150944,5.3,,0,34.0,80,10.79,,725.0,5.11,,729.0,5.47,,694.8,4.96,,,,,,,,5.3,743.0,0,0,743.0,137.19999980926514,0.0,0.0,0.0,0.0,0.0,0.0,0.0,0.0,5.3,0.0,0.0,0.0,1.0,4.0,79,0.0,0.0,0.0,0.0,0.0,0.0,0.0,142,146,160,167,180,192,0.0,0.0,0.0,0.0,0.0,0.0,124.30000000000001,169.5,203.4,237.3,271.2
80,0.0,752.6,0,1484811625.9,94.5179584120983,5.29,,0,33.0,81,9.59,,733.1,5.09,,738.9,5.46,,702.5,4.93,,,,,,,,5.29,752.6,0,0,752.6,139.0,0.0,0.0,0.0,0.0,0.0,0.0,0.0,0.0,5.29,0.0,0.0,0.0,1.0,4.0,80,0.0,0.0,0.0,0.0,0.0,0.0,0.0,142,146,160,167,180,192,0.0,0.0,0.0,0.0,0.0,0.0,124.30000000000001,169.5,203.4,237.3,271.2
81,0.0,762.1,0,1484811627.7,95.41984732824427,5.24,,0,34.0,82,9.46,,742.3,4.99,,748.6,5.46,,712.6,4.83,,,,,,,,5.24,762.1,0,0,762.1,140.79999995231628,0.0,0.0,0.0,0.0,0.0,0.0,0.0,0.0,5.24,0.0,0.0,0.0,1.0,4.0,81,0.0,0.0,0.0,0.0,0.0,0.0,0.0,142,146,160,167,180,192,0.0,0.0,0.0,0.0,0.0,0.0,124.30000000000001,169.5,203.4,237.3,271.2
82,0.0,771.6,0,1484811629.5,93.80863039399625,5.33,,0,34.0,83,9.51,,750.4,5.04,,758.3,5.49,,720.4,4.9,,,,,,,,5.33,771.6,0,0,771.6,142.59999990463257,0.0,0.0,0.0,0.0,0.0,0.0,0.0,0.0,5.33,0.0,0.0,0.0,1.0,4.0,82,0.0,0.0,0.0,0.0,0.0,0.0,0.0,142,146,160,167,180,192,0.0,0.0,0.0,0.0,0.0,0.0,124.30000000000001,169.5,203.4,237.3,271.2
83,0.0,779.8,0,1484811631.3,93.63295880149813,5.34,,0,32.0,84,8.15,,760.6,5.01,,766.8,5.54,,729.0,4.82,,,,,,,,5.34,779.8,0,0,779.8,144.39999985694885,0.0,0.0,0.0,0.0,0.0,0.0,0.0,0.0,5.34,0.0,0.0,0.0,1.0,4.0,83,0.0,0.0,0.0,0.0,0.0,0.0,0.0,142,146,160,167,180,192,0.0,0.0,0.0,0.0,0.0,0.0,124.30000000000001,169.5,203.4,237.3,271.2
84,0.0,790.8,0,1484811633.1,96.71179883945841,5.17,,0,33.0,85,11.07,,769.6,4.97,,776.3,5.46,,737.9,4.83,,,,,,,,5.17,790.8,0,0,790.8,146.19999980926514,0.0,0.0,0.0,0.0,0.0,0.0,0.0,0.0,5.17,0.0,0.0,0.0,1.0,4.0,84,0.0,0.0,0.0,0.0,0.0,0.0,0.0,142,146,160,167,180,192,0.0,0.0,0.0,0.0,0.0,0.0,124.30000000000001,169.5,203.4,237.3,271.2
85,0.0,800.8,0,1484811634.9,96.71179883945841,5.17,,0,34.0,86,9.93,,777.7,5.03,,785.9,5.44,,746.0,4.99,,,,,,,,5.17,800.8,0,0,800.8,148.0,0.0,0.0,0.0,0.0,0.0,0.0,0.0,0.0,5.17,0.0,0.0,0.0,1.0,4.0,85,0.0,0.0,0.0,0.0,0.0,0.0,0.0,142,146,160,167,180,192,0.0,0.0,0.0,0.0,0.0,0.0,124.30000000000001,169.5,203.4,237.3,271.2
86,0.0,810.4,0,1484811636.7,96.89922480620154,5.16,,0,33.0,87,9.59,,786.8,5.1,,795.4,5.37,,755.1,5.13,,,,,,,,5.16,810.4,0,0,810.4,149.79999995231628,0.0,0.0,0.0,0.0,0.0,0.0,0.0,0.0,5.16,0.0,0.0,0.0,1.0,4.0,86,0.0,0.0,0.0,0.0,0.0,0.0,0.0,142,146,160,167,180,192,0.0,0.0,0.0,0.0,0.0,0.0,124.30000000000001,169.5,203.4,237.3,271.2
87,0.0,820.1,0,1484811638.5,95.05703422053233,5.26,,0,34.0,88,9.71,,795.0,5.12,,803.7,5.37,,763.1,5.12,,,,,,,,5.26,820.1,0,0,820.1,151.59999990463257,0.0,0.0,0.0,0.0,0.0,0.0,0.0,0.0,5.26,0.0,0.0,0.0,1.0,4.0,87,0.0,0.0,0.0,0.0,0.0,0.0,0.0,142,146,160,167,180,192,0.0,0.0,0.0,0.0,0.0,0.0,124.30000000000001,169.5,203.4,237.3,271.2
88,0.0,828.7,0,1484811640.3,94.33962264150944,5.3,,0,33.0,89,8.67,,805.3,5.14,,813.3,5.36,,772.4,5.06,,,,,,,,5.3,828.7,0,0,828.7,153.39999985694885,0.0,0.0,0.0,0.0,0.0,0.0,0.0,0.0,5.3,0.0,0.0,0.0,1.0,4.0,88,0.0,0.0,0.0,0.0,0.0,0.0,0.0,142,146,160,167,180,192,0.0,0.0,0.0,0.0,0.0,0.0,124.30000000000001,169.5,203.4,237.3,271.2
89,0.0,839.7,0,1484811642.1,96.15384615384615,5.2,,0,34.0,90,11.0,,814.4,5.14,,822.8,5.34,,781.3,5.07,,,,,,,,5.2,839.7,0,0,839.7,155.19999980926514,0.0,0.0,0.0,0.0,0.0,0.0,0.0,0.0,5.2,0.0,0.0,0.0,1.0,4.0,89,0.0,0.0,0.0,0.0,0.0,0.0,0.0,142,146,160,167,180,192,0.0,0.0,0.0,0.0,0.0,0.0,124.30000000000001,169.5,203.4,237.3,271.2
90,0.0,849.3,0,1484811643.9,96.33911368015414,5.19,,0,32.0,91,9.53,,823.1,5.02,,831.0,5.34,,790.2,5.06,,,,,,,,5.19,849.3,0,0,849.3,157.0,0.0,0.0,0.0,0.0,0.0,0.0,0.0,0.0,5.19,0.0,0.0,0.0,1.0,4.0,90,0.0,0.0,0.0,0.0,0.0,0.0,0.0,142,146,160,167,180,192,0.0,0.0,0.0,0.0,0.0,0.0,124.30000000000001,169.5,203.4,237.3,271.2
91,0.0,858.7,0,1484811645.7,97.46588693957115,5.13,,0,34.0,92,9.43,,830.8,4.86,,841.4,5.2,,797.8,5.08,,,,,,,,5.13,858.7,0,0,858.7,158.79999995231628,0.0,0.0,0.0,0.0,0.0,0.0,0.0,0.0,5.13,0.0,0.0,0.0,1.0,4.0,91,0.0,0.0,0.0,0.0,0.0,0.0,0.0,142,146,160,167,180,192,0.0,0.0,0.0,0.0,0.0,0.0,124.30000000000001,169.5,203.4,237.3,271.2
92,0.0,868.2,0,1484811647.5,96.33911368015414,5.19,,0,32.0,93,9.49,,839.6,4.88,,851.0,5.22,,805.3,4.99,,,,,,,,5.19,868.2,0,0,868.2,160.59999990463257,0.0,0.0,0.0,0.0,0.0,0.0,0.0,0.0,5.19,0.0,0.0,0.0,1.0,4.0,92,0.0,0.0,0.0,0.0,0.0,0.0,0.0,142,146,160,167,180,192,0.0,0.0,0.0,0.0,0.0,0.0,124.30000000000001,169.5,203.4,237.3,271.2
93,0.0,876.4,0,1484811649.3,95.23809523809524,5.25,,0,34.0,94,8.2,,848.8,4.98,,859.4,5.32,,814.2,4.88,,,,,,,,5.25,876.4,0,0,876.4,162.39999985694885,0.0,0.0,0.0,0.0,0.0,0.0,0.0,0.0,5.25,0.0,0.0,0.0,1.0,4.0,93,0.0,0.0,0.0,0.0,0.0,0.0,0.0,142,146,160,167,180,192,0.0,0.0,0.0,0.0,0.0,0.0,124.30000000000001,169.5,203.4,237.3,271.2
94,0.0,887.2,0,1484811651.1,96.89922480620154,5.16,,0,33.0,95,10.81,,857.7,4.95,,869.0,5.36,,822.8,4.82,,,,,,,,5.16,887.2,0,0,887.2,164.19999980926514,0.0,0.0,0.0,0.0,0.0,0.0,0.0,0.0,5.16,0.0,0.0,0.0,1.0,4.0,94,0.0,0.0,0.0,0.0,0.0,0.0,0.0,142,146,160,167,180,192,0.0,0.0,0.0,0.0,0.0,0.0,124.30000000000001,169.5,203.4,237.3,271.2
95,0.0,896.9,0,1484811652.9,96.15384615384615,5.2,,0,34.0,96,9.71,,866.7,4.92,,877.2,5.34,,831.4,4.8,,,,,,,,5.2,896.9,0,0,896.9,166.0,0.0,0.0,0.0,0.0,0.0,0.0,0.0,0.0,5.2,0.0,0.0,0.0,1.0,4.0,95,0.0,0.0,0.0,0.0,0.0,0.0,0.0,142,146,160,167,180,192,0.0,0.0,0.0,0.0,0.0,0.0,124.30000000000001,169.5,203.4,237.3,271.2
96,0.0,906.5,0,1484811654.7,95.41984732824427,5.24,,0,34.0,97,9.6,,876.0,5.01,,887.9,5.28,,840.3,4.96,,,,,,,,5.24,906.5,0,0,906.5,167.79999995231628,0.0,0.0,0.0,0.0,0.0,0.0,0.0,0.0,5.24,0.0,0.0,0.0,1.0,4.0,96,0.0,0.0,0.0,0.0,0.0,0.0,0.0,142,146,160,167,180,192,0.0,0.0,0.0,0.0,0.0,0.0,124.30000000000001,169.5,203.4,237.3,271.2
97,0.0,916.0,0,1484811656.5,93.80863039399625,5.33,,0,34.0,98,9.47,,885.0,5.1,,897.4,5.32,,849.0,5.0,,,,,,,,5.33,916.0,0,0,916.0,169.59999990463257,0.0,0.0,0.0,0.0,0.0,0.0,0.0,0.0,5.33,0.0,0.0,0.0,1.0,4.0,97,0.0,0.0,0.0,0.0,0.0,0.0,0.0,142,146,160,167,180,192,0.0,0.0,0.0,0.0,0.0,0.0,124.30000000000001,169.5,203.4,237.3,271.2
98,0.0,924.0,0,1484811658.3,93.63295880149813,5.34,,0,33.0,99,8.08,,892.9,5.03,,906.8,5.32,,856.9,4.93,,,,,,,,5.34,924.0,0,0,924.0,171.39999985694885,0.0,0.0,0.0,0.0,0.0,0.0,0.0,0.0,5.34,0.0,0.0,0.0,1.0,4.0,98,0.0,0.0,0.0,0.0,0.0,0.0,0.0,142,146,160,167,180,192,0.0,0.0,0.0,0.0,0.0,0.0,124.30000000000001,169.5,203.4,237.3,271.2
99,0.0,934.8,0,1484811660.1,95.96928982725528,5.21,,0,34.0,100,10.72,,901.8,4.96,,916.0,5.3,,864.9,5.01,,,,,,,,5.21,934.8,0,0,934.8,173.19999980926514,0.0,0.0,0.0,0.0,0.0,0.0,0.0,0.0,5.21,0.0,0.0,0.0,1.0,4.0,99,0.0,0.0,0.0,0.0,0.0,0.0,0.0,142,146,160,167,180,192,0.0,0.0,0.0,0.0,0.0,0.0,124.30000000000001,169.5,203.4,237.3,271.2
100,0.0,944.2,0,1484811661.9,95.60229445506691,5.23,,0,32.0,101,9.46,,910.7,4.93,,924.0,5.28,,874.8,5.0,,,,,,,,5.23,944.2,0,0,944.2,175.0,0.0,0.0,0.0,0.0,0.0,0.0,0.0,0.0,5.23,0.0,0.0,0.0,1.0,4.0,100,0.0,0.0,0.0,0.0,0.0,0.0,0.0,142,146,160,167,180,192,0.0,0.0,0.0,0.0,0.0,0.0,124.30000000000001,169.5,203.4,237.3,271.2
101,0.0,953.6,0,1484811663.7,95.96928982725528,5.21,,0,33.0,102,9.42,,919.1,4.89,,934.6,5.21,,882.8,4.98,,,,,,,,5.21,953.6,0,0,953.6,176.79999995231628,0.0,0.0,0.0,0.0,0.0,0.0,0.0,0.0,5.21,0.0,0.0,0.0,1.0,4.0,101,0.0,0.0,0.0,0.0,0.0,0.0,0.0,142,146,160,167,180,192,0.0,0.0,0.0,0.0,0.0,0.0,124.30000000000001,169.5,203.4,237.3,271.2
102,0.0,963.0,0,1484811665.5,94.5179584120983,5.29,,0,34.0,103,9.4,,927.8,4.77,,944.0,5.24,,892.0,5.03,,,,,,,,5.29,963.0,0,0,963.0,178.59999990463257,0.0,0.0,0.0,0.0,0.0,0.0,0.0,0.0,5.29,0.0,0.0,0.0,1.0,4.0,102,0.0,0.0,0.0,0.0,0.0,0.0,0.0,142,146,160,167,180,192,0.0,0.0,0.0,0.0,0.0,0.0,124.30000000000001,169.5,203.4,237.3,271.2
103,0.0,971.2,0,1484811667.3,93.45794392523365,5.35,,0,32.0,104,8.16,,936.9,4.85,,953.3,5.19,,900.9,5.11,,,,,,,,5.35,971.2,0,0,971.2,180.39999985694885,0.0,0.0,0.0,0.0,0.0,0.0,0.0,0.0,5.35,0.0,0.0,0.0,1.0,4.0,103,0.0,0.0,0.0,0.0,0.0,0.0,0.0,142,146,160,167,180,192,0.0,0.0,0.0,0.0,0.0,0.0,124.30000000000001,169.5,203.4,237.3,271.2
104,0.0,981.9,0,1484811669.1,95.78544061302682,5.22,,0,34.0,105,10.65,,943.5,5.0,,961.6,5.22,,908.8,5.08,,,,,,,,5.22,981.9,0,0,981.9,182.19999980926514,0.0,0.0,0.0,0.0,0.0,0.0,0.0,0.0,5.22,0.0,0.0,0.0,1.0,4.0,104,0.0,0.0,0.0,0.0,0.0,0.0,0.0,142,146,160,167,180,192,0.0,0.0,0.0,0.0,0.0,0.0,124.30000000000001,169.5,203.4,237.3,271.2
105,0.0,991.2,0,1484811670.9,96.15384615384615,5.2,,0,33.0,106,9.37,,953.4,4.96,,971.1,5.31,,917.6,4.96,,,,,,,,5.2,991.2,0,0,991.2,184.0,0.0,0.0,0.0,0.0,0.0,0.0,0.0,0.0,5.2,0.0,0.0,0.0,1.0,4.0,105,0.0,0.0,0.0,0.0,0.0,0.0,0.0,142,146,160,167,180,192,0.0,0.0,0.0,0.0,0.0,0.0,124.30000000000001,169.5,203.4,237.3,271.2
106,0.0,991.2,0,1484811670.9,96.15384615384615,5.2,,0,33.0,106,9.37,,962.3,4.89,,980.8,5.37,,925.5,5.02,,,,,,,,5.2,991.2,0,0,991.2,184.0,0.0,0.0,0.0,0.0,0.0,0.0,0.0,0.0,5.2,0.0,0.0,0.0,1.0,4.0,105,0.0,0.0,0.0,0.0,0.0,0.0,0.0,142,146,160,167,180,192,0.0,0.0,0.0,0.0,0.0,0.0,124.30000000000001,169.5,203.4,237.3,271.2
107,0.0,991.2,0,1484811670.9,96.15384615384615,5.2,,0,33.0,106,9.37,,970.6,4.82,,990.3,5.4,,934.5,5.01,,,,,,,,5.2,991.2,0,0,991.2,184.0,0.0,0.0,0.0,0.0,0.0,0.0,0.0,0.0,5.2,0.0,0.0,0.0,1.0,4.0,105,0.0,0.0,0.0,0.0,0.0,0.0,0.0,142,146,160,167,180,192,0.0,0.0,0.0,0.0,0.0,0.0,124.30000000000001,169.5,203.4,237.3,271.2
108,0.0,991.2,0,1484811670.9,96.15384615384615,5.2,,0,33.0,106,9.37,,979.6,4.81,,999.6,5.27,,943.8,5.08,,,,,,,,5.2,991.2,0,0,991.2,184.0,0.0,0.0,0.0,0.0,0.0,0.0,0.0,0.0,5.2,0.0,0.0,0.0,1.0,4.0,105,0.0,0.0,0.0,0.0,0.0,0.0,0.0,142,146,160,167,180,192,0.0,0.0,0.0,0.0,0.0,0.0,124.30000000000001,169.5,203.4,237.3,271.2
109,0.0,991.2,0,1484811670.9,96.15384615384615,5.2,,0,33.0,106,9.37,,987.4,4.96,,999.6,5.27,,952.5,5.13,,,,,,,,5.2,991.2,0,0,991.2,184.0,0.0,0.0,0.0,0.0,0.0,0.0,0.0,0.0,5.2,0.0,0.0,0.0,1.0,4.0,105,0.0,0.0,0.0,0.0,0.0,0.0,0.0,142,146,160,167,180,192,0.0,0.0,0.0,0.0,0.0,0.0,124.30000000000001,169.5,203.4,237.3,271.2
110,0.0,991.2,0,1484811670.9,96.15384615384615,5.2,,0,33.0,106,9.37,,997.2,4.94,,999.6,5.27,,960.2,5.13,,,,,,,,5.2,991.2,0,0,991.2,184.0,0.0,0.0,0.0,0.0,0.0,0.0,0.0,0.0,5.2,0.0,0.0,0.0,1.0,4.0,105,0.0,0.0,0.0,0.0,0.0,0.0,0.0,142,146,160,167,180,192,0.0,0.0,0.0,0.0,0.0,0.0,124.30000000000001,169.5,203.4,237.3,271.2
111,0.0,991.2,0,1484811670.9,96.15384615384615,5.2,,0,33.0,106,9.37,,997.2,4.94,,999.6,5.27,,967.6,5.08,,,,,,,,5.2,991.2,0,0,991.2,184.0,0.0,0.0,0.0,0.0,0.0,0.0,0.0,0.0,5.2,0.0,0.0,0.0,1.0,4.0,105,0.0,0.0,0.0,0.0,0.0,0.0,0.0,142,146,160,167,180,192,0.0,0.0,0.0,0.0,0.0,0.0,124.30000000000001,169.5,203.4,237.3,271.2
112,0.0,991.2,0,1484811670.9,96.15384615384615,5.2,,0,33.0,106,9.37,,997.2,4.94,,999.6,5.27,,977.8,4.95,,,,,,,,5.2,991.2,0,0,991.2,184.0,0.0,0.0,0.0,0.0,0.0,0.0,0.0,0.0,5.2,0.0,0.0,0.0,1.0,4.0,105,0.0,0.0,0.0,0.0,0.0,0.0,0.0,142,146,160,167,180,192,0.0,0.0,0.0,0.0,0.0,0.0,124.30000000000001,169.5,203.4,237.3,271.2
113,0.0,991.2,0,1484811670.9,96.15384615384615,5.2,,0,33.0,106,9.37,,997.2,4.94,,999.6,5.27,,985.7,4.96,,,,,,,,5.2,991.2,0,0,991.2,184.0,0.0,0.0,0.0,0.0,0.0,0.0,0.0,0.0,5.2,0.0,0.0,0.0,1.0,4.0,105,0.0,0.0,0.0,0.0,0.0,0.0,0.0,142,146,160,167,180,192,0.0,0.0,0.0,0.0,0.0,0.0,124.30000000000001,169.5,203.4,237.3,271.2
114,0.0,991.2,0,1484811670.9,96.15384615384615,5.2,,0,33.0,106,9.37,,997.2,4.94,,999.6,5.27,,994.4,4.92,,,,,,,,5.2,991.2,0,0,991.2,184.0,0.0,0.0,0.0,0.0,0.0,0.0,0.0,0.0,5.2,0.0,0.0,0.0,1.0,4.0,105,0.0,0.0,0.0,0.0,0.0,0.0,0.0,142,146,160,167,180,192,0.0,0.0,0.0,0.0,0.0,0.0,124.30000000000001,169.5,203.4,237.3,271.2
