Interval,Type,Distance(m),Time,Stroke,Rate,Speed(m/s),Split,Time(sec),Split(sec),HR
1,D,20,0:00:17.0,3,12.6,1.175,7:05.4,17.0,425.4,116
2,D,40,0:00:51.5,8,12.2,0.580,14:22.1,51.5,862.1,111
3,D,60,0:01:11.1,12,18.5,1.020,8:10.2,71.1,490.2,118
4,D,80,0:01:19.5,14,18.3,2.375,3:30.6,79.5,210.6,129
5,D,100,0:01:27.7,17,18.8,2.429,3:25.9,87.8,205.9,132
6,D,120,0:01:34.9,19,20.3,2.770,3:00.5,95.0,180.5,135
7,D,140,0:01:41.0,22,25.7,3.291,2:31.10,101.1,152.0,140
8,D,160,0:01:46.3,25,27.1,3.754,2:13.2,106.4,133.2,146
9,D,180,0:01:51.8,27,27.7,3.689,2:15.6,111.8,135.6,152
10,D,200,0:01:57.2,29,27.0,3.678,2:15.10,117.3,136.0,156
11,D,220,0:02:03.0,32,27.2,3.478,2:23.8,123.0,143.8,157
12,D,240,0:02:08.4,35,27.6,3.689,2:15.6,128.4,135.6,158
13,D,260,0:02:14.1,37,27.5,3.469,2:24.2,134.2,144.2,160
14,D,280,0:02:19.4,40,27.8,3.798,2:11.7,139.5,131.7,161
15,D,300,0:02:25.1,42,26.9,3.507,2:22.6,145.2,142.6,162
16,D,320,0:02:30.7,45,26.9,3.606,2:18.7,150.7,138.7,162
17,D,340,0:02:36.6,47,26.3,3.368,2:28.5,156.6,148.5,163
18,D,360,0:02:42.7,50,26.5,3.274,2:32.7,162.8,152.7,164
19,D,380,0:02:48.6,53,25.6,3.404,2:26.9,168.6,146.9,165
20,D,400,0:02:54.6,55,25.3,3.299,2:31.6,174.7,151.6,166
21,D,420,0:03:00.3,58,26.2,3.545,2:21.0,180.3,141.0,166
22,D,440,0:03:06.4,60,25.9,3.257,2:33.5,186.5,153.5,166
23,D,460,0:03:12.6,63,26.3,3.224,2:35.1,192.7,155.1,166
24,D,480,0:03:18.4,66,26.4,3.441,2:25.3,198.5,145.3,166
25,D,500,0:03:24.6,68,27.1,3.232,2:34.7,204.7,154.7,167
26,D,520,0:03:30.8,71,25.8,3.232,2:34.7,210.9,154.7,167
27,D,540,0:03:36.9,74,25.9,3.291,2:31.10,216.9,152.0,167
28,D,560,0:03:43.3,76,25.1,3.107,2:40.10,223.4,161.0,168
29,D,580,0:03:49.5,79,25.3,3.224,2:35.1,229.6,155.1,168
30,D,600,0:03:55.5,81,26.0,3.351,2:29.2,235.6,149.2,169
31,D,620,0:04:01.6,84,26.1,3.265,2:33.1,241.7,153.1,169
32,D,640,0:04:07.6,87,25.6,3.324,2:30.4,247.7,150.4,168
33,D,660,0:04:13.6,89,26.0,3.342,2:29.6,253.7,149.6,169
34,D,680,0:04:19.5,92,25.7,3.377,2:28.1,259.6,148.1,168
35,D,700,0:04:25.5,94,25.3,3.386,2:27.7,265.5,147.7,168
36,D,720,0:04:31.5,97,25.1,3.333,2:30.0,271.5,150.0,168
37,D,740,0:04:37.4,99,25.2,3.377,2:28.1,277.4,148.1,169
38,D,760,0:04:43.5,102,25.5,3.240,2:34.3,283.6,154.3,169
39,D,780,0:04:49.3,104,25.4,3.497,2:23.0,289.3,143.0,169
40,D,800,0:04:55.1,107,26.3,3.422,2:26.1,295.2,146.1,169
41,D,820,0:05:00.8,109,26.4,3.488,2:23.4,300.9,143.4,169
42,D,840,0:05:06.9,112,26.8,3.307,2:31.2,306.9,151.2,169
43,D,860,0:05:12.6,115,26.5,3.497,2:23.0,312.7,143.0,170
44,D,880,0:05:18.6,117,27.3,3.333,2:30.0,318.7,150.0,170
45,D,900,0:05:24.5,120,27.3,3.414,2:26.5,324.5,146.5,170
46,D,920,0:05:30.1,123,27.2,3.556,2:20.6,330.1,140.6,170
47,D,940,0:05:35.9,125,26.6,3.469,2:24.2,335.9,144.2,170
48,D,960,0:05:41.4,128,26.7,3.616,2:18.3,341.4,138.3,170
49,D,980,0:05:47.0,130,27.1,3.575,2:19.9,347.0,139.9,170
50,D,1000,0:05:52.5,133,26.7,3.657,2:16.7,352.5,136.7,170
51,D,1020,0:05:58.1,135,27.5,3.516,2:22.2,358.2,142.2,170
52,D,1040,0:06:03.9,138,27.8,3.488,2:23.4,363.9,143.4,171
53,D,1060,0:06:09.3,140,27.2,3.689,2:15.6,369.3,135.6,171
54,D,1080,0:06:14.8,143,27.3,3.616,2:18.3,374.9,138.3,171
55,D,1100,0:06:20.3,145,27.7,3.657,2:16.7,380.3,136.7,172
56,D,1120,0:06:26.1,148,26.8,3.450,2:24.9,386.1,144.9,172
57,D,1140,0:06:31.6,150,26.9,3.606,2:18.7,391.7,138.7,172
58,D,1160,0:06:37.3,153,27.0,3.526,2:21.8,397.4,141.8,172
59,D,1180,0:06:42.7,155,26.9,3.721,2:14.4,402.7,134.4,172
60,D,1200,0:06:48.2,158,27.3,3.606,2:18.7,408.3,138.7,171
61,D,1220,0:06:53.5,160,27.7,3.832,2:10.5,413.5,130.5,171
62,D,1240,0:06:58.7,163,26.8,3.821,2:10.9,418.7,130.9,171
63,D,1260,0:07:04.1,165,26.5,3.689,2:15.6,424.2,135.6,171
64,D,1280,0:07:09.4,167,27.0,3.776,2:12.4,429.5,132.4,172
65,D,1300,0:07:14.7,170,27.0,3.754,2:13.2,434.8,133.2,172
66,D,1320,0:07:19.9,172,27.5,3.867,2:09.3,440.0,129.3,172
67,D,1340,0:07:25.0,175,27.9,3.963,2:06.2,445.0,126.2,172
68,D,1360,0:07:30.4,177,27.5,3.678,2:15.10,450.4,136.0,172
69,D,1380,0:07:35.6,179,27.8,3.821,2:10.9,455.7,130.9,173
70,D,1400,0:07:41.2,182,27.6,3.566,2:20.2,461.3,140.2,173
71,D,1420,0:07:46.4,184,27.0,3.867,2:09.3,466.5,129.3,173
72,D,1440,0:07:51.5,187,26.7,3.963,2:06.2,471.5,126.2,173
73,D,1460,0:07:56.9,189,27.0,3.678,2:15.10,476.9,136.0,173
74,D,1480,0:08:02.1,191,26.6,3.821,2:10.9,482.2,130.9,174
75,D,1500,0:08:07.3,194,27.2,3.832,2:10.5,487.4,130.5,174
76,D,1520,0:08:12.8,196,26.7,3.689,2:15.6,492.8,135.6,174
77,D,1540,0:08:18.2,199,26.9,3.678,2:15.10,498.3,136.0,174
78,D,1560,0:08:23.8,201,27.0,3.566,2:20.2,503.9,140.2,175
79,D,1580,0:08:29.3,204,26.8,3.616,2:18.3,509.4,138.3,175
80,D,1600,0:08:35.2,206,26.4,3.441,2:25.3,515.2,145.3,175
81,D,1620,0:08:41.1,209,26.5,3.377,2:28.1,521.1,148.1,175
82,D,1640,0:08:46.7,211,26.3,3.575,2:19.9,526.7,139.9,174
83,D,1660,0:08:52.0,214,26.1,3.787,2:12.0,532.0,132.0,174
84,D,1680,0:08:57.6,216,26.3,3.566,2:20.2,537.6,140.2,174
85,D,1700,0:09:03.1,218,27.2,3.616,2:18.3,543.1,138.3,174
86,D,1720,0:09:08.9,221,26.5,3.450,2:24.9,548.9,144.9,174
87,D,1740,0:09:14.4,223,26.3,3.626,2:17.9,554.5,137.9,174
88,D,1760,0:09:20.3,226,26.3,3.404,2:26.9,560.3,146.9,174
89,D,1780,0:09:26.0,229,26.3,3.488,2:23.4,566.1,143.4,174
90,D,1800,0:09:31.9,231,26.9,3.404,2:26.9,571.9,146.9,174
91,D,1820,0:09:37.8,234,26.8,3.377,2:28.1,577.9,148.1,175
92,D,1840,0:09:43.4,236,26.1,3.566,2:20.2,583.5,140.2,175
93,D,1860,0:09:48.8,239,26.5,3.700,2:15.2,588.9,135.2,175
94,D,1880,0:09:54.5,241,26.4,3.556,2:20.6,594.5,140.6,175
95,D,1900,0:09:59.8,243,26.5,3.754,2:13.2,599.8,133.2,175
96,D,1920,0:10:05.3,246,26.8,3.595,2:19.1,605.4,139.1,176
97,D,1940,0:10:10.6,248,27.4,3.832,2:10.5,610.6,130.5,175
98,D,1960,0:10:16.0,251,27.4,3.710,2:14.8,616.0,134.8,176
99,D,1980,0:10:21.4,253,26.1,3.657,2:16.7,621.5,136.7,176
100,D,2000,0:10:26.9,256,27.0,3.657,2:16.7,626.9,136.7,176
101,D,2020,0:10:32.4,258,26.6,3.616,2:18.3,632.5,138.3,176
102,D,2040,0:10:37.8,261,27.1,3.754,2:13.2,637.8,133.2,176
103,D,2060,0:10:43.4,263,27.6,3.545,2:21.0,643.4,141.0,176
104,D,2080,0:10:48.9,266,27.3,3.606,2:18.7,649.0,138.7,176
105,D,2100,0:10:54.6,268,27.8,3.516,2:22.2,654.7,142.2,177
106,D,2120,0:11:00.1,271,27.2,3.689,2:15.6,660.1,135.6,176
107,D,2140,0:11:05.6,273,26.9,3.586,2:19.5,665.7,139.5,177
108,D,2160,0:11:11.0,276,27.5,3.732,2:14.0,671.0,134.0,177
109,D,2180,0:11:16.4,278,27.2,3.668,2:16.3,676.5,136.3,177
110,D,2200,0:11:21.6,281,27.2,3.915,2:07.7,681.6,127.7,177
111,D,2220,0:11:26.9,283,27.7,3.732,2:14.0,687.0,134.0,177
112,D,2240,0:11:32.1,285,27.8,3.855,2:09.7,692.1,129.7,177
113,D,2260,0:11:37.5,288,28.6,3.700,2:15.2,697.6,135.2,177
114,D,2280,0:11:42.7,290,28.8,3.855,2:09.7,702.7,129.7,178
115,D,2300,0:11:48.3,293,28.6,3.556,2:20.6,708.4,140.6,178
116,D,2320,0:11:53.9,296,28.5,3.566,2:20.2,714.0,140.2,178
117,D,2340,0:11:59.5,298,28.0,3.575,2:19.9,719.6,139.9,178
118,D,2360,0:12:05.4,301,27.7,3.422,2:26.1,725.4,146.1,179
119,D,2380,0:12:10.8,304,27.4,3.700,2:15.2,730.8,135.2,179
120,D,2400,0:12:16.2,306,27.3,3.668,2:16.3,736.3,136.3,179
121,D,2420,0:12:21.4,308,27.6,3.855,2:09.7,741.5,129.7,179
122,D,2440,0:12:26.8,311,27.7,3.721,2:14.4,746.8,134.4,179
123,D,2460,0:12:32.1,313,28.0,3.743,2:13.6,752.2,133.6,179
124,D,2480,0:12:38.1,316,27.4,3.368,2:28.5,758.1,148.5,179
125,D,2500,0:12:43.9,319,28.8,3.432,2:25.7,763.9,145.7,179
126,D,2520,0:12:49.4,321,27.5,3.606,2:18.7,769.5,138.7,180
127,D,2540,0:12:55.5,324,25.8,3.316,2:30.8,775.5,150.8,179
128,D,2560,0:13:01.3,327,26.1,3.432,2:25.7,781.4,145.7,179
129,D,2580,0:13:07.5,329,25.4,3.208,2:35.9,787.6,155.9,178
130,D,2600,0:13:13.5,332,25.9,3.351,2:29.2,793.6,149.2,179
131,D,2620,0:13:19.4,334,25.6,3.414,2:26.5,799.4,146.5,178
132,D,2640,0:13:25.2,337,25.2,3.450,2:24.9,805.2,144.9,178
133,D,2660,0:13:31.2,339,25.5,3.333,2:30.0,811.2,150.0,178
134,D,2680,0:13:37.0,342,26.6,3.441,2:25.3,817.0,145.3,178
135,D,2700,0:13:42.7,344,26.2,3.507,2:22.6,822.7,142.6,178
136,D,2720,0:13:48.8,347,25.9,3.291,2:31.10,828.8,152.0,178
137,D,2740,0:13:54.6,349,25.9,3.422,2:26.1,834.6,146.1,178
138,D,2760,0:14:00.6,352,26.2,3.351,2:29.2,840.6,149.2,178
139,D,2780,0:14:06.3,355,26.0,3.488,2:23.4,846.4,143.4,178
140,D,2800,0:14:12.2,357,26.6,3.414,2:26.5,852.2,146.5,178
141,D,2820,0:14:17.7,360,26.2,3.595,2:19.1,857.8,139.1,177
142,D,2840,0:14:23.6,362,25.9,3.432,2:25.7,863.6,145.7,178
143,D,2860,0:14:29.1,365,27.4,3.606,2:18.7,869.1,138.7,178
144,D,2880,0:14:34.7,367,28.1,3.586,2:19.5,874.7,139.5,178
145,D,2900,0:14:40.6,370,28.9,3.360,2:28.8,880.7,148.8,178
146,D,2920,0:14:46.7,373,28.0,3.282,2:32.4,886.8,152.4,178
147,D,2940,0:14:52.4,376,27.6,3.545,2:21.0,892.4,141.0,178
148,D,2960,0:14:58.1,378,26.8,3.497,2:23.0,898.1,143.0,178
149,D,2980,0:15:04.1,381,27.5,3.316,2:30.8,904.2,150.8,178
150,D,3000,0:15:10.0,384,27.1,3.386,2:27.7,910.1,147.7,178
151,D,3020,0:15:15.8,386,26.7,3.432,2:25.7,915.9,145.7,179
152,D,3040,0:15:21.6,389,26.4,3.497,2:23.0,921.6,143.0,178
153,D,3060,0:15:27.3,391,26.5,3.478,2:23.8,927.4,143.8,179
154,D,3080,0:15:32.8,394,26.1,3.647,2:17.1,932.9,137.1,178
155,D,3100,0:15:38.6,396,26.5,3.478,2:23.8,938.6,143.8,178
156,D,3120,0:15:44.0,399,26.9,3.647,2:17.1,944.1,137.1,178
157,D,3140,0:15:49.7,401,26.6,3.536,2:21.4,949.7,141.4,178
158,D,3160,0:15:55.3,404,26.2,3.586,2:19.5,955.3,139.5,178
159,D,3180,0:16:01.0,406,26.4,3.469,2:24.2,961.1,144.2,178
160,D,3200,0:16:06.6,409,26.4,3.626,2:17.9,966.6,137.9,178
161,D,3220,0:16:12.3,411,26.8,3.497,2:23.0,972.3,143.0,178
162,D,3240,0:16:18.0,414,26.7,3.478,2:23.8,978.1,143.8,179
163,D,3260,0:16:24.1,416,26.3,3.299,2:31.6,984.1,151.6,178
164,D,3280,0:16:30.0,419,26.6,3.360,2:28.8,990.1,148.8,178
165,D,3300,0:16:35.8,421,27.1,3.488,2:23.4,995.8,143.4,177
166,D,3320,0:16:41.8,424,26.9,3.342,2:29.6,1001.8,149.6,177
167,D,3340,0:16:47.3,427,27.3,3.575,2:19.9,1007.4,139.9,177
168,D,3360,0:16:52.9,429,26.4,3.595,2:19.1,1013.0,139.1,178
169,D,3380,0:16:58.5,432,26.8,3.566,2:20.2,1018.6,140.2,178
170,D,3400,0:17:04.2,434,27.3,3.507,2:22.6,1024.3,142.6,178
171,D,3420,0:17:10.0,437,27.3,3.460,2:24.5,1030.1,144.5,178
172,D,3440,0:17:15.6,439,27.0,3.586,2:19.5,1035.6,139.5,179
173,D,3460,0:17:21.4,442,26.6,3.432,2:25.7,1041.5,145.7,178
174,D,3480,0:17:26.8,444,26.3,3.743,2:13.6,1046.8,133.6,178
175,D,3500,0:17:32.3,447,27.0,3.616,2:18.3,1052.3,138.3,178
176,D,3520,0:17:37.7,449,26.6,3.678,2:15.10,1057.8,136.0,178
177,D,3540,0:17:43.2,452,27.0,3.678,2:15.10,1063.2,136.0,178
178,D,3560,0:17:48.9,454,27.1,3.507,2:22.6,1068.9,142.6,178
179,D,3580,0:17:54.5,457,27.2,3.526,2:21.8,1074.6,141.8,178
180,D,3600,0:18:00.0,459,27.8,3.647,2:17.1,1080.1,137.1,178
181,D,3620,0:18:05.6,462,27.5,3.566,2:20.2,1085.7,140.2,179
182,D,3640,0:18:11.1,464,27.7,3.668,2:16.3,1091.1,136.3,179
183,D,3660,0:18:16.7,467,27.7,3.556,2:20.6,1096.8,140.6,179
184,D,3680,0:18:22.2,470,27.6,3.626,2:17.9,1102.3,137.9,179
185,D,3700,0:18:27.9,472,26.9,3.545,2:21.0,1107.9,141.0,179
186,D,3720,0:18:33.3,475,27.6,3.668,2:16.3,1113.4,136.3,179
187,D,3740,0:18:39.2,477,27.0,3.404,2:26.9,1119.2,146.9,179
188,D,3760,0:18:45.3,480,27.0,3.282,2:32.4,1125.3,152.4,179
189,D,3780,0:18:51.2,483,26.7,3.386,2:27.7,1131.2,147.7,179
190,D,3800,0:18:57.3,485,25.6,3.257,2:33.5,1137.4,153.5,179
191,D,3820,0:19:03.0,488,26.7,3.516,2:22.2,1143.1,142.2,179
192,D,3840,0:19:08.7,490,27.0,3.516,2:22.2,1148.8,142.2,180
193,D,3860,0:19:14.7,493,26.9,3.324,2:30.4,1154.8,150.4,180
194,D,3880,0:19:20.4,496,27.0,3.507,2:22.6,1160.5,142.6,180
195,D,3900,0:19:26.6,498,26.0,3.257,2:33.5,1166.6,153.5,179
196,D,3920,0:19:32.5,501,26.5,3.351,2:29.2,1172.6,149.2,179
197,D,3940,0:19:38.3,504,27.5,3.460,2:24.5,1178.4,144.5,179
198,D,3960,0:19:44.1,506,27.1,3.488,2:23.4,1184.1,143.4,180
199,D,3980,0:19:49.6,509,27.3,3.636,2:17.5,1189.6,137.5,180
200,D,4000,0:19:55.1,511,28.2,3.606,2:18.7,1195.2,138.7,180
201,D,4020,0:20:00.8,514,28.9,3.536,2:21.4,1200.8,141.4,180
202,D,4040,0:20:06.3,517,29.0,3.606,2:18.7,1206.4,138.7,181
203,D,4060,0:20:12.0,520,29.1,3.497,2:23.0,1212.1,143.0,181
204,D,4080,0:20:17.6,522,28.2,3.586,2:19.5,1217.7,139.5,181
205,D,4100,0:20:22.9,525,28.0,3.787,2:12.0,1222.9,132.0,181
206,D,4120,0:20:28.3,527,28.7,3.721,2:14.4,1228.3,134.4,181
207,D,4140,0:20:33.5,530,28.3,3.844,2:10.1,1233.5,130.1,181
208,D,4160,0:20:39.0,532,26.6,3.626,2:17.9,1239.0,137.9,181
209,D,4180,0:20:44.2,535,27.4,3.821,2:10.9,1244.3,130.9,181
210,D,4200,0:20:49.7,537,27.4,3.657,2:16.7,1249.7,136.7,181
211,D,4220,0:20:55.1,539,27.6,3.700,2:15.2,1255.1,135.2,182
212,D,4240,0:21:00.8,542,27.1,3.488,2:23.4,1260.9,143.4,171
213,D,4260,0:21:06.2,545,27.4,3.732,2:14.0,1266.2,134.0,182
214,D,4280,0:21:11.8,547,27.7,3.556,2:20.6,1271.9,140.6,182
215,D,4300,0:21:17.2,550,27.7,3.678,2:15.10,1277.3,136.0,182
216,D,4320,0:21:22.8,552,27.8,3.595,2:19.1,1282.9,139.1,182
217,D,4340,0:21:28.2,555,27.6,3.678,2:15.10,1288.3,136.0,182
218,D,4360,0:21:33.8,557,27.1,3.616,2:18.3,1293.8,138.3,182
219,D,4380,0:21:39.1,560,27.9,3.787,2:12.0,1299.1,132.0,182
220,D,4400,0:21:44.6,562,27.9,3.636,2:17.5,1304.6,137.5,182
221,D,4420,0:21:49.9,565,28.0,3.764,2:12.8,1309.9,132.8,182
222,D,4440,0:21:55.4,567,27.6,3.586,2:19.5,1315.5,139.5,182
223,D,4460,0:22:01.0,570,27.7,3.626,2:17.9,1321.0,137.9,182
224,D,4480,0:22:06.3,572,27.5,3.743,2:13.6,1326.4,133.6,182
225,D,4500,0:22:11.8,575,27.8,3.647,2:17.1,1331.8,137.1,182
226,D,4520,0:22:17.2,577,27.6,3.668,2:16.3,1337.3,136.3,182
227,D,4540,0:22:22.9,580,27.7,3.566,2:20.2,1342.9,140.2,182
228,D,4560,0:22:28.2,582,28.1,3.721,2:14.4,1348.3,134.4,183
229,D,4580,0:22:33.8,585,27.4,3.606,2:18.7,1353.8,138.7,183
230,D,4600,0:22:39.1,587,27.6,3.776,2:12.4,1359.1,132.4,183
231,D,4620,0:22:44.6,590,27.4,3.595,2:19.1,1364.7,139.1,183
232,D,4640,0:22:49.9,592,27.9,3.798,2:11.7,1369.9,131.7,183
233,D,4660,0:22:55.3,595,27.7,3.700,2:15.2,1375.4,135.2,183
234,D,4680,0:23:00.5,597,28.2,3.821,2:10.9,1380.6,130.9,183
235,D,4700,0:23:05.9,600,27.5,3.764,2:12.8,1385.9,132.8,183
236,D,4720,0:23:11.2,602,27.9,3.743,2:13.6,1391.2,133.6,183
237,D,4740,0:23:16.5,605,28.0,3.743,2:13.6,1396.6,133.6,184
238,D,4760,0:23:22.1,607,27.4,3.606,2:18.7,1402.1,138.7,184
239,D,4780,0:23:27.6,610,28.2,3.616,2:18.3,1407.7,138.3,184
240,D,4800,0:23:32.7,612,28.3,3.915,2:07.7,1412.8,127.7,184
241,D,4820,0:23:38.0,615,28.5,3.810,2:11.3,1418.0,131.3,184
242,D,4840,0:23:43.1,617,30.1,3.867,2:09.3,1423.2,129.3,184
243,D,4860,0:23:48.3,620,30.3,3.867,2:09.3,1428.4,129.3,184
244,D,4880,0:23:53.2,623,30.7,4.063,2:03.1,1433.3,123.1,185
245,D,4900,0:23:58.6,624,30.2,3.764,2:12.8,1438.6,132.8,185
246,D,4920,0:24:07.1,625,22.2,2.353,3:32.5,1447.1,212.5,184
247,D,4940,0:24:16.9,628,18.2,2.029,4:06.5,1457.0,246.5,180
248,D,4960,0:24:28.6,630,13.9,1.707,4:53.0,1468.7,293.0,176
249,D,4980,0:24:41.3,631,15.9,1.580,5:16.4,1481.3,316.4,158
250,D,5000,0:24:50.5,633,19.1,2.166,3:50.9,1490.6,230.9,155
251,D,5020,0:24:59.3,635,19.0,2.286,3:38.8,1499.3,218.8,149
252,D,5040,0:25:06.4,637,20.7,2.801,2:58.5,1506.5,178.5,148
253,D,5060,0:25:14.8,639,15.4,2.393,3:29.0,1514.8,209.0,145
254,D,5080,0:25:21.6,642,20.3,2.922,2:51.1,1521.7,171.1,147
255,D,5100,0:25:29.4,644,17.6,2.555,3:15.7,1529.5,195.7,144
256,D,5120,0:25:36.2,646,21.5,2.956,2:49.2,1536.3,169.2,143
257,D,5140,0:25:42.8,649,21.5,3.026,2:45.2,1542.9,165.2,144
258,D,5160,0:25:50.0,651,21.5,2.770,3:00.5,1550.1,180.5,143
259,D,5180,0:25:56.7,654,21.7,2.990,2:47.2,1556.8,167.2,142
260,D,5200,0:26:03.8,656,20.7,2.813,2:57.7,1563.9,177.7,141
261,D,5220,0:26:10.8,659,21.3,2.883,2:53.5,1570.8,173.5,141
262,D,5240,0:26:18.0,661,21.9,2.765,3:00.9,1578.1,180.9,141
263,D,5260,0:26:31.7,664,19.7,1.466,5:41.0,1591.7,341.0,136
264,D,5280,0:26:42.6,666,24.2,1.831,4:33.1,1602.6,273.1,138
265,D,5300,0:26:50.6,668,18.8,2.480,3:21.6,1610.7,201.6,135
266,D,5320,0:26:57.9,670,18.9,2.747,3:02.0,1618.0,182.0,133
267,D,5340,0:27:04.5,673,20.9,3.055,2:43.7,1624.5,163.7,134
268,D,5360,0:27:10.8,675,20.4,3.145,2:39.0,1630.9,159.0,136
269,D,5380,0:27:17.1,677,21.0,3.200,2:36.3,1637.1,156.3,136
270,D,5400,0:27:23.4,679,20.6,3.168,2:37.8,1643.4,157.8,136
271,D,5420,0:27:29.5,681,20.8,3.265,2:33.1,1649.6,153.1,137
272,D,5440,0:27:35.8,684,21.2,3.192,2:36.7,1655.8,156.7,137
273,D,5460,0:27:42.4,686,19.8,3.033,2:44.9,1662.4,164.9,138
274,D,5480,0:27:48.9,688,20.9,3.085,2:42.1,1668.9,162.1,139
275,D,5500,0:27:55.4,690,21.6,3.055,2:43.7,1675.5,163.7,139
276,D,5520,0:28:01.7,693,20.4,3.192,2:36.7,1681.7,156.7,140
277,D,5540,0:28:08.4,695,18.4,2.949,2:49.5,1688.5,169.5,142
278,D,5560,0:28:15.4,697,21.0,2.896,2:52.7,1695.4,172.7,143
279,D,5580,0:28:21.9,699,20.4,3.047,2:44.1,1702.0,164.1,143
280,D,5600,0:28:28.5,701,21.5,3.040,2:44.5,1708.5,164.5,143
281,D,5620,0:28:35.4,704,19.8,2.889,2:53.1,1715.5,173.1,143
282,D,5640,0:28:41.8,706,21.2,3.114,2:40.6,1721.9,160.6,143
283,D,5660,0:28:49.0,708,19.7,2.777,3:00.1,1729.1,180.1,142
284,D,5680,0:28:56.9,710,16.1,2.560,3:15.3,1736.9,195.3,141
285,D,5700,0:29:05.1,713,19.1,2.433,3:25.5,1745.1,205.5,140
286,D,5720,0:29:12.8,716,19.7,2.591,3:13.0,1752.8,193.0,139
287,D,5740,0:29:20.2,718,19.9,2.701,3:05.2,1760.2,185.2,137
288,D,5760,0:29:27.2,720,19.7,2.857,2:55.0,1767.2,175.0,136
289,D,5780,0:29:34.9,723,18.5,2.581,3:13.8,1775.0,193.8,135
290,D,5800,0:29:42.4,725,19.9,2.701,3:05.2,1782.4,185.2,135
291,D,5820,0:29:49.1,727,20.4,2.984,2:47.6,1789.1,167.6,135
292,D,5840,0:29:56.2,729,18.2,2.813,2:57.7,1796.2,177.7,134
293,D,5860,0:30:03.6,732,18.4,2.706,3:04.8,1803.6,184.8,134
294,D,5880,0:30:10.8,734,16.5,2.753,3:01.7,1810.9,181.7,135
295,D,5900,0:30:19.0,736,16.1,2.433,3:25.5,1819.1,205.5,134
296,D,5920,0:30:26.2,738,19.9,2.795,2:58.9,1826.2,178.9,134
297,D,5940,0:30:32.4,740,17.2,3.224,2:35.1,1832.5,155.1,136
298,D,5960,0:30:38.4,742,19.6,3.342,2:29.6,1838.4,149.6,136
299,D,5980,0:30:44.7,744,16.8,3.192,2:36.7,1844.7,156.7,136
300,D,6000,0:30:52.0,746,17.6,2.723,3:03.6,1852.0,183.6,137
301,D,6020,0:31:00.1,747,11.0,2.466,3:22.7,1860.2,202.7,137
302,D,6040,0:31:08.1,750,16.0,2.495,3:20.4,1868.2,200.4,137
303,D,6060,0:31:15.1,752,19.6,2.876,2:53.8,1875.1,173.8,136
304,D,6080,0:31:21.4,754,20.4,3.161,2:38.2,1881.5,158.2,136
305,D,6100,0:31:27.4,756,21.4,3.333,2:30.0,1887.5,150.0,137
306,D,6120,0:31:33.4,758,20.7,3.342,2:29.6,1893.4,149.6,139
307,D,6140,0:31:39.3,760,21.6,3.368,2:28.5,1899.4,148.5,140
308,D,6160,0:31:45.2,762,21.0,3.395,2:27.3,1905.3,147.3,142
309,D,6180,0:31:51.7,764,20.6,3.099,2:41.3,1911.7,161.3,143
310,D,6200,0:32:01.3,765,11.5,2.085,3:59.9,1921.3,239.9,142
311,D,6220,0:32:10.7,768,20.2,2.126,3:55.2,1930.7,235.2,143
312,D,6240,0:32:17.1,770,21.4,3.092,2:41.7,1937.2,161.7,143
313,D,6260,0:32:23.0,773,22.2,3.404,2:26.9,1943.1,146.9,142
314,D,6280,0:32:30.6,774,20.7,2.644,3:09.1,1950.6,189.1,142
315,D,6300,0:32:56.6,775,14.0,0.767,10:51.6,1976.7,651.6,126
316,D,6320,0:33:08.4,778,14.4,1.700,4:54.2,1988.5,294.2,123
317,D,6340,0:33:19.6,781,16.4,1.785,4:40.1,1999.7,280.1,123
318,D,6360,0:33:28.6,783,16.6,2.218,3:45.4,2008.7,225.4,125
319,D,6380,0:33:36.9,786,16.1,2.429,3:25.9,2016.9,205.9,125
320,D,6400,0:33:45.7,788,17.4,2.258,3:41.5,2025.8,221.5,128
321,D,6420,0:33:54.3,790,16.4,2.332,3:34.5,2034.3,214.5,129
322,D,6440,0:34:02.7,793,17.6,2.379,3:30.2,2042.8,210.2,127
323,D,6460,0:34:10.1,795,15.1,2.706,3:04.8,2050.1,184.8,128
324,D,6480,0:34:16.7,797,17.2,3.026,2:45.2,2056.8,165.2,130
325,D,6500,0:34:28.7,799,18.9,1.673,4:58.8,2068.7,298.8,131
326,D,6520,0:34:39.7,800,16.0,1.805,4:36.10,2079.8,277.0,129
327,D,6540,0:34:50.0,803,17.5,1.945,4:17.0,2090.1,257.0,125
328,D,6560,0:34:58.9,805,15.5,2.249,3:42.3,2099.0,222.3,124
329,D,6580,0:35:07.0,808,20.7,2.471,3:22.4,2107.0,202.4,124
330,D,6600,0:35:13.7,811,20.7,2.970,2:48.4,2113.8,168.4,127
331,D,6620,0:35:20.6,813,20.1,2.916,2:51.5,2120.6,171.5,130
332,D,6640,0:35:26.8,815,23.1,3.208,2:35.9,2126.9,155.9,132
333,D,6660,0:35:33.3,818,22.7,3.077,2:42.5,2133.4,162.5,135
334,D,6680,0:35:41.7,818,0.0,2.393,3:29.0,2141.7,209.0,133
335,D,6700,0:35:51.6,821,16.9,2.022,4:07.3,2151.6,247.3,135
336,D,6720,0:35:58.9,823,19.2,2.723,3:03.6,2159.0,183.6,134
337,D,6740,0:36:06.3,826,19.3,2.706,3:04.8,2166.4,184.8,132
338,D,6760,0:36:13.7,828,18.4,2.706,3:04.8,2173.8,184.8,130
339,D,6780,0:36:21.2,830,16.8,2.650,3:08.7,2181.3,188.7,131
340,D,6800,0:36:28.7,833,19.4,2.689,3:05.10,2188.7,186.0,129
341,D,6820,0:36:36.0,835,18.8,2.753,3:01.7,2196.0,181.7,129
342,D,6840,0:36:42.8,837,19.2,2.916,2:51.5,2202.9,171.5,130
343,D,6860,0:36:49.8,839,18.0,2.870,2:54.2,2209.8,174.2,130
344,D,6880,0:36:56.8,841,18.6,2.857,2:55.0,2216.8,175.0,130
345,D,6900,0:37:05.7,842,18.9,2.234,3:43.8,2225.8,223.8,129
346,D,6920,0:37:14.4,844,14.2,2.319,3:35.6,2234.4,215.6,129
347,D,6940,0:37:22.0,846,18.2,2.634,3:09.9,2242.0,189.9,130
348,D,6960,0:37:29.7,849,18.3,2.575,3:14.2,2249.8,194.2,128
349,D,6980,0:37:37.7,851,18.4,2.515,3:18.8,2257.7,198.8,127
350,D,7000,0:37:46.0,854,19.2,2.411,3:27.4,2266.0,207.4,128
351,D,7020,0:37:53.4,856,16.5,2.689,3:05.10,2273.5,186.0,128
352,D,7040,0:38:00.9,858,16.2,2.667,3:07.5,2281.0,187.5,127
353,D,7060,0:38:08.3,860,18.7,2.701,3:05.2,2288.4,185.2,126
354,D,7080,0:38:17.2,861,11.4,2.246,3:42.7,2297.3,222.7,126
355,D,7100,0:38:25.6,863,18.7,2.388,3:29.4,2305.6,209.4,127
356,D,7120,0:38:33.2,866,19.7,2.628,3:10.2,2313.3,190.2,127
357,D,7140,0:38:41.2,868,15.7,2.510,3:19.2,2321.2,199.2,126
358,D,7160,0:38:48.2,870,19.6,2.838,2:56.2,2328.3,176.2,129
359,D,7180,0:38:55.2,872,20.0,2.876,2:53.8,2335.2,173.8,130
360,D,7200,0:39:02.2,875,20.3,2.845,2:55.8,2342.3,175.8,129
361,D,7220,0:39:08.7,877,20.2,3.055,2:43.7,2348.8,163.7,129
362,D,7240,0:39:15.3,879,19.9,3.069,2:42.9,2355.3,162.9,131
363,D,7260,0:39:21.6,881,20.8,3.137,2:39.4,2361.7,159.4,132
364,D,7280,0:39:27.9,884,21.2,3.208,2:35.9,2367.9,155.9,133
365,D,7300,0:39:34.3,886,20.9,3.099,2:41.3,2374.4,161.3,133
366,D,7320,0:39:40.6,888,20.3,3.208,2:35.9,2380.6,155.9,136
367,D,7340,0:39:46.9,890,19.9,3.168,2:37.8,2386.9,157.8,138
368,D,7360,0:39:53.2,892,21.1,3.184,2:37.0,2393.2,157.0,139
369,D,7380,0:39:59.4,895,21.4,3.192,2:36.7,2399.5,156.7,140
370,D,7400,0:40:05.6,897,19.8,3.224,2:35.1,2405.7,155.1,141
371,D,7420,0:40:12.2,899,20.7,3.062,2:43.3,2412.2,163.3,142
372,D,7440,0:40:19.3,901,17.7,2.789,2:59.3,2419.4,179.3,141
373,D,7460,0:40:26.7,903,20.2,2.723,3:03.6,2426.7,183.6,141
374,D,7480,0:40:33.1,906,21.3,3.114,2:40.6,2433.1,160.6,141
375,D,7500,0:40:39.8,908,21.2,2.963,2:48.8,2439.9,168.8,141
376,D,7520,0:40:46.2,910,20.9,3.145,2:39.0,2446.3,159.0,142
377,D,7540,0:40:52.4,912,21.8,3.249,2:33.9,2452.4,153.9,142
378,D,7560,0:40:59.1,915,20.0,2.984,2:47.6,2459.1,167.6,141
379,D,7580,0:41:06.3,917,18.7,2.747,3:02.0,2466.4,182.0,140
380,D,7600,0:41:13.9,918,17.9,2.639,3:09.5,2474.0,189.5,139
381,D,7620,0:41:22.5,921,13.9,2.327,3:34.9,2482.6,214.9,136
382,D,7640,0:41:30.8,923,14.9,2.411,3:27.4,2490.9,207.4,135
383,D,7660,0:41:38.2,925,20.0,2.706,3:04.8,2498.3,184.8,133
384,D,7680,0:41:45.9,927,18.0,2.607,3:11.8,2505.9,191.8,132
385,D,7700,0:41:54.0,930,19.3,2.447,3:24.3,2514.1,204.3,130
386,D,7720,0:42:02.3,933,23.4,2.429,3:25.9,2522.3,205.9,127
387,D,7740,0:42:11.0,936,20.5,2.282,3:39.2,2531.1,219.2,125
388,D,7760,0:42:21.0,937,16.5,2.003,4:09.6,2541.1,249.6,123
389,D,7780,0:42:28.8,940,18.4,2.581,3:13.8,2548.8,193.8,123
390,D,7800,0:42:36.1,942,18.5,2.729,3:03.2,2556.2,183.2,123
391,D,7820,0:42:42.7,944,19.5,3.040,2:44.5,2562.7,164.5,123
392,D,7840,0:42:48.9,946,19.6,3.216,2:35.5,2569.0,155.5,126
393,D,7860,0:42:55.6,948,18.5,3.005,2:46.4,2575.6,166.4,127
394,D,7880,0:43:02.5,950,18.7,2.889,2:53.1,2582.5,173.1,126
395,D,7900,0:43:09.6,952,17.5,2.801,2:58.5,2589.7,178.5,127
396,D,7920,0:43:16.5,954,19.7,2.929,2:50.7,2596.5,170.7,128
397,D,7940,0:43:24.3,955,19.3,2.550,3:16.1,2604.3,196.1,127
398,D,7960,0:43:32.0,957,16.9,2.596,3:12.6,2612.0,192.6,127
399,D,7980,0:43:39.6,959,17.9,2.634,3:09.9,2619.6,189.9,126
400,D,8000,0:43:47.6,960,18.1,2.485,3:21.2,2627.7,201.2,126
401,D,8020,0:43:55.1,962,17.2,2.672,3:07.1,2635.2,187.1,112
402,D,8040,0:44:02.1,964,18.1,2.857,2:55.0,2642.2,175.0,128
403,D,8060,0:44:09.3,966,18.2,2.770,3:00.5,2649.4,180.5,127
404,D,8080,0:44:21.6,969,21.6,1.635,5:05.9,2661.6,305.9,125
405,D,8100,0:44:28.9,971,18.8,2.735,3:02.8,2668.9,182.8,126
406,D,8120,0:44:36.0,973,17.5,2.826,2:56.10,2676.0,177.0,125
407,D,8140,0:44:43.4,976,19.6,2.695,3:05.6,2683.4,185.6,124
408,D,8160,0:44:51.1,978,17.5,2.596,3:12.6,2691.1,192.6,125
409,D,8180,0:44:58.4,980,17.1,2.747,3:02.0,2698.4,182.0,124
410,D,8200,0:45:07.9,982,13.9,2.105,3:57.5,2707.9,237.5,122
411,D,8220,0:45:16.0,985,18.6,2.447,3:24.3,2716.1,204.3,122
412,D,8240,0:45:23.6,987,20.2,2.634,3:09.9,2723.7,189.9,123
413,D,8260,0:45:30.7,989,19.3,2.851,2:55.4,2730.7,175.4,123
414,D,8280,0:45:37.4,992,19.9,2.963,2:48.8,2737.5,168.8,125
415,D,8300,0:45:44.0,994,22.4,3.019,2:45.6,2744.1,165.6,128
416,D,8320,0:45:50.8,996,19.8,2.963,2:48.8,2750.8,168.8,129
417,D,8340,0:45:57.4,999,21.0,3.026,2:45.2,2757.4,165.2,130
418,D,8360,0:46:04.0,1001,21.6,3.040,2:44.5,2764.0,164.5,132
419,D,8380,0:46:10.5,1003,20.2,3.047,2:44.1,2770.6,164.1,132
420,D,8400,0:46:17.2,1005,19.8,2.998,2:46.8,2777.3,166.8,133
421,D,8420,0:46:23.6,1008,20.9,3.137,2:39.4,2783.6,159.4,133
422,D,8440,0:46:30.4,1010,20.4,2.942,2:49.9,2790.4,169.9,135
423,D,8460,0:46:37.6,1012,15.9,2.765,3:00.9,2797.7,180.9,134
424,D,8480,0:46:44.7,1014,19.6,2.832,2:56.6,2804.7,176.6,134
425,D,8500,0:46:51.7,1016,18.7,2.857,2:55.0,2811.7,175.0,134
426,D,8520,0:46:58.7,1019,19.5,2.838,2:56.2,2818.8,176.2,132
427,D,8540,0:47:05.7,1021,20.2,2.876,2:53.8,2825.7,173.8,132
428,D,8560,0:47:12.3,1023,19.0,3.005,2:46.4,2832.4,166.4,132
429,D,8580,0:47:18.8,1025,19.2,3.077,2:42.5,2838.9,162.5,133
430,D,8600,0:47:25.9,1027,19.7,2.826,2:56.10,2846.0,177.0,131
431,D,8620,0:47:33.5,1030,19.1,2.634,3:09.9,2853.5,189.9,130
432,D,8640,0:47:40.3,1032,19.8,2.942,2:49.9,2860.3,169.9,130
433,D,8660,0:47:47.0,1034,17.6,3.005,2:46.4,2867.0,166.4,131
434,D,8680,0:47:53.8,1036,19.3,2.936,2:50.3,2873.8,170.3,129
435,D,8700,0:48:00.9,1038,14.7,2.807,2:58.1,2880.9,178.1,127
436,D,8720,0:48:08.4,1040,19.0,2.661,3:07.9,2888.5,187.9,127
437,D,8740,0:48:15.5,1042,19.8,2.807,2:58.1,2895.6,178.1,126
438,D,8760,0:48:22.5,1045,20.1,2.851,2:55.4,2902.6,175.4,127
439,D,8780,0:48:30.3,1047,16.9,2.596,3:12.6,2910.3,192.6,128
440,D,8800,0:48:37.7,1049,20.4,2.701,3:05.2,2917.7,185.2,127
441,D,8820,0:48:44.8,1052,21.0,2.795,2:58.9,2924.9,178.9,128
442,D,8840,0:48:51.4,1054,20.3,3.019,2:45.6,2931.5,165.6,132
443,D,8860,0:48:58.7,1056,14.2,2.741,3:02.4,2938.8,182.4,130
444,D,8880,0:49:07.1,1058,15.9,2.397,3:28.6,2947.1,208.6,129
445,D,8900,0:49:15.1,1060,16.9,2.490,3:20.8,2955.2,200.8,127
446,D,8920,0:49:22.0,1062,19.1,2.896,2:52.7,2962.1,172.7,127
447,D,8940,0:49:28.8,1064,19.2,2.936,2:50.3,2968.9,170.3,127
448,D,8960,0:49:35.8,1067,20.6,2.864,2:54.6,2975.9,174.6,127
449,D,8980,0:49:42.5,1069,20.3,2.984,2:47.6,2982.6,167.6,127
450,D,9000,0:49:49.1,1071,19.2,3.055,2:43.7,2989.1,163.7,127
451,D,9020,0:49:55.7,1073,19.3,3.012,2:46.0,2995.8,166.0,129
452,D,9040,0:50:02.8,1076,20.6,2.826,2:56.10,3002.8,177.0,132
453,D,9060,0:50:09.0,1078,21.1,3.216,2:35.5,3009.1,155.5,134
454,D,9080,0:50:15.0,1080,20.7,3.360,2:28.8,3015.0,148.8,135
455,D,9100,0:50:21.0,1082,21.3,3.324,2:30.4,3021.0,150.4,137
456,D,9120,0:50:26.8,1084,22.5,3.414,2:26.5,3026.9,146.5,138
457,D,9140,0:50:32.7,1087,22.7,3.404,2:26.9,3032.8,146.9,139
458,D,9160,0:50:39.0,1089,22.5,3.192,2:36.7,3039.0,156.7,140
459,D,9180,0:50:45.0,1091,22.5,3.333,2:30.0,3045.0,150.0,142
460,D,9200,0:50:50.9,1093,22.2,3.351,2:29.2,3051.0,149.2,143
461,D,9220,0:50:56.8,1096,21.9,3.395,2:27.3,3056.9,147.3,144
462,D,9240,0:51:03.0,1098,21.8,3.216,2:35.5,3063.1,155.5,145
463,D,9260,0:51:10.6,1099,24.3,2.656,3:08.3,3070.6,188.3,143
464,D,9280,0:51:20.2,1100,16.3,2.071,4:01.4,3080.3,241.4,123
465,D,9300,0:51:33.3,1100,0.0,1.529,5:26.10,3093.4,327.0,117
466,D,9320,0:51:42.0,1102,14.8,2.311,3:36.4,3102.0,216.4,118
467,D,9340,0:51:51.2,1103,21.4,2.162,3:51.3,3111.3,231.3,120
468,D,9360,0:51:59.3,1105,16.6,2.476,3:21.10,3119.3,202.0,122
469,D,9380,0:52:07.1,1107,16.6,2.550,3:16.1,3127.2,196.1,124
470,D,9400,0:52:15.4,1109,15.8,2.429,3:25.9,3135.4,205.9,125
471,D,9420,0:52:32.7,1111,17.9,1.154,7:13.2,3152.8,433.2,104
472,D,9440,0:52:40.5,1114,21.3,2.575,3:14.2,3160.5,194.2,115
473,D,9460,0:52:47.6,1116,19.3,2.795,2:58.9,3167.7,178.9,116
474,D,9480,0:52:54.4,1118,16.6,2.936,2:50.3,3174.5,170.3,123
475,D,9500,0:53:04.4,1119,18.1,2.000,4:10.0,3184.5,250.0,127
476,D,9520,0:53:13.4,1121,16.1,2.222,3:45.0,3193.5,225.0,127
