Session Information:,,,,Device Information:

Name:,7x2000M/1:30,,,Name:,Nick's Speedcoach
Start Time:,06/02/15 06:29am,,,Model:,SpeedCoach GPS Pro
Type:,Interval,,,Serial:,2045277
System of Units:,Meters/Split500,,,Firmware Version:,2.04
Speed Input:,GPS,,,Profile Version:,0.02
,,,,Hardware Version:,07D
,,,,LiNK Version:,1.22.07

Session Summary:

Total Intervals,Total Elapsed Time,Total Distance,Avg Split,Avg Speed,Avg Stroke Rate,Avg Heart Rate,Total Strokes
(Interval),(HH:MM:SS.tenths),(Meters),(/500),(M/S),(SPM),(BPM),(Strokes)
7,00:59:40.3,14002.0,00:02:07.8,3.91,21.5,146,1301

Summary for Session Intervals:

Interval,Elapsed Time,Total Distance,Avg Split,Avg Speed,Avg Stroke Rate,Avg Heart Rate,Total Strokes
(Interval),(HH:MM:SS.tenths),(Meters),(/500),(M/S),(SPM),(BPM),(Strokes)
1,00:10:01.6,2000.3,00:02:30.6,3.32,20,134,199
2,00:07:38.9,2000.2,00:01:54.9,4.35,20.5,140,158
3,00:09:31.9,2000.1,00:02:23.2,3.49,22.5,148,216
4,00:07:21.5,2000.6,00:01:50.3,4.53,24.5,153,180
5,00:09:35.4,2000.2,00:02:23.6,3.48,23,151,219
6,00:07:29.4,2000.3,00:01:52.6,4.44,21.5,152,162
7,00:08:01.6,2000.3,00:02:00.4,4.15,21,146,167

Session Detail Data:

Interval,Elapsed Time,GPS Distance,GPS Split,GPS Speed,Stroke Rate,Heart Rate,Stroke Count
(Interval),(HH:MM:SS.tenths),(Meters),(/500),(M/S),(SPM),(BPM),(Strokes)
1,00:00:02.9,3.6,00:00:01.9,253.97,21,86,1
1,00:00:05.4,11.6,00:04:15.1,1.96,22.5,91,2
1,00:00:08.2,20.7,00:02:53.6,2.88,21.5,97,3
1,00:00:11.0,30.1,00:02:37.2,3.18,21.5,105,4
1,00:00:13.8,39.3,00:02:32.4,3.28,21.5,109,5
1,00:00:16.6,48.8,00:02:32.4,3.28,21,112,6
1,00:00:19.4,58.0,00:02:32.9,3.27,20.5,114,7
1,00:00:22.4,67.4,00:02:35.7,3.21,21,115,8
1,00:00:25.2,76.3,00:02:39.2,3.14,20,117,9
1,00:00:28.2,85.4,00:02:39.2,3.14,20,117,10
1,00:00:31.0,93.6,00:02:41.2,3.10,21.5,116,11
1,00:00:33.8,102.4,00:02:42.8,3.07,21.5,117,12
1,00:00:36.8,111.9,00:02:39.2,3.14,20.5,117,13
1,00:00:39.8,121.9,00:02:33.3,3.26,20.5,119,14
1,00:00:42.6,131.2,00:02:30.6,3.32,20,120,15
1,00:00:45.8,141.4,00:02:31.9,3.29,20,122,16
1,00:00:49.0,151.6,00:02:34.3,3.24,18.5,123,17
1,00:00:52.0,161.5,00:02:33.3,3.26,20,124,18
1,00:00:55.0,171.4,00:02:31.5,3.30,19.5,125,19
1,00:00:58.0,181.2,00:02:31.9,3.29,20,127,20
1,00:01:01.0,191.3,00:02:30.6,3.32,20,129,21
1,00:01:04.0,201.6,00:02:27.4,3.39,20,130,22
1,00:01:07.0,212.0,00:02:26.1,3.42,19.5,131,23
1,00:01:09.8,221.5,00:02:27.0,3.40,22,131,24
1,00:01:12.4,230.6,00:02:27.0,3.40,22.5,131,25
1,00:01:15.4,240.8,00:02:25.3,3.44,19.5,132,26
1,00:01:18.4,251.3,00:02:24.9,3.45,20.5,133,27
1,00:01:21.5,261.7,00:02:25.3,3.44,20.5,134,28
1,00:01:24.4,271.7,00:02:27.4,3.39,20,133,29
1,00:01:27.6,282.1,00:02:30.6,3.32,19,133,30
1,00:01:30.6,292.2,00:02:32.9,3.27,19.5,133,31
1,00:01:33.7,302.2,00:02:31.5,3.30,20,133,32
1,00:01:36.6,312.2,00:02:30.6,3.32,19.5,133,33
1,00:01:39.6,322.1,00:02:31.9,3.29,20,133,34
1,00:01:42.6,332.5,00:02:30.6,3.32,20,134,35
1,00:01:45.6,342.5,00:02:29.2,3.35,19.5,134,36
1,00:01:48.8,353.0,00:02:29.7,3.34,19.5,135,37
1,00:01:51.8,363.0,00:02:31.0,3.31,20,135,38
1,00:01:54.8,373.2,00:02:30.6,3.32,19.5,135,39
1,00:01:57.8,383.2,00:02:30.1,3.33,20,135,40
1,00:02:00.8,393.4,00:02:28.8,3.36,20,135,41
1,00:02:03.6,402.9,00:02:27.9,3.38,21,134,42
1,00:02:06.6,412.9,00:02:27.9,3.38,20.5,133,43
1,00:02:09.6,423.0,00:02:28.3,3.37,20,133,44
1,00:02:12.7,432.9,00:02:29.7,3.34,19.5,132,45
1,00:02:15.6,442.8,00:02:30.6,3.32,20.5,132,46
1,00:02:18.4,452.2,00:02:30.6,3.32,20.5,132,47
1,00:02:21.4,462.2,00:02:29.7,3.34,20,132,48
1,00:02:24.4,472.2,00:02:28.8,3.36,20,133,49
1,00:02:27.6,482.6,00:02:30.1,3.33,19.5,134,50
1,00:02:30.6,492.7,00:02:30.6,3.32,19.5,134,51
1,00:02:33.7,503.0,00:02:29.2,3.35,19.5,134,52
1,00:02:36.8,514.0,00:02:27.4,3.39,19.5,132,53
1,00:02:39.9,524.5,00:02:25.3,3.44,19.5,131,54
1,00:02:42.8,535.0,00:02:23.2,3.49,20,131,55
1,00:02:46.1,546.0,00:02:23.6,3.48,19,132,56
1,00:02:49.0,556.1,00:02:26.6,3.41,19,133,57
1,00:02:52.3,566.7,00:02:28.3,3.37,19.5,133,58
1,00:02:55.2,576.6,00:02:29.7,3.34,20,132,59
1,00:02:58.0,585.5,00:02:33.8,3.25,20.5,132,60
1,00:03:01.0,594.8,00:02:38.7,3.15,20.5,133,61
1,00:03:04.0,604.5,00:02:39.2,3.14,19.5,133,62
1,00:03:07.1,614.0,00:02:36.7,3.19,20,133,63
1,00:03:10.0,623.1,00:02:39.2,3.14,21,134,64
1,00:03:13.0,632.7,00:02:38.7,3.15,20,135,65
1,00:03:16.0,642.8,00:02:34.3,3.24,19,134,66
1,00:03:19.1,652.6,00:02:32.9,3.27,20.5,133,67
1,00:03:22.0,662.7,00:02:31.0,3.31,19.5,133,68
1,00:03:25.1,672.7,00:02:30.6,3.32,20,133,69
1,00:03:28.0,682.6,00:02:31.0,3.31,19.5,133,70
1,00:03:31.3,693.1,00:02:29.7,3.34,19.5,134,71
1,00:03:34.2,703.8,00:02:26.1,3.42,19.5,134,72
1,00:03:37.3,713.8,00:02:24.9,3.45,20,134,73
1,00:03:40.3,723.7,00:02:28.3,3.37,20.5,134,74
1,00:03:43.4,734.2,00:02:29.7,3.34,18.5,135,75
1,00:03:46.6,744.5,00:02:31.9,3.29,18.5,135,76
1,00:03:49.9,755.3,00:02:31.9,3.29,19,134,77
1,00:03:53.1,765.6,00:02:31.9,3.29,18.5,133,78
1,00:03:56.1,775.5,00:02:36.7,3.19,19.5,133,79
1,00:03:59.3,786.0,00:02:37.2,3.18,19,134,80
1,00:04:02.2,795.3,00:02:39.7,3.13,20,135,81
1,00:04:05.3,804.4,00:02:47.2,2.99,20,135,82
1,00:04:08.5,814.5,00:02:48.3,2.97,19,136,83
1,00:04:11.9,824.6,00:02:43.3,3.06,19,137,84
1,00:04:14.9,834.6,00:02:36.7,3.19,19.5,137,85
1,00:04:17.9,844.9,00:02:31.0,3.31,19.5,137,86
1,00:04:20.9,855.1,00:02:28.8,3.36,19.5,137,87
1,00:04:23.9,865.8,00:02:24.0,3.47,19,136,88
1,00:04:26.9,876.3,00:02:19.6,3.58,20,136,89
1,00:04:30.1,887.8,00:02:19.6,3.58,19,136,90
1,00:04:33.3,898.6,00:02:23.2,3.49,19,136,91
1,00:04:36.3,909.0,00:02:25.3,3.44,20,136,92
1,00:04:39.3,919.1,00:02:26.1,3.42,20,136,93
1,00:04:42.3,929.7,00:02:25.3,3.44,19.5,136,94
1,00:04:45.5,940.8,00:02:23.2,3.49,19.5,135,95
1,00:04:48.5,951.1,00:02:24.0,3.47,20,136,96
1,00:04:51.7,961.8,00:02:27.4,3.39,19.5,137,97
1,00:04:54.5,971.1,00:02:31.0,3.31,20,137,98
1,00:04:57.7,981.9,00:02:31.0,3.31,19.5,137,99
1,00:05:00.6,992.4,00:02:27.9,3.38,19.5,137,100
1,00:05:03.7,1003.0,00:02:24.9,3.45,19.5,137,101
1,00:05:06.9,1014.0,00:02:22.8,3.50,19.5,138,102
1,00:05:09.9,1024.8,00:02:21.2,3.54,20,138,103
1,00:05:12.9,1035.3,00:02:20.0,3.57,20,138,104
1,00:05:15.9,1046.1,00:02:20.8,3.55,19,138,105
1,00:05:19.1,1057.0,00:02:24.0,3.47,19.5,138,106
1,00:05:22.1,1067.4,00:02:26.6,3.41,19.5,138,107
1,00:05:25.3,1077.8,00:02:28.3,3.37,19.5,139,108
1,00:05:28.3,1088.0,00:02:31.5,3.30,19,140,109
1,00:05:31.3,1098.2,00:02:31.5,3.30,20,140,110
1,00:05:34.5,1109.0,00:02:28.8,3.36,18.5,141,111
1,00:05:37.7,1119.8,00:02:27.9,3.38,20,141,112
1,00:05:40.7,1130.3,00:02:27.4,3.39,19,140,113
1,00:05:43.9,1141.1,00:02:26.6,3.41,19.5,139,114
1,00:05:46.9,1151.2,00:02:27.0,3.40,19.5,139,115
1,00:05:49.9,1161.3,00:02:27.9,3.38,20,138,116
1,00:05:52.9,1171.7,00:02:27.4,3.39,19.5,139,117
1,00:05:55.9,1182.1,00:02:27.0,3.40,20,139,118
1,00:05:59.1,1193.1,00:02:26.1,3.42,19.5,140,119
1,00:06:02.1,1203.5,00:02:27.9,3.38,19,140,120
1,00:06:05.3,1214.0,00:02:30.1,3.33,18.5,139,121
1,00:06:08.5,1224.6,00:02:32.4,3.28,19,139,122
1,00:06:11.9,1235.2,00:02:33.8,3.25,19.5,140,123
1,00:06:14.9,1245.2,00:02:32.9,3.27,19.5,140,124
1,00:06:17.5,1254.8,00:02:30.6,3.32,21,140,125
1,00:06:20.5,1264.8,00:02:29.7,3.34,19.5,140,126
1,00:06:23.5,1274.6,00:02:31.0,3.31,21,140,127
1,00:06:26.5,1284.5,00:02:31.5,3.30,20.5,140,128
1,00:06:29.5,1294.1,00:02:33.8,3.25,19,140,129
1,00:06:32.5,1302.7,00:02:42.8,3.07,19.5,140,130
1,00:06:35.5,1311.4,00:02:48.3,2.97,20,139,131
1,00:06:38.5,1320.8,00:02:43.9,3.05,20.5,140,132
1,00:06:41.9,1331.7,00:02:39.2,3.14,19,141,133
1,00:06:44.9,1340.9,00:02:38.2,3.16,19.5,142,134
1,00:06:47.9,1351.5,00:02:34.3,3.24,20,142,135
1,00:06:50.9,1362.1,00:02:28.3,3.37,19,141,136
1,00:06:53.9,1372.8,00:02:28.8,3.36,19.5,141,137
1,00:06:56.9,1383.2,00:02:31.0,3.31,19.5,140,138
1,00:07:00.0,1393.6,00:02:33.3,3.26,19.5,139,139
1,00:07:02.9,1403.1,00:02:33.3,3.26,20,139,140
1,00:07:05.9,1413.6,00:02:28.8,3.36,20.5,139,141
1,00:07:08.9,1423.8,00:02:24.5,3.46,20,140,142
1,00:07:11.9,1434.0,00:02:23.6,3.48,20,141,143
1,00:07:14.9,1443.8,00:02:25.7,3.43,20,141,144
1,00:07:17.9,1453.8,00:02:27.9,3.38,20,140,145
1,00:07:20.9,1464.1,00:02:26.1,3.42,20,141,146
1,00:07:23.9,1474.1,00:02:24.9,3.45,20,142,147
1,00:07:26.9,1484.0,00:02:26.6,3.41,20,142,148
1,00:07:29.9,1493.9,00:02:28.3,3.37,19.5,142,149
1,00:07:33.0,1504.3,00:02:30.1,3.33,20,142,150
1,00:07:35.9,1513.2,00:02:32.9,3.27,20,142,151
1,00:07:38.9,1522.7,00:02:35.2,3.22,21.5,142,152
1,00:07:41.5,1531.7,00:02:32.9,3.27,22.5,142,153
1,00:07:44.3,1540.9,00:02:31.9,3.29,21,142,154
1,00:07:47.3,1550.9,00:02:33.8,3.25,19.5,142,155
1,00:07:50.3,1560.6,00:02:35.7,3.21,21,142,156
1,00:07:53.1,1570.0,00:02:35.2,3.22,20,140,157
1,00:07:56.1,1580.2,00:02:33.3,3.26,21,140,158
1,00:07:59.3,1591.0,00:02:32.9,3.27,18.5,140,159
1,00:08:02.3,1600.8,00:02:35.2,3.22,20,140,160
1,00:08:05.5,1611.1,00:02:37.2,3.18,19.5,140,161
1,00:08:08.3,1620.2,00:02:38.2,3.16,20,141,162
1,00:08:11.5,1630.1,00:02:40.7,3.11,20,141,163
1,00:08:14.9,1640.3,00:02:41.8,3.09,18.5,140,164
1,00:08:17.5,1649.5,00:02:41.2,3.10,20.5,139,165
1,00:08:20.5,1659.6,00:02:35.7,3.21,19.5,139,166
1,00:08:24.0,1670.4,00:02:31.0,3.31,20,139,167
1,00:08:26.9,1680.5,00:02:31.0,3.31,18.5,139,168
1,00:08:30.0,1690.8,00:02:28.8,3.36,20,138,169
1,00:08:32.9,1701.2,00:02:25.3,3.44,19.5,138,170
1,00:08:35.9,1711.6,00:02:24.5,3.46,20,139,171
1,00:08:38.9,1721.6,00:02:27.0,3.40,20,139,172
1,00:08:41.9,1731.3,00:02:31.0,3.31,20,140,173
1,00:08:44.9,1741.7,00:02:30.6,3.32,19.5,140,174
1,00:08:47.9,1752.0,00:02:27.0,3.40,19.5,139,175
1,00:08:50.9,1761.9,00:02:27.9,3.38,19.5,138,176
1,00:08:54.2,1772.8,00:02:28.8,3.36,19,138,177
1,00:08:57.1,1782.4,00:02:29.7,3.34,20.5,138,178
1,00:09:00.1,1792.3,00:02:30.6,3.32,20,138,179
1,00:09:03.3,1803.4,00:02:29.7,3.34,19,138,180
1,00:09:06.2,1812.5,00:02:31.0,3.31,20.5,139,181
1,00:09:09.0,1821.8,00:02:31.9,3.29,21,139,182
1,00:09:12.1,1831.8,00:02:29.2,3.35,19.5,140,183
1,00:09:15.2,1842.7,00:02:26.6,3.41,19.5,141,184
1,00:09:18.2,1852.9,00:02:24.9,3.45,19.5,140,185
1,00:09:21.3,1863.8,00:02:25.7,3.43,19.5,140,186
1,00:09:24.5,1874.7,00:02:25.7,3.43,19,139,187
1,00:09:27.5,1885.0,00:02:25.7,3.43,19.5,138,188
1,00:09:30.7,1895.8,00:02:26.6,3.41,19.5,139,189
1,00:09:33.9,1906.6,00:02:27.0,3.40,19,140,190
1,00:09:36.9,1917.0,00:02:27.9,3.38,19.5,140,191
1,00:09:39.9,1927.3,00:02:27.4,3.39,19.5,140,192
1,00:09:43.1,1938.2,00:02:26.1,3.42,19.5,139,193
1,00:09:46.1,1948.5,00:02:27.4,3.39,19,139,194
1,00:09:49.1,1958.6,00:02:30.1,3.33,20,139,195
1,00:09:52.1,1968.7,00:02:29.7,3.34,19.5,139,196
1,00:09:55.1,1978.6,00:02:30.6,3.32,20,139,197
1,00:09:58.3,1989.2,00:02:31.0,3.31,19.5,139,198
1,00:10:01.3,1999.1,00:02:30.1,3.33,20.5,139,199
1,00:10:01.6,2000.3,00:02:30.1,3.33,20.5,139,199
2,00:00:02.7,6.0,00:00:01.2,400.61,22,97,1
2,00:00:05.3,16.2,00:02:47.2,2.99,23.5,99,2
2,00:00:08.0,27.6,00:02:03.7,4.04,22.5,106,3
2,00:00:10.8,39.3,00:01:54.1,4.38,23,115,4
2,00:00:13.3,51.8,00:01:51.6,4.48,21.5,118,5
2,00:00:16.1,64.3,00:01:52.1,4.46,21,121,6
2,00:00:18.9,76.8,00:01:53.6,4.40,22,122,7
2,00:00:21.5,88.5,00:01:54.1,4.38,23.5,124,8
2,00:00:24.1,100.2,00:01:52.8,4.43,21.5,125,9
2,00:00:26.9,112.7,00:01:52.3,4.45,21.5,126,10
2,00:00:29.7,125.3,00:01:51.6,4.48,21.5,127,11
2,00:00:32.5,138.0,00:01:50.1,4.54,21.5,128,12
2,00:00:35.3,150.4,00:01:51.1,4.50,21.5,129,13
2,00:00:37.9,161.3,00:01:53.1,4.42,22,129,14
2,00:00:40.8,173.7,00:01:52.3,4.45,21.5,130,15
2,00:00:43.3,186.1,00:01:51.1,4.50,22.5,131,16
2,00:00:46.8,200.3,00:01:51.8,4.47,20,132,17
2,00:00:49.3,212.9,00:01:53.3,4.41,20.5,133,18
2,00:00:52.3,226.5,00:01:53.3,4.41,20,134,19
2,00:00:55.3,239.8,00:01:55.2,4.34,19.5,135,20
2,00:00:58.1,252.3,00:01:56.2,4.30,21,136,21
2,00:01:01.1,265.5,00:01:55.2,4.34,21.5,137,22
2,00:01:03.9,277.9,00:01:55.4,4.33,20.5,137,23
2,00:01:06.7,290.3,00:01:56.2,4.30,21.5,138,24
2,00:01:09.5,302.6,00:01:55.7,4.32,21,139,25
2,00:01:12.3,314.9,00:01:55.2,4.34,20.5,140,26
2,00:01:15.3,327.9,00:01:54.4,4.37,20.5,141,27
2,00:01:18.3,340.8,00:01:55.2,4.34,20.5,141,28
2,00:01:21.1,353.0,00:01:56.5,4.29,21,141,29
2,00:01:23.9,365.3,00:01:56.2,4.30,21,140,30
2,00:01:26.9,378.3,00:01:55.4,4.33,20.5,139,31
2,00:01:29.7,390.5,00:01:55.4,4.33,21.5,139,32
2,00:01:32.3,401.9,00:01:55.2,4.34,22,139,33
2,00:01:35.1,414.1,00:01:54.6,4.36,21,139,34
2,00:01:37.8,424.6,00:01:55.7,4.32,23,140,35
2,00:01:40.8,437.5,00:01:54.6,4.36,20.5,140,36
2,00:01:43.8,450.6,00:01:52.6,4.44,21,139,37
2,00:01:46.3,463.0,00:01:53.1,4.42,21,140,38
2,00:01:49.3,476.0,00:01:54.6,4.36,21,140,39
2,00:01:52.1,488.5,00:01:56.2,4.30,20.5,141,40
2,00:01:55.1,501.6,00:01:56.5,4.29,20.5,141,41
2,00:01:57.9,513.8,00:01:57.6,4.25,20.5,142,42
2,00:02:00.7,526.2,00:01:57.6,4.25,21,142,43
2,00:02:03.7,539.3,00:01:56.2,4.30,20.5,142,44
2,00:02:06.5,551.6,00:01:55.2,4.34,21.5,142,45
2,00:02:09.3,564.2,00:01:53.3,4.41,20.5,142,46
2,00:02:12.3,577.3,00:01:52.8,4.43,20.5,142,47
2,00:02:15.1,589.3,00:01:54.6,4.36,20.5,143,48
2,00:02:18.1,602.4,00:01:55.2,4.34,21,143,49
2,00:02:20.9,614.7,00:01:54.4,4.37,21,142,50
2,00:02:23.9,628.0,00:01:54.1,4.38,20.5,142,51
2,00:02:26.7,640.5,00:01:53.6,4.40,20.5,142,52
2,00:02:29.7,653.6,00:01:54.1,4.38,20.5,142,53
2,00:02:32.5,665.9,00:01:54.6,4.36,21,141,54
2,00:02:35.3,678.1,00:01:55.2,4.34,21,141,55
2,00:02:38.1,690.3,00:01:55.2,4.34,21,142,56
2,00:02:41.1,703.1,00:01:55.7,4.32,20.5,142,57
2,00:02:44.0,715.3,00:01:55.4,4.33,20.5,141,58
2,00:02:46.8,726.2,00:01:56.2,4.30,21,141,59
2,00:02:49.8,738.0,00:01:58.7,4.21,21,142,60
2,00:02:52.8,748.3,00:02:09.8,3.85,20,142,61
2,00:02:55.8,757.3,00:02:31.0,3.31,20.5,143,62
2,00:02:58.8,767.6,00:02:48.9,2.96,20.5,143,63
2,00:03:01.3,779.9,00:02:48.3,2.97,21,142,64
2,00:03:04.1,794.7,00:02:16.6,3.66,21,142,65
2,00:03:07.1,809.5,00:01:57.3,4.26,20,143,66
2,00:03:10.1,823.8,00:01:55.4,4.33,20.5,143,67
2,00:03:12.9,837.4,00:01:55.7,4.32,21,143,68
2,00:03:15.9,851.4,00:01:56.2,4.30,20.5,143,69
2,00:03:18.7,864.6,00:01:55.7,4.32,21,144,70
2,00:03:21.7,878.4,00:01:53.6,4.40,21,144,71
2,00:03:24.5,891.3,00:01:54.1,4.38,20.5,143,72
2,00:03:27.5,905.1,00:01:56.2,4.30,20,143,73
2,00:03:30.3,917.8,00:01:56.8,4.28,21,142,74
2,00:03:33.1,930.2,00:01:56.2,4.30,21.5,142,75
2,00:03:35.9,942.8,00:01:55.7,4.32,21,141,76
2,00:03:38.9,955.8,00:01:56.2,4.30,20.5,141,77
2,00:03:41.7,968.0,00:01:56.8,4.28,21.5,141,78
2,00:03:44.5,980.7,00:01:56.2,4.30,20.5,142,79
2,00:03:47.3,993.4,00:01:55.2,4.34,21,143,80
2,00:03:50.3,1006.5,00:01:54.1,4.38,21,143,81
2,00:03:53.0,1018.5,00:01:54.4,4.37,21,144,82
2,00:03:56.0,1031.7,00:01:54.1,4.38,20.5,144,83
2,00:03:58.9,1044.0,00:01:54.1,4.38,20.5,144,84
2,00:04:01.9,1057.3,00:01:54.1,4.38,20,144,85
2,00:04:04.9,1070.4,00:01:53.3,4.41,20.5,144,86
2,00:04:07.8,1082.8,00:01:53.3,4.41,21,144,87
2,00:04:10.8,1095.9,00:01:52.6,4.44,20.5,144,88
2,00:04:13.8,1109.1,00:01:52.1,4.46,20.5,144,89
2,00:04:16.8,1122.7,00:01:51.8,4.47,20.5,143,90
2,00:04:19.3,1135.5,00:01:52.1,4.46,20.5,143,91
2,00:04:22.1,1148.1,00:01:53.1,4.42,21.5,144,92
2,00:04:25.1,1161.6,00:01:54.1,4.38,20.5,144,93
2,00:04:27.9,1174.2,00:01:54.6,4.36,20.5,144,94
2,00:04:30.7,1186.8,00:01:54.4,4.37,21.5,143,95
2,00:04:33.7,1200.3,00:01:54.1,4.38,19.5,144,96
2,00:04:36.7,1213.3,00:01:54.6,4.36,20,144,97
2,00:04:39.7,1226.6,00:01:56.2,4.30,20.5,144,98
2,00:04:42.7,1239.8,00:01:55.2,4.34,20,144,99
2,00:04:45.7,1252.7,00:01:55.4,4.33,20,144,100
2,00:04:48.7,1265.8,00:01:55.7,4.32,20.5,144,101
2,00:04:51.7,1278.8,00:01:55.4,4.33,20,143,102
2,00:04:54.5,1291.1,00:01:55.7,4.32,21,143,103
2,00:04:57.3,1303.1,00:01:56.2,4.30,21,143,104
2,00:05:00.1,1315.5,00:01:56.2,4.30,20.5,142,105
2,00:05:03.1,1328.5,00:01:55.2,4.34,21,141,106
2,00:05:05.9,1340.6,00:01:55.2,4.34,20.5,142,107
2,00:05:08.9,1353.7,00:01:56.2,4.30,20,142,108
2,00:05:11.9,1366.7,00:01:56.2,4.30,20,143,109
2,00:05:14.9,1379.8,00:01:55.7,4.32,20,143,110
2,00:05:17.9,1392.6,00:01:56.5,4.29,20,142,111
2,00:05:20.9,1405.5,00:01:56.2,4.30,20.5,142,112
2,00:05:23.9,1418.3,00:01:55.2,4.34,19.5,142,113
2,00:05:26.9,1431.4,00:01:55.2,4.34,20,142,114
2,00:05:29.9,1444.3,00:01:55.2,4.34,20.5,142,115
2,00:05:32.7,1456.7,00:01:55.2,4.34,20.5,142,116
2,00:05:35.7,1469.8,00:01:54.6,4.36,20,141,117
2,00:05:38.7,1482.7,00:01:55.2,4.34,20,141,118
2,00:05:41.7,1495.8,00:01:55.4,4.33,20.5,142,119
2,00:05:44.7,1508.9,00:01:54.6,4.36,20,142,120
2,00:05:47.7,1521.7,00:01:55.2,4.34,20,142,121
2,00:05:50.7,1534.6,00:01:56.5,4.29,20,143,122
2,00:05:53.7,1547.5,00:01:56.5,4.29,19.5,143,123
2,00:05:56.9,1561.2,00:01:56.5,4.29,19,142,124
2,00:05:59.9,1574.0,00:01:56.8,4.28,19.5,142,125
2,00:06:03.1,1587.7,00:01:56.2,4.30,19.5,141,126
2,00:06:06.1,1600.6,00:01:56.2,4.30,19.5,141,127
2,00:06:09.1,1613.8,00:01:56.2,4.30,19.5,142,128
2,00:06:12.3,1627.4,00:01:56.2,4.30,20,143,129
2,00:06:15.3,1640.4,00:01:55.7,4.32,19.5,143,130
2,00:06:18.3,1653.1,00:01:57.3,4.26,19.5,144,131
2,00:06:21.3,1665.7,00:01:58.7,4.21,20,144,132
2,00:06:24.3,1678.4,00:01:58.4,4.22,19.5,144,133
2,00:06:27.3,1691.4,00:01:57.3,4.26,20.5,143,134
2,00:06:30.2,1703.7,00:01:55.2,4.34,20.5,143,135
2,00:06:33.1,1716.6,00:01:54.1,4.38,20.5,143,136
2,00:06:36.1,1729.5,00:01:54.6,4.36,20.5,143,137
2,00:06:38.9,1741.7,00:01:55.4,4.33,20.5,143,138
2,00:06:41.9,1754.8,00:01:55.2,4.34,20,144,139
2,00:06:44.9,1767.8,00:01:54.6,4.36,20,144,140
2,00:06:47.9,1780.6,00:01:56.2,4.30,20.5,144,141
2,00:06:50.7,1793.0,00:01:56.2,4.30,20.5,144,142
2,00:06:53.7,1806.0,00:01:55.7,4.32,20,144,143
2,00:06:56.8,1819.1,00:01:55.2,4.34,20.5,144,144
2,00:06:59.7,1831.9,00:01:55.2,4.34,19.5,144,145
2,00:07:02.8,1844.8,00:01:55.7,4.32,20,144,146
2,00:07:05.7,1857.7,00:01:56.5,4.29,20,144,147
2,00:07:08.7,1870.3,00:01:57.6,4.25,20,144,148
2,00:07:11.7,1882.9,00:01:59.0,4.20,20,144,149
2,00:07:14.5,1895.0,00:01:58.4,4.22,21.5,144,150
2,00:07:17.3,1907.2,00:01:56.2,4.30,21,144,151
2,00:07:20.3,1920.3,00:01:54.6,4.36,20.5,145,152
2,00:07:23.1,1932.7,00:01:54.4,4.37,20.5,145,153
2,00:07:26.1,1945.8,00:01:54.6,4.36,20,144,154
2,00:07:29.2,1958.8,00:01:55.4,4.33,20,144,155
2,00:07:32.0,1970.8,00:01:56.2,4.30,20.5,144,156
2,00:07:34.9,1982.8,00:01:56.5,4.29,20.5,144,157
2,00:07:38.0,1996.3,00:01:56.5,4.29,20.5,144,158
2,00:07:38.9,2000.2,00:01:56.5,4.29,20.5,144,158
3,00:00:02.8,3.7,00:07:56.1,1.05,21.5,106,1
3,00:00:04.9,10.2,00:04:12.5,1.98,27,107,2
3,00:00:07.4,18.3,00:02:48.3,2.97,25.5,110,3
3,00:00:09.7,26.8,00:02:27.0,3.40,24.5,117,4
3,00:00:12.3,34.8,00:02:22.0,3.52,24,122,5
3,00:00:14.8,44.2,00:02:20.4,3.56,24.5,125,6
3,00:00:17.4,53.2,00:02:23.6,3.48,24,127,7
3,00:00:20.0,62.1,00:02:28.8,3.36,22.5,128,8
3,00:00:22.8,71.4,00:02:29.2,3.35,22.5,128,9
3,00:00:25.2,79.7,00:02:27.4,3.39,23,128,10
3,00:00:27.8,88.5,00:02:26.1,3.42,24,128,11
3,00:00:30.3,97.1,00:02:24.5,3.46,22,129,12
3,00:00:33.2,106.6,00:02:22.8,3.50,22.5,130,13
3,00:00:35.8,116.2,00:02:22.0,3.52,23,132,14
3,00:00:38.2,124.7,00:02:24.5,3.46,23.5,133,15
3,00:00:41.0,134.3,00:02:26.6,3.41,22.5,135,16
3,00:00:43.6,143.4,00:02:24.5,3.46,22.5,136,17
3,00:00:46.3,153.2,00:02:23.2,3.49,22.5,137,18
3,00:00:49.0,162.6,00:02:22.0,3.52,22.5,138,19
3,00:00:51.8,172.2,00:02:22.0,3.52,21.5,138,20
3,00:00:54.4,181.3,00:02:23.6,3.48,21.5,138,21
3,00:00:57.2,190.6,00:02:21.6,3.53,23,139,22
3,00:00:59.8,200.5,00:02:18.8,3.60,22.5,140,23
3,00:01:02.4,209.7,00:02:21.2,3.54,22.5,140,24
3,00:01:05.0,218.8,00:02:26.1,3.42,23,142,25
3,00:01:07.7,228.3,00:02:25.7,3.43,22.5,143,26
3,00:01:10.4,237.5,00:02:23.2,3.49,23,144,27
3,00:01:13.0,246.8,00:02:22.0,3.52,23,145,28
3,00:01:15.6,255.7,00:02:23.2,3.49,22.5,145,29
3,00:01:18.2,264.2,00:02:24.0,3.47,24.5,145,30
3,00:01:20.8,273.9,00:02:22.4,3.51,21.5,146,31
3,00:01:23.4,282.9,00:02:24.5,3.46,22.5,146,32
3,00:01:26.2,292.5,00:02:29.2,3.35,22.5,147,33
3,00:01:29.0,302.4,00:02:27.4,3.39,22,147,34
3,00:01:31.6,311.6,00:02:23.2,3.49,22,148,35
3,00:01:34.4,321.2,00:02:21.6,3.53,22.5,149,36
3,00:01:37.0,330.4,00:02:22.8,3.50,22.5,149,37
3,00:01:39.8,340.1,00:02:24.0,3.47,21.5,148,38
3,00:01:42.4,349.2,00:02:23.2,3.49,22,148,39
3,00:01:45.2,358.3,00:02:22.4,3.51,22,148,40
3,00:01:47.6,366.5,00:02:25.3,3.44,25.5,148,41
3,00:01:50.2,375.4,00:02:29.7,3.34,23.5,149,42
3,00:01:52.8,384.4,00:02:28.3,3.37,22.5,149,43
3,00:01:55.4,393.4,00:02:23.6,3.48,22.5,148,44
3,00:01:58.0,402.4,00:02:23.6,3.48,23,148,45
3,00:02:00.8,412.4,00:02:22.4,3.51,22.5,148,46
3,00:02:03.2,420.8,00:02:20.0,3.57,23,148,47
3,00:02:06.2,431.1,00:02:17.7,3.63,23,148,48
3,00:02:08.6,440.5,00:02:18.5,3.61,22.5,148,49
3,00:02:11.2,450.1,00:02:22.4,3.51,22.5,149,50
3,00:02:14.0,459.5,00:02:23.6,3.48,22,149,51
3,00:02:16.8,469.4,00:02:23.6,3.48,22,149,52
3,00:02:19.4,478.9,00:02:21.2,3.54,23,149,53
3,00:02:21.8,487.8,00:02:18.5,3.61,23.5,150,54
3,00:02:24.4,497.3,00:02:17.3,3.64,23,150,55
3,00:02:27.2,506.7,00:02:17.3,3.64,23,150,56
3,00:02:29.8,516.6,00:02:16.9,3.65,22.5,149,57
3,00:02:32.4,526.1,00:02:19.2,3.59,22,149,58
3,00:02:35.2,536.0,00:02:22.0,3.52,22.5,149,59
3,00:02:37.8,545.2,00:02:22.0,3.52,22.5,149,60
3,00:02:40.4,554.2,00:02:22.4,3.51,22.5,148,61
3,00:02:43.2,563.8,00:02:24.5,3.46,22,148,62
3,00:02:46.0,573.6,00:02:24.0,3.47,22,148,63
3,00:02:48.6,582.8,00:02:22.0,3.52,22.5,148,64
3,00:02:51.2,591.8,00:02:19.6,3.58,23,148,65
3,00:02:53.8,601.8,00:02:16.2,3.67,22.5,149,66
3,00:02:56.6,611.6,00:02:18.5,3.61,22.5,149,67
3,00:02:59.2,621.1,00:02:22.4,3.51,22.5,149,68
3,00:03:02.0,631.0,00:02:22.0,3.52,22.5,149,69
3,00:03:04.6,640.4,00:02:21.2,3.54,23,149,70
3,00:03:07.2,649.7,00:02:20.8,3.55,23,150,71
3,00:03:09.8,659.1,00:02:21.2,3.54,22.5,149,72
3,00:03:12.3,667.9,00:02:20.4,3.56,23,149,73
3,00:03:15.2,678.1,00:02:16.9,3.65,23,148,74
3,00:03:17.6,687.8,00:02:14.4,3.72,23,148,75
3,00:03:20.4,698.0,00:02:16.6,3.66,22,148,76
3,00:03:22.8,706.9,00:02:19.2,3.59,23,148,77
3,00:03:25.6,716.9,00:02:18.8,3.60,23,148,78
3,00:03:28.2,726.4,00:02:17.3,3.64,22.5,148,79
3,00:03:31.0,736.5,00:02:16.6,3.66,22.5,149,80
3,00:03:33.6,746.3,00:02:15.8,3.68,22,149,81
3,00:03:36.2,755.3,00:02:15.8,3.68,23,150,82
3,00:03:38.8,765.3,00:02:14.7,3.71,23.5,150,83
3,00:03:41.2,774.1,00:02:16.9,3.65,24,151,84
3,00:03:43.8,783.5,00:02:19.6,3.58,24.5,150,85
3,00:03:46.4,793.2,00:02:16.9,3.65,22.5,150,86
3,00:03:49.0,802.9,00:02:15.1,3.70,22.5,150,87
3,00:03:51.6,812.5,00:02:15.5,3.69,23,150,88
3,00:03:54.2,821.6,00:02:15.5,3.69,22.5,150,89
3,00:03:57.2,832.2,00:02:14.7,3.71,22,150,90
3,00:03:59.8,842.3,00:02:15.1,3.70,22.5,150,91
3,00:04:02.4,851.8,00:02:18.8,3.60,22.5,150,92
3,00:04:04.8,860.1,00:02:22.8,3.50,25,150,93
3,00:04:07.0,867.9,00:02:22.8,3.50,27,150,94
3,00:04:08.8,874.2,00:02:22.4,3.51,30.5,150,95
3,00:04:11.4,883.5,00:02:22.0,3.52,25,150,96
3,00:04:13.8,892.5,00:02:18.8,3.60,23.5,150,97
3,00:04:16.4,902.2,00:02:16.6,3.66,23.5,150,98
3,00:04:19.0,912.0,00:02:14.7,3.71,23,150,99
3,00:04:21.5,921.2,00:02:13.6,3.74,24.5,150,100
3,00:04:24.2,931.0,00:02:13.6,3.74,21.5,150,101
3,00:04:27.2,941.5,00:02:15.1,3.70,22,150,102
3,00:04:29.6,950.7,00:02:20.0,3.57,23,150,103
3,00:04:32.2,960.0,00:02:24.0,3.47,23,150,104
3,00:04:34.8,969.2,00:02:22.8,3.50,22.5,150,105
3,00:04:37.4,978.5,00:02:21.2,3.54,22.5,150,106
3,00:04:40.2,988.3,00:02:21.2,3.54,22,150,107
3,00:04:42.8,997.6,00:02:20.4,3.56,22.5,150,108
3,00:04:45.4,1006.4,00:02:20.0,3.57,23,150,109
3,00:04:48.2,1016.0,00:02:19.6,3.58,23,149,110
3,00:04:50.6,1025.1,00:02:20.0,3.57,23,150,111
3,00:04:53.2,1034.2,00:02:23.6,3.48,23.5,150,112
3,00:04:55.8,1043.4,00:02:24.5,3.46,23.5,151,113
3,00:04:58.4,1052.8,00:02:20.4,3.56,23,151,114
3,00:05:01.0,1062.0,00:02:18.8,3.60,23,152,115
3,00:05:03.3,1070.2,00:02:18.5,3.61,23.5,152,116
3,00:05:06.2,1079.9,00:02:18.8,3.60,23,152,117
3,00:05:08.6,1089.2,00:02:19.6,3.58,23.5,152,118
3,00:05:11.2,1098.6,00:02:22.4,3.51,23,153,119
3,00:05:13.8,1108.3,00:02:20.4,3.56,23,153,120
3,00:05:18.8,1123.6,00:02:26.6,3.41,12,152,121
3,00:05:21.2,1130.2,00:02:47.7,2.98,24,153,122
3,00:05:23.8,1139.2,00:02:41.8,3.09,24,153,123
3,00:05:26.4,1148.6,00:02:24.0,3.47,23.5,153,124
3,00:05:29.0,1158.3,00:02:20.0,3.57,23,152,125
3,00:05:31.6,1167.8,00:02:18.1,3.62,23,151,126
3,00:05:34.2,1177.0,00:02:18.5,3.61,23,150,127
3,00:05:37.0,1187.1,00:02:18.1,3.62,22,150,128
3,00:05:39.6,1196.4,00:02:18.5,3.61,22,150,129
3,00:05:42.2,1205.1,00:02:21.6,3.53,22.5,150,130
3,00:05:45.2,1214.9,00:02:23.2,3.49,22.5,149,131
3,00:05:47.6,1223.7,00:02:26.1,3.42,22.5,148,132
3,00:05:50.4,1232.9,00:02:32.4,3.28,22.5,148,133
3,00:05:53.0,1241.5,00:02:35.7,3.21,22.5,148,134
3,00:05:55.8,1250.7,00:02:33.8,3.25,22.5,149,135
3,00:05:58.4,1259.5,00:02:31.5,3.30,22,149,136
3,00:06:01.0,1268.4,00:02:28.8,3.36,23.5,149,137
3,00:06:03.5,1276.9,00:02:26.1,3.42,23.5,150,138
3,00:06:06.2,1285.3,00:02:27.0,3.40,23.5,150,139
3,00:06:08.8,1293.6,00:02:27.0,3.40,22.5,150,140
3,00:06:11.4,1302.1,00:02:28.3,3.37,22.5,151,141
3,00:06:14.0,1310.0,00:02:42.3,3.08,22,152,142
3,00:06:16.8,1320.6,00:02:47.7,2.98,22.5,152,143
3,00:06:19.4,1330.7,00:02:31.0,3.31,22,152,144
3,00:06:22.0,1340.6,00:02:22.8,3.50,22.5,152,145
3,00:06:24.8,1350.7,00:02:24.0,3.47,22.5,152,146
3,00:06:27.5,1360.1,00:02:25.7,3.43,22.5,152,147
3,00:06:30.3,1369.4,00:02:25.3,3.44,22,152,148
3,00:06:32.8,1378.7,00:02:24.0,3.47,23,152,149
3,00:06:35.4,1387.7,00:02:27.4,3.39,23,153,150
3,00:06:38.0,1396.5,00:02:34.7,3.23,23,153,151
3,00:06:40.6,1405.2,00:02:35.2,3.22,23,153,152
3,00:06:43.2,1413.9,00:02:32.9,3.27,22.5,153,153
3,00:06:46.0,1423.2,00:02:31.0,3.31,22.5,153,154
3,00:06:48.6,1432.2,00:02:27.4,3.39,22.5,153,155
3,00:06:51.2,1440.9,00:02:25.7,3.43,22,153,156
3,00:06:54.3,1451.0,00:02:24.5,3.46,23,153,157
3,00:06:56.6,1460.0,00:02:23.6,3.48,22.5,153,158
3,00:06:59.4,1469.6,00:02:26.6,3.41,22,153,159
3,00:07:02.0,1478.8,00:02:29.2,3.35,22.5,152,160
3,00:07:04.8,1488.3,00:02:27.0,3.40,22,152,161
3,00:07:07.4,1497.4,00:02:24.5,3.46,22.5,151,162
3,00:07:10.0,1506.4,00:02:24.0,3.47,23,151,163
3,00:07:12.8,1515.9,00:02:26.1,3.42,22.5,151,164
3,00:07:15.4,1524.5,00:02:25.7,3.43,22.5,152,165
3,00:07:18.2,1534.3,00:02:21.6,3.53,22,152,166
3,00:07:20.8,1544.1,00:02:18.8,3.60,22.5,152,167
3,00:07:23.6,1553.8,00:02:21.2,3.54,22.5,152,168
3,00:07:26.2,1562.9,00:02:26.6,3.41,22.5,152,169
3,00:07:29.0,1572.5,00:02:27.4,3.39,21.5,153,170
3,00:07:31.6,1581.7,00:02:24.0,3.47,21.5,153,171
3,00:07:34.4,1591.6,00:02:22.4,3.51,22.5,153,172
3,00:07:37.0,1600.8,00:02:21.2,3.54,22.5,153,173
3,00:07:39.8,1610.7,00:02:20.4,3.56,22.5,153,174
3,00:07:42.3,1619.1,00:02:19.6,3.58,23,153,175
3,00:07:45.3,1629.8,00:02:16.6,3.66,22.5,153,176
3,00:07:47.6,1639.4,00:02:15.8,3.68,23,153,177
3,00:07:50.2,1648.8,00:02:20.8,3.55,23,153,178
3,00:07:53.0,1658.8,00:02:23.2,3.49,22,152,179
3,00:07:55.6,1668.0,00:02:22.8,3.50,23,153,180
3,00:07:58.2,1677.1,00:02:23.2,3.49,22.5,153,181
3,00:08:00.8,1686.4,00:02:22.8,3.50,22.5,153,182
3,00:08:03.5,1695.3,00:02:22.8,3.50,23,153,183
3,00:08:06.3,1704.2,00:02:22.4,3.51,22.5,153,184
3,00:08:08.8,1713.5,00:02:21.6,3.53,23,153,185
3,00:08:11.4,1722.6,00:02:23.6,3.48,22.5,153,186
3,00:08:14.2,1732.4,00:02:25.7,3.43,22.5,153,187
3,00:08:16.8,1741.7,00:02:24.9,3.45,22.5,153,188
3,00:08:19.4,1751.0,00:02:22.4,3.51,22.5,153,189
3,00:08:22.0,1760.5,00:02:20.8,3.55,23,153,190
3,00:08:24.8,1770.3,00:02:20.4,3.56,22.5,154,191
3,00:08:27.4,1779.1,00:02:22.0,3.52,22.5,154,192
3,00:08:30.3,1789.0,00:02:21.2,3.54,22.5,154,193
3,00:08:32.8,1798.7,00:02:19.6,3.58,21.5,154,194
3,00:08:35.6,1808.4,00:02:22.4,3.51,22.5,154,195
3,00:08:38.2,1817.7,00:02:25.3,3.44,23,154,196
3,00:08:40.8,1826.8,00:02:24.0,3.47,22.5,155,197
3,00:08:43.4,1835.8,00:02:22.8,3.50,22.5,155,198
3,00:08:46.2,1845.5,00:02:22.8,3.50,22.5,154,199
3,00:08:48.8,1854.3,00:02:24.9,3.45,22.5,154,200
3,00:08:51.4,1862.3,00:02:30.1,3.33,23,154,201
3,00:08:54.3,1871.2,00:02:34.3,3.24,22,155,202
3,00:08:56.8,1880.3,00:02:33.3,3.26,22.5,155,203
3,00:08:59.4,1889.2,00:02:31.9,3.29,22.5,155,204
3,00:09:02.2,1898.7,00:02:31.0,3.31,22.5,155,205
3,00:09:04.8,1907.6,00:02:27.4,3.39,22.5,155,206
3,00:09:07.6,1917.1,00:02:24.0,3.47,22.5,155,207
3,00:09:10.2,1926.0,00:02:24.9,3.45,22.5,155,208
3,00:09:12.8,1935.1,00:02:26.1,3.42,22.5,155,209
3,00:09:15.5,1944.0,00:02:26.1,3.42,22.5,155,210
3,00:09:18.3,1953.2,00:02:24.0,3.47,23,155,211
3,00:09:20.8,1963.0,00:02:21.6,3.53,22,155,212
3,00:09:23.4,1972.1,00:02:23.6,3.48,22.5,155,213
3,00:09:26.0,1981.0,00:02:26.6,3.41,24,155,214
3,00:09:28.6,1990.2,00:02:24.5,3.46,22.5,155,215
3,00:09:31.6,1999.2,00:02:31.0,3.31,20.5,155,216
3,00:09:32.0,2000.1,00:02:31.0,3.31,20.5,154,216
4,00:00:02.5,5.5,00:00:09.2,53.78,23.5,105,1
4,00:00:05.0,14.7,00:02:51.2,2.92,26.5,109,2
4,00:00:07.4,24.6,00:02:04.0,4.03,26.5,114,3
4,00:00:09.5,35.4,00:01:51.1,4.50,26,119,4
4,00:00:11.8,45.5,00:01:49.4,4.57,26.5,122,5
4,00:00:14.1,56.7,00:01:49.4,4.57,26,126,6
4,00:00:16.5,67.1,00:01:47.9,4.63,24.5,128,7
4,00:00:18.9,79.0,00:01:46.8,4.68,24.5,130,8
4,00:00:21.3,90.1,00:01:47.9,4.63,24.5,131,9
4,00:00:23.9,101.9,00:01:50.3,4.53,24.5,133,10
4,00:00:26.3,112.8,00:01:50.8,4.51,24.5,135,11
4,00:00:28.6,123.0,00:01:49.8,4.55,25.5,136,12
4,00:00:31.0,134.2,00:01:47.0,4.67,26,137,13
4,00:00:33.3,145.4,00:01:46.8,4.68,25.5,137,14
4,00:00:35.7,156.5,00:01:48.2,4.62,25,138,15
4,00:00:38.2,167.6,00:01:48.4,4.61,25.5,139,16
4,00:00:40.5,177.9,00:01:48.9,4.59,24.5,140,17
4,00:00:42.9,189.7,00:01:48.2,4.62,24.5,141,18
4,00:00:45.3,200.7,00:01:49.1,4.58,25.5,142,19
4,00:00:47.7,211.8,00:01:49.8,4.55,24.5,143,20
4,00:00:50.1,222.8,00:01:49.1,4.58,23.5,144,21
4,00:00:52.7,234.6,00:01:49.4,4.57,24.5,144,22
4,00:00:55.4,245.7,00:01:48.9,4.59,24.5,145,23
4,00:00:57.8,257.4,00:01:48.4,4.61,24,145,24
4,00:01:00.1,268.5,00:01:49.8,4.55,25,146,25
4,00:01:02.5,279.5,00:01:50.1,4.54,24.5,147,26
4,00:01:04.9,290.6,00:01:49.1,4.58,24,148,27
4,00:01:07.4,301.0,00:01:49.1,4.58,24,149,28
4,00:01:10.0,313.5,00:01:48.2,4.62,24,149,29
4,00:01:12.3,324.4,00:01:49.4,4.57,24.5,149,30
4,00:01:14.9,336.0,00:01:51.6,4.48,24.5,150,31
4,00:01:17.4,346.9,00:01:51.3,4.49,24,150,32
4,00:01:19.7,357.6,00:01:51.6,4.48,24.5,150,33
4,00:01:22.4,368.4,00:01:51.6,4.48,24.5,150,34
4,00:01:24.7,380.1,00:01:50.8,4.51,23.5,150,35
4,00:01:27.3,391.6,00:01:52.6,4.44,24.5,151,36
4,00:01:29.8,402.4,00:01:53.3,4.41,24.5,151,37
4,00:01:32.2,413.1,00:01:51.8,4.47,24.5,151,38
4,00:01:34.5,423.3,00:01:51.1,4.50,24.5,151,39
4,00:01:37.0,434.9,00:01:49.8,4.55,25,151,40
4,00:01:39.3,445.9,00:01:50.1,4.54,25.5,151,41
4,00:01:41.7,456.8,00:01:51.1,4.50,24.5,151,42
4,00:01:44.3,468.5,00:01:51.1,4.50,23,152,43
4,00:01:46.7,479.3,00:01:51.6,4.48,24.5,152,44
4,00:01:49.4,490.3,00:01:51.6,4.48,24,152,45
4,00:01:51.7,501.8,00:01:50.8,4.51,24,151,46
4,00:01:54.4,513.4,00:01:52.6,4.44,23.5,151,47
4,00:01:56.9,525.1,00:01:53.1,4.42,24,151,48
4,00:01:59.3,536.2,00:01:51.1,4.50,24,151,49
4,00:02:01.9,547.9,00:01:50.8,4.51,23.5,151,50
4,00:02:04.4,558.4,00:01:50.8,4.51,23.5,151,51
4,00:02:06.9,570.9,00:01:49.4,4.57,23.5,151,52
4,00:02:09.6,582.7,00:01:49.8,4.55,23,151,53
4,00:02:12.1,594.5,00:01:51.3,4.49,23.5,151,54
4,00:02:14.6,605.8,00:01:50.1,4.54,24,150,55
4,00:02:17.2,617.6,00:01:48.9,4.59,23.5,151,56
4,00:02:19.4,626.8,00:01:51.3,4.49,25.5,150,57
4,00:02:22.0,638.9,00:01:51.6,4.48,24.5,151,58
4,00:02:24.6,650.6,00:01:50.1,4.54,24,151,59
4,00:02:27.0,661.5,00:01:50.8,4.51,24.5,151,60
4,00:02:29.4,672.8,00:01:49.8,4.55,25,151,61
4,00:02:31.7,684.4,00:01:46.3,4.70,24.5,151,62
4,00:02:34.4,695.5,00:01:45.9,4.72,24.5,151,63
4,00:02:36.6,706.5,00:01:48.2,4.62,25,151,64
4,00:02:39.2,717.6,00:01:51.8,4.47,24.5,152,65
4,00:02:41.6,727.5,00:01:56.8,4.28,24.5,152,66
4,00:02:43.9,736.9,00:02:00.4,4.15,24.5,152,67
4,00:02:46.4,743.8,00:02:16.2,3.67,25.5,152,68
4,00:02:48.8,749.8,00:02:58.5,2.80,24.5,152,69
4,00:02:51.1,761.7,00:02:58.5,2.80,24.5,153,70
4,00:02:53.5,774.0,00:02:21.2,3.54,24.5,153,71
4,00:02:56.2,787.8,00:02:01.6,4.11,24,153,72
4,00:02:58.5,799.6,00:01:51.3,4.49,24.5,153,73
4,00:03:01.0,813.0,00:01:47.9,4.63,24.5,153,74
4,00:03:03.5,825.8,00:01:48.9,4.59,24,153,75
4,00:03:06.0,837.4,00:01:51.8,4.47,24,153,76
4,00:03:08.6,849.4,00:01:54.1,4.38,23.5,153,77
4,00:03:11.0,860.0,00:01:55.7,4.32,25.5,152,78
4,00:03:13.4,870.5,00:01:54.4,4.37,25.5,152,79
4,00:03:15.8,882.5,00:01:50.1,4.54,24.5,152,80
4,00:03:18.2,893.7,00:01:50.8,4.51,24.5,153,81
4,00:03:20.6,904.6,00:01:53.6,4.40,24,153,82
4,00:03:23.2,916.4,00:01:54.1,4.38,24.5,154,83
4,00:03:25.4,925.8,00:01:53.6,4.40,25,153,84
4,00:03:28.0,938.0,00:01:52.8,4.43,24,153,85
4,00:03:30.6,949.5,00:01:54.1,4.38,24,153,86
4,00:03:33.0,960.5,00:01:55.2,4.34,24.5,153,87
4,00:03:35.4,971.6,00:01:52.8,4.43,24.5,153,88
4,00:03:38.0,983.5,00:01:50.8,4.51,24,153,89
4,00:03:40.4,993.7,00:01:51.1,4.50,23.5,153,90
4,00:03:43.0,1006.0,00:01:51.3,4.49,24.5,154,91
4,00:03:45.4,1017.1,00:01:51.6,4.48,23.5,154,92
4,00:03:48.0,1028.8,00:01:51.3,4.49,23.5,154,93
4,00:03:50.6,1040.7,00:01:49.8,4.55,24.5,155,94
4,00:03:53.0,1051.8,00:01:49.1,4.58,24.5,155,95
4,00:03:55.4,1062.5,00:01:48.9,4.59,23.5,155,96
4,00:03:58.0,1074.9,00:01:47.9,4.63,24,155,97
4,00:04:00.4,1085.8,00:01:50.1,4.54,24.5,155,98
4,00:04:02.8,1096.9,00:01:51.1,4.50,25,155,99
4,00:04:05.2,1108.0,00:01:49.4,4.57,25.5,156,100
4,00:04:07.4,1117.8,00:01:47.9,4.63,25.5,156,101
4,00:04:10.0,1130.5,00:01:45.7,4.73,24.5,156,102
4,00:04:12.4,1141.6,00:01:47.5,4.65,24.5,156,103
4,00:04:14.8,1152.6,00:01:50.8,4.51,25,156,104
4,00:04:17.4,1164.3,00:01:50.3,4.53,24,157,105
4,00:04:19.8,1175.1,00:01:50.1,4.54,24.5,156,106
4,00:04:22.4,1186.2,00:01:50.3,4.53,24,157,107
4,00:04:24.8,1197.8,00:01:49.8,4.55,24.5,157,108
4,00:04:27.2,1208.8,00:01:51.1,4.50,24.5,157,109
4,00:04:29.6,1219.8,00:01:51.3,4.49,24.5,157,110
4,00:04:32.0,1230.8,00:01:50.1,4.54,24.5,158,111
4,00:04:34.4,1241.3,00:01:49.4,4.57,24.5,158,112
4,00:04:37.0,1253.9,00:01:47.9,4.63,23.5,158,113
4,00:04:39.6,1265.8,00:01:47.9,4.63,24,158,114
4,00:04:42.0,1277.1,00:01:49.1,4.58,24.5,157,115
4,00:04:44.4,1288.5,00:01:48.9,4.59,24.5,158,116
4,00:04:46.8,1299.6,00:01:47.2,4.66,24.5,158,117
4,00:04:49.4,1310.8,00:01:46.8,4.68,24.5,158,118
4,00:04:51.8,1322.7,00:01:48.2,4.62,24.5,158,119
4,00:04:54.2,1333.6,00:01:51.3,4.49,24.5,157,120
4,00:04:56.6,1344.6,00:01:51.8,4.47,24.5,158,121
4,00:04:59.0,1355.5,00:01:49.8,4.55,24.5,158,122
4,00:05:01.4,1366.0,00:01:48.9,4.59,24.5,158,123
4,00:05:04.0,1378.4,00:01:47.5,4.65,24.5,158,124
4,00:05:06.4,1389.4,00:01:49.1,4.58,24.5,158,125
4,00:05:08.8,1400.4,00:01:51.6,4.48,24.5,158,126
4,00:05:11.2,1411.5,00:01:50.1,4.54,24.5,158,127
4,00:05:13.6,1422.8,00:01:48.4,4.61,24.5,158,128
4,00:05:16.4,1434.8,00:01:47.5,4.65,24.5,158,129
4,00:05:18.6,1445.8,00:01:47.9,4.63,24.5,158,130
4,00:05:21.0,1456.8,00:01:49.8,4.55,25,159,131
4,00:05:23.0,1466.1,00:01:50.3,4.53,29.5,159,132
4,00:05:25.4,1476.6,00:01:48.2,4.62,27,161,133
4,00:05:27.6,1487.9,00:01:45.7,4.73,24.5,161,134
4,00:05:30.0,1499.1,00:01:47.5,4.65,25.5,161,135
4,00:05:32.6,1510.7,00:01:49.1,4.58,24.5,160,136
4,00:05:35.0,1521.4,00:01:49.8,4.55,24.5,160,137
4,00:05:37.4,1531.6,00:01:52.1,4.46,23.5,160,138
4,00:05:39.8,1543.0,00:01:51.3,4.49,24.5,160,139
4,00:05:42.4,1554.6,00:01:51.6,4.48,24,160,140
4,00:05:44.8,1565.5,00:01:51.8,4.47,24.5,160,141
4,00:05:47.2,1576.5,00:01:50.1,4.54,24.5,161,142
4,00:05:49.6,1587.6,00:01:48.9,4.59,24.5,161,143
4,00:05:52.4,1599.4,00:01:48.2,4.62,24.5,161,144
4,00:05:54.6,1610.4,00:01:48.9,4.59,24,161,145
4,00:05:57.2,1622.1,00:01:51.1,4.50,24.5,162,146
4,00:05:59.6,1633.1,00:01:51.6,4.48,23.5,162,147
4,00:06:02.2,1644.8,00:01:50.8,4.51,24,162,148
4,00:06:04.6,1655.6,00:01:51.1,4.50,24.5,162,149
4,00:06:07.0,1666.3,00:01:51.1,4.50,24.5,162,150
4,00:06:09.6,1677.9,00:01:52.3,4.45,24.5,163,151
4,00:06:12.0,1688.8,00:01:54.1,4.38,24,162,152
4,00:06:14.4,1699.7,00:01:53.6,4.40,24.5,162,153
4,00:06:16.8,1710.3,00:01:53.1,4.42,25,162,154
4,00:06:19.4,1721.3,00:01:51.8,4.47,24,161,155
4,00:06:21.8,1733.0,00:01:49.1,4.58,24.5,161,156
4,00:06:24.2,1744.2,00:01:49.8,4.55,24.5,161,157
4,00:06:26.6,1754.9,00:01:51.3,4.49,24.5,161,158
4,00:06:29.0,1766.0,00:01:50.3,4.53,25.5,161,159
4,00:06:31.4,1776.2,00:01:50.3,4.53,25,162,160
4,00:06:33.8,1787.6,00:01:50.8,4.51,24.5,162,161
4,00:06:36.2,1798.0,00:01:54.1,4.38,26,162,162
4,00:06:38.6,1808.6,00:01:55.7,4.32,25.5,162,163
4,00:06:41.0,1819.5,00:01:52.6,4.44,24.5,162,164
4,00:06:43.4,1829.6,00:01:51.3,4.49,24.5,162,165
4,00:06:45.8,1841.2,00:01:49.8,4.55,25,162,166
4,00:06:48.2,1852.1,00:01:50.3,4.53,24.5,162,167
4,00:06:52.5,1868.3,00:01:59.0,4.20,13.5,162,168
4,00:06:54.2,1874.6,00:02:12.9,3.76,33.5,162,169
4,00:06:56.6,1884.2,00:02:13.6,3.74,26,163,170
4,00:06:59.0,1894.9,00:02:00.1,4.16,25.5,163,171
4,00:07:01.5,1905.4,00:01:50.3,4.53,26,163,172
4,00:07:03.6,1916.8,00:01:45.4,4.74,25.5,163,173
4,00:07:06.0,1928.0,00:01:45.7,4.73,25.5,162,174
4,00:07:08.4,1939.1,00:01:48.2,4.62,25,162,175
4,00:07:10.6,1949.4,00:01:48.2,4.62,25,162,176
4,00:07:13.0,1960.5,00:01:47.2,4.66,25.5,162,177
4,00:07:15.4,1971.8,00:01:47.0,4.67,25,162,178
4,00:07:17.8,1983.1,00:01:47.9,4.63,24.5,162,179
4,00:07:20.4,1995.0,00:01:47.5,4.65,25,162,180
4,00:07:21.5,2000.6,00:01:47.5,4.65,25,162,180
5,00:00:00.5,1.4,00:04:25.9,1.88,24.5,124,1
5,00:00:03.1,9.4,00:03:23.2,2.46,24.5,124,2
5,00:00:05.5,17.7,00:02:43.3,3.06,24.5,125,3
5,00:00:07.9,26.2,00:02:28.8,3.36,24,126,4
5,00:00:10.5,35.5,00:02:22.0,3.52,23.5,127,5
5,00:00:12.9,43.6,00:02:21.6,3.53,24.5,128,6
5,00:00:15.5,53.2,00:02:21.2,3.54,24.5,130,7
5,00:00:18.1,62.3,00:02:22.0,3.52,23,132,8
5,00:00:20.7,71.3,00:02:26.6,3.41,23,133,9
5,00:00:23.1,79.7,00:02:27.9,3.38,23.5,135,10
5,00:00:25.7,88.7,00:02:27.0,3.40,23,136,11
5,00:00:28.3,97.7,00:02:25.7,3.43,23,138,12
5,00:00:30.9,105.9,00:02:25.7,3.43,24,139,13
5,00:00:33.5,115.2,00:02:26.6,3.41,23,139,14
5,00:00:35.9,123.5,00:02:27.9,3.38,23.5,139,15
5,00:00:38.7,132.9,00:02:30.1,3.33,23,139,16
5,00:00:41.1,140.8,00:02:32.9,3.27,24,140,17
5,00:00:43.7,149.1,00:02:35.2,3.22,23.5,141,18
5,00:00:46.1,157.1,00:02:34.3,3.24,23.5,142,19
5,00:00:48.9,165.8,00:02:30.6,3.32,23,144,20
5,00:00:51.3,174.3,00:02:29.2,3.35,23,144,21
5,00:00:53.9,182.8,00:02:34.7,3.23,24,145,22
5,00:00:56.5,191.7,00:02:33.8,3.25,23,146,23
5,00:00:59.1,200.7,00:02:27.9,3.38,23,146,24
5,00:01:01.7,209.7,00:02:25.7,3.43,23,146,25
5,00:01:04.3,218.8,00:02:25.3,3.44,22.5,146,26
5,00:01:06.9,227.3,00:02:24.9,3.45,23,146,27
5,00:01:09.5,236.9,00:02:22.4,3.51,23,147,28
5,00:01:12.1,245.7,00:02:24.9,3.45,23,147,29
5,00:01:14.7,254.9,00:02:29.2,3.35,23,147,30
5,00:01:17.3,264.0,00:02:25.7,3.43,23.5,147,31
5,00:01:19.7,272.1,00:02:26.1,3.42,23.5,147,32
5,00:01:22.5,281.5,00:02:29.2,3.35,23,147,33
5,00:01:24.9,289.4,00:02:28.8,3.36,24,148,34
5,00:01:27.9,299.1,00:02:27.0,3.40,22.5,148,35
5,00:01:30.3,307.8,00:02:29.7,3.34,22,148,36
5,00:01:33.1,317.0,00:02:34.3,3.24,22,149,37
5,00:01:35.7,325.7,00:02:34.3,3.24,22.5,149,38
5,00:01:38.5,334.6,00:02:33.3,3.26,22.5,149,39
5,00:01:41.1,343.2,00:02:32.4,3.28,21.5,149,40
5,00:01:43.9,352.5,00:02:31.9,3.29,22.5,149,41
5,00:01:46.5,361.3,00:02:30.1,3.33,22.5,149,42
5,00:01:49.0,369.6,00:02:27.4,3.39,23.5,150,43
5,00:01:51.9,379.0,00:02:25.3,3.44,22,150,44
5,00:01:54.5,388.4,00:02:24.0,3.47,22,150,45
5,00:01:57.1,397.4,00:02:25.3,3.44,22.5,150,46
5,00:01:59.9,407.0,00:02:26.1,3.42,22.5,150,47
5,00:02:02.5,416.1,00:02:23.6,3.48,22.5,150,48
5,00:02:05.1,425.5,00:02:19.6,3.58,23,150,49
5,00:02:07.7,434.9,00:02:18.5,3.61,22.5,150,50
5,00:02:10.5,444.6,00:02:20.0,3.57,22.5,150,51
5,00:02:13.1,453.6,00:02:22.4,3.51,22,150,52
5,00:02:15.9,462.3,00:02:25.7,3.43,22.5,150,53
5,00:02:18.5,471.5,00:02:27.9,3.38,23,150,54
5,00:02:21.1,480.5,00:02:30.1,3.33,21.5,150,55
5,00:02:23.9,489.8,00:02:31.5,3.30,23,150,56
5,00:02:26.5,498.6,00:02:29.7,3.34,22.5,150,57
5,00:02:29.1,507.3,00:02:28.8,3.36,23,151,58
5,00:02:31.5,515.6,00:02:27.9,3.38,23.5,151,59
5,00:02:34.1,524.6,00:02:25.3,3.44,22.5,151,60
5,00:02:36.9,533.6,00:02:24.9,3.45,22.5,151,61
5,00:02:39.9,543.4,00:02:25.7,3.43,22.5,152,62
5,00:02:42.3,552.2,00:02:28.8,3.36,22.5,152,63
5,00:02:45.1,561.3,00:02:32.4,3.28,22,152,64
5,00:02:47.7,570.2,00:02:32.9,3.27,22.5,152,65
5,00:02:50.3,579.0,00:02:31.0,3.31,22.5,152,66
5,00:02:52.9,587.8,00:02:29.2,3.35,23,152,67
5,00:02:55.5,596.5,00:02:28.3,3.37,22.5,152,68
5,00:02:58.2,605.4,00:02:26.1,3.42,23,153,69
5,00:03:00.9,614.3,00:02:24.9,3.45,23,153,70
5,00:03:03.5,623.5,00:02:25.3,3.44,23,153,71
5,00:03:06.1,632.1,00:02:31.5,3.30,22.5,153,72
5,00:03:08.7,640.7,00:02:36.2,3.20,22.5,152,73
5,00:03:11.3,649.1,00:02:36.2,3.20,22.5,152,74
5,00:03:14.1,658.0,00:02:36.2,3.20,22,151,75
5,00:03:16.7,666.3,00:02:37.2,3.18,22.5,151,76
5,00:03:19.5,675.1,00:02:35.2,3.22,22.5,151,77
5,00:03:22.0,683.3,00:02:32.4,3.28,22,152,78
5,00:03:24.9,692.5,00:02:29.7,3.34,22.5,152,79
5,00:03:27.3,701.2,00:02:27.4,3.39,24,152,80
5,00:03:29.9,710.0,00:02:30.1,3.33,23,152,81
5,00:03:32.5,718.9,00:02:30.6,3.32,23,152,82
5,00:03:35.1,728.1,00:02:25.3,3.44,22.5,152,83
5,00:03:37.9,738.0,00:02:22.0,3.52,22.5,152,84
5,00:03:40.5,746.8,00:02:23.6,3.48,23,152,85
5,00:03:43.1,755.3,00:02:26.1,3.42,23,152,86
5,00:03:45.9,765.0,00:02:22.8,3.50,22.5,153,87
5,00:03:48.3,774.1,00:02:20.8,3.55,22.5,152,88
5,00:03:51.1,783.5,00:02:26.1,3.42,23,152,89
5,00:03:53.7,792.5,00:02:29.7,3.34,22.5,152,90
5,00:03:56.5,802.1,00:02:27.4,3.39,22.5,153,91
5,00:03:59.1,811.3,00:02:23.6,3.48,22.5,153,92
5,00:04:01.7,820.3,00:02:23.2,3.49,23,153,93
5,00:04:04.3,829.3,00:02:24.9,3.45,23,153,94
5,00:04:06.9,838.0,00:02:23.6,3.48,22.5,153,95
5,00:04:09.5,847.5,00:02:20.8,3.55,23,153,96
5,00:04:12.1,856.4,00:02:24.0,3.47,23,153,97
5,00:04:14.7,865.2,00:02:29.7,3.34,22.5,153,98
5,00:04:17.3,873.9,00:02:29.7,3.34,22.5,153,99
5,00:04:20.1,883.1,00:02:27.9,3.38,22.5,153,100
5,00:04:22.7,892.2,00:02:26.6,3.41,23,153,101
5,00:04:25.5,901.7,00:02:25.7,3.43,22.5,153,102
5,00:04:27.9,910.0,00:02:25.3,3.44,23,153,103
5,00:04:30.9,920.1,00:02:22.4,3.51,22.5,154,104
5,00:04:33.3,929.0,00:02:22.4,3.51,22.5,154,105
5,00:04:35.9,938.2,00:02:26.6,3.41,22,153,106
5,00:04:38.7,947.9,00:02:27.0,3.40,22.5,153,107
5,00:04:41.3,957.0,00:02:24.0,3.47,23,153,108
5,00:04:43.9,966.3,00:02:20.8,3.55,22.5,153,109
5,00:04:46.7,976.3,00:02:18.8,3.60,22.5,153,110
5,00:04:49.1,984.9,00:02:18.1,3.62,23,153,111
5,00:04:51.9,994.4,00:02:18.8,3.60,22.5,153,112
5,00:04:54.9,1004.8,00:02:17.7,3.63,22.5,153,113
5,00:04:57.3,1014.2,00:02:18.1,3.62,22,153,114
5,00:04:59.9,1023.7,00:02:21.6,3.53,23,153,115
5,00:05:02.5,1033.1,00:02:21.6,3.53,23,153,116
5,00:05:05.3,1043.1,00:02:18.8,3.60,23,154,117
5,00:05:07.9,1052.6,00:02:18.5,3.61,22.5,154,118
5,00:05:10.5,1061.8,00:02:20.4,3.56,22.5,154,119
5,00:05:13.1,1071.1,00:02:22.4,3.51,22.5,154,120
5,00:05:15.9,1080.5,00:02:20.4,3.56,23,153,121
5,00:05:18.5,1090.4,00:02:17.7,3.63,22.5,153,122
5,00:05:21.1,1099.8,00:02:19.6,3.58,22.5,154,123
5,00:05:23.9,1109.8,00:02:23.2,3.49,22,154,124
5,00:05:26.5,1118.9,00:02:23.6,3.48,23,154,125
5,00:05:29.1,1127.6,00:02:25.3,3.44,23,154,126
5,00:05:31.5,1136.0,00:02:27.0,3.40,23.5,154,127
5,00:05:34.2,1145.0,00:02:25.7,3.43,23,155,128
5,00:05:36.9,1154.2,00:02:22.4,3.51,23,155,129
5,00:05:39.5,1164.1,00:02:19.2,3.59,23,156,130
5,00:05:42.1,1173.6,00:02:20.4,3.56,22.5,156,131
5,00:05:44.7,1182.9,00:02:23.2,3.49,22.5,156,132
5,00:05:47.3,1192.2,00:02:23.2,3.49,22,156,133
5,00:05:49.9,1201.2,00:02:23.6,3.48,23,155,134
5,00:05:52.7,1210.8,00:02:24.5,3.46,23,155,135
5,00:05:55.2,1219.3,00:02:24.5,3.46,23,155,136
5,00:05:57.9,1228.4,00:02:24.0,3.47,22.5,155,137
5,00:06:00.5,1237.8,00:02:23.2,3.49,23,155,138
5,00:06:03.1,1246.9,00:02:25.3,3.44,23,155,139
5,00:06:05.7,1256.2,00:02:27.0,3.40,23,155,140
5,00:06:08.3,1265.4,00:02:23.6,3.48,23,155,141
5,00:06:10.9,1274.5,00:02:21.6,3.53,23,155,142
5,00:06:13.5,1283.6,00:02:24.0,3.47,23,155,143
5,00:06:16.0,1292.1,00:02:26.1,3.42,23,155,144
5,00:06:19.0,1301.5,00:02:23.2,3.49,23.5,156,145
5,00:06:21.3,1309.7,00:02:24.9,3.45,23,156,146
5,00:06:23.9,1318.1,00:02:33.3,3.26,23,157,147
5,00:06:26.5,1326.6,00:02:37.7,3.17,23,157,148
5,00:06:29.1,1334.2,00:02:38.2,3.16,23,157,149
5,00:06:31.7,1343.7,00:02:36.7,3.19,22.5,157,150
5,00:06:34.1,1352.7,00:02:30.6,3.32,23.5,157,151
5,00:06:36.9,1362.1,00:02:25.7,3.43,22.5,157,152
5,00:06:39.5,1372.5,00:02:20.8,3.55,22.5,157,153
5,00:06:42.1,1382.2,00:02:18.8,3.60,22.5,157,154
5,00:06:44.7,1392.0,00:02:20.8,3.55,23,157,155
5,00:06:47.5,1402.2,00:02:20.0,3.57,23,157,156
5,00:06:50.1,1411.7,00:02:18.8,3.60,22.5,157,157
5,00:06:52.7,1421.1,00:02:18.5,3.61,23,157,158
5,00:06:55.3,1430.7,00:02:18.8,3.60,23,156,159
5,00:06:58.0,1439.7,00:02:18.5,3.61,22.5,156,160
5,00:07:00.5,1449.8,00:02:16.2,3.67,23,156,161
5,00:07:03.1,1459.3,00:02:16.6,3.66,23,156,162
5,00:07:05.7,1468.8,00:02:19.2,3.59,23.5,156,163
5,00:07:08.3,1478.4,00:02:17.3,3.64,23.5,157,164
5,00:07:10.9,1488.1,00:02:14.7,3.71,23,157,165
5,00:07:13.3,1497.0,00:02:15.1,3.70,24.5,157,166
5,00:07:15.9,1506.1,00:02:16.6,3.66,22.5,157,167
5,00:07:18.5,1516.0,00:02:16.9,3.65,23,157,168
5,00:07:21.1,1525.2,00:02:19.2,3.59,24,157,169
5,00:07:23.7,1534.4,00:02:23.2,3.49,23,157,170
5,00:07:26.3,1543.6,00:02:23.6,3.48,23,158,171
5,00:07:28.9,1553.0,00:02:22.0,3.52,22.5,157,172
5,00:07:31.7,1563.0,00:02:19.2,3.59,23,157,173
5,00:07:34.2,1571.7,00:02:18.8,3.60,23,157,174
5,00:07:37.0,1580.7,00:02:20.8,3.55,22.5,157,175
5,00:07:39.5,1590.2,00:02:22.0,3.52,23,156,176
5,00:07:42.1,1599.3,00:02:24.9,3.45,22.5,156,177
5,00:07:44.7,1608.1,00:02:29.2,3.35,23,156,178
5,00:07:47.3,1617.0,00:02:29.2,3.35,23,156,179
5,00:07:50.1,1626.5,00:02:26.6,3.41,22.5,156,180
5,00:07:52.7,1635.6,00:02:24.0,3.47,23,156,181
5,00:07:55.3,1644.7,00:02:23.2,3.49,22.5,156,182
5,00:07:57.9,1653.2,00:02:23.2,3.49,22,156,183
5,00:08:00.9,1663.3,00:02:22.0,3.52,22,156,184
5,00:08:03.3,1672.5,00:02:21.2,3.54,22.5,156,185
5,00:08:05.9,1681.7,00:02:23.6,3.48,23,155,186
5,00:08:08.7,1691.3,00:02:24.0,3.47,22.5,155,187
5,00:08:11.3,1700.3,00:02:23.6,3.48,23,155,188
5,00:08:13.9,1709.3,00:02:24.5,3.46,22.5,155,189
5,00:08:16.5,1718.3,00:02:23.6,3.48,23,156,190
5,00:08:19.1,1727.0,00:02:22.0,3.52,23,155,191
5,00:08:22.0,1736.8,00:02:19.6,3.58,23,155,192
5,00:08:24.3,1746.1,00:02:19.2,3.59,23,155,193
5,00:08:26.9,1755.4,00:02:21.6,3.53,23.5,155,194
5,00:08:29.5,1765.0,00:02:20.0,3.57,22.5,155,195
5,00:08:32.1,1774.5,00:02:17.7,3.63,23,155,196
5,00:08:34.9,1784.7,00:02:16.2,3.67,22.5,156,197
5,00:08:37.5,1794.3,00:02:15.1,3.70,22.5,156,198
5,00:08:40.1,1803.6,00:02:14.7,3.71,23,156,199
5,00:08:43.0,1813.6,00:02:14.0,3.73,23,157,200
5,00:08:45.3,1823.1,00:02:14.7,3.71,23,157,201
5,00:08:47.9,1832.6,00:02:17.7,3.63,23,157,202
5,00:08:50.5,1842.0,00:02:19.6,3.58,23,158,203
5,00:08:52.9,1850.8,00:02:19.6,3.58,23.5,158,204
5,00:08:55.5,1860.0,00:02:19.2,3.59,24,158,205
5,00:08:58.1,1869.0,00:02:17.7,3.63,23.5,158,206
5,00:09:01.0,1879.0,00:02:14.7,3.71,23.5,158,207
5,00:09:03.3,1888.8,00:02:14.0,3.73,23,159,208
5,00:09:05.9,1898.5,00:02:16.9,3.65,23,159,209
5,00:09:08.5,1908.0,00:02:17.3,3.64,23,158,210
5,00:09:11.1,1917.7,00:02:16.2,3.67,22.5,158,211
5,00:09:13.7,1926.8,00:02:17.7,3.63,23.5,158,212
5,00:09:16.3,1936.1,00:02:20.4,3.56,22.5,158,213
5,00:09:19.0,1944.5,00:02:21.2,3.54,23.5,158,214
5,00:09:21.3,1953.6,00:02:20.4,3.56,23.5,158,215
5,00:09:23.9,1962.8,00:02:22.4,3.51,23,158,216
5,00:09:26.5,1972.1,00:02:23.6,3.48,23,158,217
5,00:09:29.3,1981.9,00:02:21.2,3.54,22.5,158,218
5,00:09:32.3,1992.0,00:02:21.6,3.53,21,158,219
5,00:09:35.5,2000.2,00:02:21.6,3.53,21,157,219
6,00:00:02.7,6.2,00:04:57.6,1.68,22,109,1
6,00:00:05.3,16.4,00:02:44.4,3.04,24,111,2
6,00:00:08.1,28.4,00:02:03.7,4.04,23,117,3
6,00:00:10.7,39.8,00:01:55.4,4.33,22.5,124,4
6,00:00:13.3,50.8,00:01:53.3,4.41,22.5,127,5
6,00:00:16.1,63.3,00:01:50.8,4.51,22.5,128,6
6,00:00:18.7,76.0,00:01:49.8,4.55,22,130,7
6,00:00:21.5,88.5,00:01:51.3,4.49,21.5,131,8
6,00:00:24.3,101.1,00:01:53.1,4.42,22,132,9
6,00:00:26.9,113.0,00:01:52.6,4.44,22,133,10
6,00:00:29.7,125.6,00:01:51.3,4.49,22,135,11
6,00:00:32.5,138.4,00:01:50.3,4.53,21.5,136,12
6,00:00:35.1,150.2,00:01:50.8,4.51,21.5,137,13
6,00:00:37.9,162.9,00:01:50.8,4.51,21.5,139,14
6,00:00:40.7,175.7,00:01:50.3,4.53,21,140,15
6,00:00:43.5,188.2,00:01:50.8,4.51,21.5,141,16
6,00:00:46.4,200.8,00:01:51.1,4.50,21,142,17
6,00:00:49.2,212.5,00:01:51.1,4.50,22,143,18
6,00:00:52.2,225.7,00:01:50.8,4.51,21.5,144,19
6,00:00:54.7,238.2,00:01:51.1,4.50,20.5,144,20
6,00:00:57.5,250.5,00:01:54.1,4.38,21,145,21
6,00:01:00.3,262.8,00:01:55.7,4.32,22.5,146,22
6,00:01:03.1,275.2,00:01:56.2,4.30,21.5,147,23
6,00:01:05.9,287.6,00:01:54.6,4.36,21.5,147,24
6,00:01:08.5,299.6,00:01:52.8,4.43,21.5,148,25
6,00:01:11.5,312.8,00:01:51.3,4.49,21,148,26
6,00:01:14.1,324.4,00:01:51.3,4.49,22,149,27
6,00:01:16.7,336.1,00:01:52.6,4.44,22.5,149,28
6,00:01:19.5,348.6,00:01:52.6,4.44,22,149,29
6,00:01:22.4,361.0,00:01:52.3,4.45,21,149,30
6,00:01:25.2,372.6,00:01:52.3,4.45,21.5,149,31
6,00:01:28.2,385.6,00:01:52.1,4.46,21.5,150,32
6,00:01:30.7,398.0,00:01:53.1,4.42,21.5,150,33
6,00:01:33.3,409.5,00:01:55.2,4.34,22.5,150,34
6,00:01:35.9,420.7,00:01:56.8,4.28,22.5,151,35
6,00:01:38.7,433.0,00:01:55.7,4.32,22.5,151,36
6,00:01:41.3,444.4,00:01:54.1,4.38,23.5,151,37
6,00:01:43.9,455.9,00:01:53.3,4.41,22,151,38
6,00:01:46.7,468.3,00:01:52.8,4.43,21.5,152,39
6,00:01:49.5,480.7,00:01:52.6,4.44,21.5,152,40
6,00:01:52.3,492.4,00:01:52.8,4.43,21,152,41
6,00:01:55.1,504.7,00:01:52.8,4.43,21.5,153,42
6,00:01:58.1,517.8,00:01:51.8,4.47,21.5,153,43
6,00:02:00.5,529.5,00:01:52.3,4.45,22,153,44
6,00:02:03.3,542.0,00:01:53.3,4.41,22.5,153,45
6,00:02:06.1,554.3,00:01:54.1,4.38,21.5,153,46
6,00:02:08.9,566.7,00:01:54.1,4.38,21,153,47
6,00:02:11.7,578.9,00:01:54.6,4.36,21.5,153,48
6,00:02:14.5,591.5,00:01:54.1,4.38,21.5,153,49
6,00:02:17.3,603.9,00:01:53.6,4.40,21.5,152,50
6,00:02:19.9,615.6,00:01:53.3,4.41,21.5,152,51
6,00:02:22.7,627.9,00:01:53.1,4.42,22,152,52
6,00:02:25.4,639.5,00:01:53.6,4.40,22.5,152,53
6,00:02:28.1,650.9,00:01:54.1,4.38,21.5,152,54
6,00:02:31.2,663.9,00:01:53.6,4.40,22,152,55
6,00:02:33.5,675.2,00:01:54.1,4.38,22,152,56
6,00:02:36.3,686.7,00:01:58.7,4.21,21.5,152,57
6,00:02:39.1,697.1,00:02:04.6,4.01,21.5,152,58
6,00:02:41.9,708.7,00:02:07.8,3.91,21,151,59
6,00:02:44.7,720.6,00:02:05.3,3.99,21.5,152,60
6,00:02:47.5,731.8,00:02:06.5,3.95,21.5,151,61
6,00:02:50.3,743.4,00:02:15.1,3.70,21.5,152,62
6,00:02:52.9,756.1,00:02:06.2,3.96,21.5,152,63
6,00:02:55.7,769.5,00:01:54.1,4.38,21,151,64
6,00:02:58.7,783.5,00:01:53.1,4.42,21,151,65
6,00:03:01.4,795.7,00:01:53.1,4.42,21.5,152,66
6,00:03:04.1,807.7,00:01:52.8,4.43,21.5,152,67
6,00:03:07.1,821.1,00:01:52.6,4.44,21,152,68
6,00:03:09.7,833.5,00:01:53.3,4.41,21,153,69
6,00:03:12.5,846.0,00:01:54.6,4.36,21.5,153,70
6,00:03:15.3,858.7,00:01:55.2,4.34,21.5,153,71
6,00:03:18.1,871.1,00:01:55.4,4.33,21.5,153,72
6,00:03:20.9,883.6,00:01:55.4,4.33,21,153,73
6,00:03:23.7,896.0,00:01:54.1,4.38,21.5,153,74
6,00:03:26.5,908.7,00:01:52.8,4.43,22,153,75
6,00:03:29.3,921.3,00:01:52.3,4.45,21.5,153,76
6,00:03:31.9,933.0,00:01:52.8,4.43,21.5,154,77
6,00:03:34.7,945.5,00:01:53.3,4.41,21.5,153,78
6,00:03:37.7,958.7,00:01:53.1,4.42,20.5,153,79
6,00:03:40.4,970.4,00:01:53.3,4.41,22,153,80
6,00:03:43.2,982.4,00:01:52.8,4.43,21,153,81
6,00:03:46.1,995.3,00:01:52.1,4.46,21.5,152,82
6,00:03:49.2,1008.5,00:01:52.1,4.46,21,153,83
6,00:03:51.7,1020.9,00:01:53.1,4.42,20.5,153,84
6,00:03:54.5,1033.3,00:01:54.6,4.36,21,153,85
6,00:03:57.3,1045.9,00:01:54.6,4.36,21.5,152,86
6,00:04:00.1,1058.6,00:01:54.1,4.38,21.5,152,87
6,00:04:02.9,1071.2,00:01:52.6,4.44,21.5,153,88
6,00:04:05.5,1083.2,00:01:51.3,4.49,22.5,152,89
6,00:04:08.5,1096.4,00:01:51.1,4.50,21,153,90
6,00:04:11.3,1108.8,00:01:52.3,4.45,20.5,153,91
6,00:04:14.3,1122.0,00:01:52.6,4.44,21,153,92
6,00:04:17.1,1134.3,00:01:52.8,4.43,21,154,93
6,00:04:19.9,1146.7,00:01:53.3,4.41,21,154,94
6,00:04:22.7,1159.1,00:01:53.3,4.41,20.5,154,95
6,00:04:25.7,1172.4,00:01:52.6,4.44,21,153,96
6,00:04:28.4,1184.1,00:01:51.8,4.47,21.5,154,97
6,00:04:31.3,1196.6,00:01:51.8,4.47,21,153,98
6,00:04:34.2,1209.3,00:01:51.1,4.50,21.5,153,99
6,00:04:37.2,1222.7,00:01:49.1,4.58,22,153,100
6,00:04:39.7,1235.3,00:01:49.8,4.55,21,154,101
6,00:04:42.3,1247.2,00:01:52.1,4.46,22,154,102
6,00:04:45.3,1260.5,00:01:52.8,4.43,21,154,103
6,00:04:48.1,1273.2,00:01:53.1,4.42,21.5,155,104
6,00:04:50.9,1285.9,00:01:52.3,4.45,21,155,105
6,00:04:53.7,1298.7,00:01:50.3,4.53,21.5,155,106
6,00:04:56.3,1310.4,00:01:50.3,4.53,21.5,156,107
6,00:04:59.1,1322.8,00:01:52.1,4.46,21.5,156,108
6,00:05:01.9,1335.3,00:01:52.6,4.44,21.5,157,109
6,00:05:04.7,1347.9,00:01:51.6,4.48,21.5,156,110
6,00:05:07.4,1359.8,00:01:51.1,4.50,21.5,156,111
6,00:05:10.3,1372.5,00:01:50.8,4.51,21,156,112
6,00:05:13.2,1385.3,00:01:49.8,4.55,22,157,113
6,00:05:16.2,1398.8,00:01:48.4,4.61,20.5,157,114
6,00:05:18.7,1411.4,00:01:49.8,4.55,21.5,157,115
6,00:05:21.5,1424.1,00:01:51.8,4.47,21.5,157,116
6,00:05:24.3,1436.7,00:01:52.3,4.45,21.5,157,117
6,00:05:27.1,1449.4,00:01:52.1,4.46,21,158,118
6,00:05:29.9,1462.1,00:01:51.1,4.50,21.5,158,119
6,00:05:32.7,1475.0,00:01:49.8,4.55,21,158,120
6,00:05:35.5,1487.8,00:01:49.4,4.57,21,159,121
6,00:05:38.3,1500.7,00:01:49.1,4.58,21,160,122
6,00:05:41.1,1513.4,00:01:49.8,4.55,21,160,123
6,00:05:43.9,1526.0,00:01:51.1,4.50,21,160,124
6,00:05:46.7,1538.5,00:01:51.3,4.49,21,160,125
6,00:05:49.5,1551.2,00:01:50.8,4.51,21.5,160,126
6,00:05:52.3,1563.1,00:01:50.1,4.54,22,160,127
6,00:05:55.2,1575.8,00:01:49.8,4.55,21.5,160,128
6,00:05:58.2,1589.0,00:01:49.8,4.55,21.5,160,129
6,00:06:00.5,1600.9,00:01:51.1,4.50,22,160,130
6,00:06:03.3,1613.4,00:01:53.1,4.42,21.5,160,131
6,00:06:06.1,1625.8,00:01:54.1,4.38,21.5,160,132
6,00:06:08.9,1638.1,00:01:54.1,4.38,21.5,159,133
6,00:06:11.7,1650.5,00:01:52.8,4.43,21.5,159,134
6,00:06:14.3,1662.1,00:01:52.3,4.45,22.5,159,135
6,00:06:16.9,1674.0,00:01:52.3,4.45,23,160,136
6,00:06:19.5,1685.7,00:01:51.6,4.48,22.5,160,137
6,00:06:22.3,1697.5,00:01:51.3,4.49,22,161,138
6,00:06:25.2,1709.8,00:01:51.3,4.49,21.5,161,139
6,00:06:28.2,1723.0,00:01:51.3,4.49,21.5,161,140
6,00:06:30.7,1735.5,00:01:51.8,4.47,21.5,161,141
6,00:06:33.3,1747.3,00:01:52.8,4.43,22.5,161,142
6,00:06:36.1,1759.9,00:01:52.8,4.43,22,161,143
6,00:06:38.9,1772.7,00:01:51.3,4.49,22,161,144
6,00:06:41.5,1784.5,00:01:50.3,4.53,21.5,160,145
6,00:06:44.3,1797.1,00:01:50.8,4.51,21.5,160,146
6,00:06:47.1,1809.6,00:01:51.1,4.50,22.5,161,147
6,00:06:49.7,1821.6,00:01:50.8,4.51,22,161,148
6,00:06:52.5,1834.2,00:01:50.8,4.51,22,161,149
6,00:06:55.3,1846.0,00:01:50.8,4.51,21,161,150
6,00:06:58.2,1858.3,00:01:50.8,4.51,21.5,161,151
6,00:07:00.7,1870.8,00:01:50.8,4.51,21.5,161,152
6,00:07:03.5,1883.4,00:01:51.6,4.48,21.5,160,153
6,00:07:06.3,1896.1,00:01:52.3,4.45,22.5,160,154
6,00:07:08.9,1908.3,00:01:51.6,4.48,22.5,160,155
6,00:07:11.7,1921.1,00:01:49.8,4.55,22,161,156
6,00:07:14.5,1933.7,00:01:49.4,4.57,21.5,161,157
6,00:07:17.4,1946.2,00:01:50.8,4.51,21,161,158
6,00:07:20.1,1958.5,00:01:52.1,4.46,21.5,161,159
6,00:07:22.7,1970.1,00:01:53.6,4.40,22,160,160
6,00:07:25.5,1982.5,00:01:53.3,4.41,22,160,161
6,00:07:28.2,1993.6,00:01:51.8,4.47,21.5,160,162
6,00:07:29.5,2000.3,00:01:51.8,4.47,21.5,160,162
7,00:00:06.5,12.8,00:04:17.7,1.94,18.5,113,1
7,00:00:09.7,24.3,00:02:50.6,2.93,19.5,116,2
7,00:00:12.5,35.5,00:02:16.6,3.66,21,120,3
7,00:00:15.3,46.8,00:02:08.5,3.89,20.5,123,4
7,00:00:18.3,58.7,00:02:06.2,3.96,20.5,125,5
7,00:00:21.3,70.7,00:02:04.6,4.01,20.5,126,6
7,00:00:24.1,82.1,00:02:03.4,4.05,21,128,7
7,00:00:27.1,94.2,00:02:03.4,4.05,20,129,8
7,00:00:30.1,106.4,00:02:02.8,4.07,19.5,131,9
7,00:00:33.1,118.6,00:02:03.4,4.05,19.5,132,10
7,00:00:36.1,130.8,00:02:03.4,4.05,20,133,11
7,00:00:39.3,143.6,00:02:03.7,4.04,19.5,134,12
7,00:00:42.3,155.6,00:02:03.4,4.05,19.5,135,13
7,00:00:45.3,167.8,00:02:03.4,4.05,19.5,136,14
7,00:00:48.5,180.4,00:02:03.4,4.05,20,136,15
7,00:00:51.5,192.6,00:02:02.2,4.09,19.5,136,16
7,00:00:54.3,204.1,00:02:02.2,4.09,20.5,136,17
7,00:00:57.3,216.4,00:02:02.2,4.09,20,137,18
7,00:01:00.3,228.6,00:02:01.0,4.13,20.5,138,19
7,00:01:03.3,241.4,00:01:59.3,4.19,20,139,20
7,00:01:06.1,253.4,00:01:58.4,4.22,20.5,138,21
7,00:01:09.1,265.8,00:01:59.3,4.19,20,139,22
7,00:01:12.1,278.1,00:01:59.9,4.17,20.5,139,23
7,00:01:14.9,290.1,00:01:59.3,4.19,21,141,24
7,00:01:17.9,302.7,00:01:59.0,4.20,20,142,25
7,00:01:20.7,314.5,00:01:59.3,4.19,20.5,143,26
7,00:01:23.7,327.0,00:02:00.1,4.16,20,143,27
7,00:01:26.7,339.6,00:02:00.4,4.15,20,143,28
7,00:01:29.7,352.2,00:02:00.4,4.15,20,144,29
7,00:01:32.7,364.6,00:02:00.4,4.15,20.5,145,30
7,00:01:35.5,376.3,00:02:01.0,4.13,21,145,31
7,00:01:38.5,388.9,00:02:01.0,4.13,20,145,32
7,00:01:41.5,401.2,00:02:00.1,4.16,20,146,33
7,00:01:44.3,412.3,00:02:03.4,4.05,20,146,34
7,00:01:47.3,424.0,00:02:07.5,3.92,20.5,146,35
7,00:01:50.5,436.5,00:02:07.5,3.92,19.5,146,36
7,00:01:53.3,447.9,00:02:05.6,3.98,20.5,146,37
7,00:01:56.3,460.2,00:02:04.0,4.03,20,146,38
7,00:01:59.3,472.0,00:02:05.0,4.00,19.5,147,39
7,00:02:02.3,484.0,00:02:06.2,3.96,20.5,147,40
7,00:02:05.3,496.1,00:02:05.0,4.00,20.5,146,41
7,00:02:08.1,507.3,00:02:03.4,4.05,21,146,42
7,00:02:11.0,518.5,00:02:03.4,4.05,20,146,43
7,00:02:13.9,530.3,00:02:04.0,4.03,20.5,147,44
7,00:02:16.9,541.5,00:02:04.6,4.01,20,147,45
7,00:02:20.1,554.8,00:02:03.7,4.04,19,147,46
7,00:02:23.3,567.4,00:02:03.4,4.05,19.5,146,47
7,00:02:26.1,578.8,00:02:05.0,4.00,20,146,48
7,00:02:29.0,589.8,00:02:06.2,3.96,21,146,49
7,00:02:31.8,600.9,00:02:06.2,3.96,20.5,146,50
7,00:02:34.7,612.2,00:02:04.6,4.01,20.5,147,51
7,00:02:37.7,624.5,00:02:02.2,4.09,21,146,52
7,00:02:40.7,636.6,00:02:00.1,4.16,20.5,147,53
7,00:02:43.7,648.9,00:01:59.6,4.18,21,147,54
7,00:02:46.7,661.1,00:02:01.0,4.13,19.5,147,55
7,00:02:49.8,673.1,00:02:03.4,4.05,20.5,147,56
7,00:02:52.3,684.2,00:02:05.9,3.97,20.5,147,57
7,00:02:55.1,695.3,00:02:06.9,3.94,21,148,58
7,00:02:58.1,707.2,00:02:06.2,3.96,21,148,59
7,00:03:00.9,718.7,00:02:05.6,3.98,21,148,60
7,00:03:03.7,730.6,00:02:03.4,4.05,20.5,149,61
7,00:03:06.7,743.0,00:02:01.3,4.12,20.5,149,62
7,00:03:09.7,755.7,00:02:01.0,4.13,21,148,63
7,00:03:12.5,767.3,00:02:01.0,4.13,20,148,64
7,00:03:15.5,779.5,00:02:01.3,4.12,20.5,148,65
7,00:03:18.3,791.0,00:02:02.2,4.09,20,147,66
7,00:03:21.3,803.2,00:02:02.8,4.07,20.5,148,67
7,00:03:24.3,815.1,00:02:04.0,4.03,20,148,68
7,00:03:27.3,827.5,00:02:03.4,4.05,21,148,69
7,00:03:30.1,839.2,00:02:01.3,4.12,20.5,148,70
7,00:03:33.3,852.3,00:01:59.3,4.19,19.5,148,71
7,00:03:36.1,864.3,00:01:57.9,4.24,20,148,72
7,00:03:39.3,877.8,00:01:57.3,4.26,20,147,73
7,00:03:42.1,889.8,00:01:57.9,4.24,20.5,148,74
7,00:03:45.1,902.2,00:01:59.0,4.20,20,148,75
7,00:03:47.9,913.9,00:01:59.9,4.17,20.5,148,76
7,00:03:50.9,926.4,00:01:59.9,4.17,20.5,148,77
7,00:03:54.3,940.4,00:01:59.6,4.18,18,148,78
7,00:03:56.9,951.4,00:01:59.9,4.17,23,148,79
7,00:03:59.5,962.6,00:01:58.4,4.22,23,148,80
7,00:04:02.1,973.8,00:01:56.2,4.30,22.5,149,81
7,00:04:04.7,984.2,00:01:56.2,4.30,23,149,82
7,00:04:07.8,997.0,00:01:55.7,4.32,21.5,150,83
7,00:04:10.3,1009.3,00:01:55.2,4.34,21.5,149,84
7,00:04:13.1,1020.9,00:01:58.2,4.23,21.5,149,85
7,00:04:15.7,1032.0,00:02:01.6,4.11,21.5,149,86
7,00:04:18.5,1044.0,00:02:00.1,4.16,21.5,148,87
7,00:04:21.3,1056.3,00:01:56.5,4.29,21.5,148,88
7,00:04:24.1,1068.5,00:01:55.2,4.34,21,148,89
7,00:04:26.9,1080.6,00:01:56.2,4.30,21.5,148,90
7,00:04:29.7,1092.6,00:01:56.8,4.28,22,149,91
7,00:04:32.3,1103.7,00:01:57.3,4.26,22.5,148,92
7,00:04:35.1,1115.6,00:01:56.5,4.29,22,148,93
7,00:04:37.8,1126.2,00:01:55.2,4.34,21.5,148,94
7,00:04:40.8,1138.9,00:01:54.1,4.38,21.5,149,95
7,00:04:43.8,1151.6,00:01:53.6,4.40,21.5,149,96
7,00:04:46.3,1163.6,00:01:55.2,4.34,21,149,97
7,00:04:49.1,1175.9,00:01:56.5,4.29,21.5,149,98
7,00:04:51.7,1187.1,00:01:57.9,4.24,21.5,151,99
7,00:04:54.5,1199.1,00:01:58.2,4.23,22.5,151,100
7,00:04:57.1,1210.1,00:01:58.2,4.23,22.5,149,101
7,00:04:59.7,1221.0,00:02:00.1,4.16,23,150,102
7,00:05:02.3,1232.2,00:01:59.3,4.19,23,151,103
7,00:05:04.9,1243.8,00:01:55.2,4.34,22,151,104
7,00:05:07.7,1255.4,00:01:52.8,4.43,22.5,152,105
7,00:05:10.3,1267.5,00:01:52.3,4.45,22,151,106
7,00:05:13.1,1279.5,00:01:55.2,4.34,21.5,151,107
7,00:05:15.9,1291.2,00:01:59.0,4.20,22,151,108
7,00:05:18.5,1302.4,00:01:59.3,4.19,22.5,152,109
7,00:05:21.1,1313.8,00:01:57.3,4.26,23,152,110
7,00:05:23.9,1325.9,00:01:55.2,4.34,22,152,111
7,00:05:26.7,1337.9,00:01:54.4,4.37,22,152,112
7,00:05:29.3,1349.6,00:01:55.2,4.34,21.5,152,113
7,00:05:32.3,1362.8,00:01:54.6,4.36,20.5,151,114
7,00:05:35.0,1374.3,00:01:54.6,4.36,21.5,151,115
7,00:05:37.7,1385.6,00:01:55.4,4.33,22,151,116
7,00:05:40.8,1398.2,00:01:56.2,4.30,21,151,117
7,00:05:43.3,1409.9,00:01:56.2,4.30,22,151,118
7,00:05:46.1,1421.6,00:01:57.9,4.24,21.5,151,119
7,00:05:48.9,1431.0,00:02:02.8,4.07,21,151,120
7,00:05:51.5,1438.5,00:02:20.0,3.57,22,151,121
7,00:05:54.3,1445.4,00:02:49.4,2.95,22.5,151,122
7,00:05:56.9,1456.0,00:02:50.0,2.94,22.5,151,123
7,00:05:59.5,1470.9,00:02:16.9,3.65,22,152,124
7,00:06:02.5,1486.0,00:01:59.3,4.19,21,152,125
7,00:06:05.3,1499.5,00:01:57.3,4.26,20.5,152,126
7,00:06:08.3,1513.0,00:01:57.9,4.24,20,152,127
7,00:06:11.3,1526.0,00:01:59.3,4.19,20.5,152,128
7,00:06:14.0,1537.6,00:01:59.9,4.17,21.5,152,129
7,00:06:16.8,1549.8,00:01:58.2,4.23,21,152,130
7,00:06:19.7,1561.8,00:01:57.3,4.26,21,152,131
7,00:06:22.8,1574.6,00:01:57.3,4.26,20.5,151,132
7,00:06:25.7,1587.1,00:01:57.6,4.25,21.5,151,133
7,00:06:28.1,1598.6,00:01:58.2,4.23,22,150,134
7,00:06:30.9,1610.8,00:01:58.4,4.22,21.5,151,135
7,00:06:33.7,1623.0,00:01:58.2,4.23,22,151,136
7,00:06:36.3,1634.4,00:01:58.2,4.23,22.5,151,137
7,00:06:39.1,1646.6,00:01:56.8,4.28,22.5,151,138
7,00:06:41.7,1658.3,00:01:54.1,4.38,22,151,139
7,00:06:44.5,1670.6,00:01:52.8,4.43,22,151,140
7,00:06:47.3,1683.2,00:01:52.3,4.45,21.5,151,141
7,00:06:50.1,1695.4,00:01:54.1,4.38,21,151,142
7,00:06:52.7,1705.9,00:01:56.2,4.30,22.5,151,143
7,00:06:55.8,1718.5,00:01:55.4,4.33,22,151,144
7,00:06:58.3,1730.8,00:01:54.4,4.37,21,151,145
7,00:07:01.1,1743.4,00:01:55.2,4.34,21.5,151,146
7,00:07:03.9,1755.6,00:01:55.7,4.32,22.5,151,147
7,00:07:06.5,1766.9,00:01:57.3,4.26,22,151,148
7,00:07:09.3,1779.1,00:01:57.6,4.25,21.5,152,149
7,00:07:12.1,1791.0,00:01:56.2,4.30,21.5,152,150
7,00:07:14.7,1802.2,00:01:56.5,4.29,21.5,152,151
7,00:07:17.9,1815.6,00:01:57.6,4.25,20,152,152
7,00:07:20.7,1827.6,00:01:57.6,4.25,20.5,151,153
7,00:07:23.5,1839.6,00:01:57.9,4.24,21,151,154
7,00:07:26.5,1852.4,00:01:57.3,4.26,21,151,155
7,00:07:29.3,1864.5,00:01:57.3,4.26,20,152,156
7,00:07:32.3,1877.4,00:01:57.3,4.26,20.5,151,157
7,00:07:35.3,1889.9,00:01:57.3,4.26,20,151,158
7,00:07:38.1,1901.9,00:01:57.6,4.25,21,151,159
7,00:07:40.9,1913.1,00:01:57.6,4.25,21,151,160
7,00:07:43.8,1925.0,00:01:57.3,4.26,21.5,152,161
7,00:07:46.8,1937.5,00:01:56.2,4.30,20.5,152,162
7,00:07:49.8,1950.0,00:01:56.8,4.28,21.5,151,163
7,00:07:52.1,1961.1,00:01:59.3,4.19,21.5,151,164
7,00:07:54.9,1972.7,00:02:01.0,4.13,21.5,151,165
7,00:07:57.7,1984.7,00:02:01.0,4.13,21.5,151,166
7,00:08:00.5,1996.7,00:01:58.7,4.21,21.5,151,167
7,00:08:01.7,2000.3,00:01:58.7,4.21,21.5,151,167
