index,index,TimeStamp (sec), activityIdx, lapIdx, pointIdx, ElapsedTime (sec), Horizontal (meters), Stroke500mPace (sec/500m), Cadence (stokes/min), HRCur (bpm), Power (watts), Calories (kCal), Speed (m/sec), StrokeCount, StrokeDistance (meters), DriveLength (meters), DriveTime (ms), StrokeRecoveryTime (ms), WorkPerStroke (joules), AverageDriveForce (lbs), PeakDriveForce (lbs), DragFactor,cum_dist, AverageBoatSpeed (m/s), AverageDriveForce (N), PeakDriveForce (N), WorkoutState, Stroke Number,driveenergy,hr_ut2,hr_ut1,hr_at,hr_tr,hr_an,hr_max,lim_ut2,lim_ut1,lim_at,lim_tr,lim_an,lim_max,pw_ut2,pw_ut1,pw_at,pw_tr,pw_an,pw_max,limpw_ut2,limpw_ut1,limpw_at,limpw_tr,limpw_an
0,0,1463744486.0,0,0,0,2.8,5.4,262.89,0.0,127.0,19.0,0.0,1.905,1,1.83,0.77,960.0,1580.0,0,23.0,47.0,0.0,5.4,1.9019361710221006,102.30906,209.06634,4.0,0,inf,127.0,0.0,0.0,0.0,0.0,0.0,142,146,160,167,180,192,19.0,0.0,0.0,0.0,0.0,0.0,124.30000000000001,169.5,203.4,237.3,271.2
1,1,1463744489.24,0,0,1,6.06,13.1,239.41,19.0,127.0,26.0,0.0,2.092,2,6.52,1.36,1410.0,1750.0,0,42.4,67.4,100.0,13.1,2.0884674825612963,188.604528,299.81002800000005,4.0,1,82.10526315789474,127.0,0.0,0.0,0.0,0.0,0.0,142,146,160,167,180,192,26.0,0.0,0.0,0.0,0.0,0.0,124.30000000000001,169.5,203.4,237.3,271.2
2,2,1463744492.15,0,0,2,8.93,21.0,199.12,20.0,128.0,45.0,0.0,2.517,3,7.44,1.3,1060.0,1750.0,0,43.9,69.8,106.0,21.0,2.511048613901165,195.276858,310.485756,4.0,1,135.0,128.0,0.0,0.0,0.0,0.0,0.0,142,146,160,167,180,192,45.0,0.0,0.0,0.0,0.0,0.0,124.30000000000001,169.5,203.4,237.3,271.2
3,3,1463744495.27,0,0,3,12.08,30.3,176.45,20.0,129.0,64.0,1.0,2.841,4,8.32,1.3,970.0,1870.0,0,45.2,72.5,105.0,30.3,2.8336639274582036,201.05954400000002,322.49595,4.0,3,192.0,129.0,0.0,0.0,0.0,0.0,0.0,142,146,160,167,180,192,64.0,0.0,0.0,0.0,0.0,0.0,124.30000000000001,169.5,203.4,237.3,271.2
4,4,1463744498.15,0,0,4,14.95,39.0,168.51,20.0,130.0,74.0,1.0,2.975,5,8.8,1.27,920.0,1790.0,0,46.5,72.8,105.0,39.0,2.967182956501098,206.84223,323.830416,4.0,3,222.0,130.0,0.0,0.0,0.0,0.0,0.0,142,146,160,167,180,192,74.0,0.0,0.0,0.0,0.0,0.0,124.30000000000001,169.5,203.4,237.3,271.2
5,5,1463744501.15,0,0,5,17.93,48.2,163.97,21.0,131.0,80.0,2.0,3.058,6,8.8,1.3,920.0,1890.0,0,45.4,72.7,105.0,48.2,3.049338293590291,201.949188,323.385594,4.0,5,228.57142857142858,131.0,0.0,0.0,0.0,0.0,0.0,142,146,160,167,180,192,80.0,0.0,0.0,0.0,0.0,0.0,124.30000000000001,169.5,203.4,237.3,271.2
6,6,1463744504.15,0,0,6,20.92,57.6,162.09,20.0,131.0,83.0,2.0,3.094,7,9.16,1.33,900.0,1900.0,0,49.8,79.8,105.0,57.6,3.0847060275155775,221.521356,354.967956,4.0,6,249.0,131.0,0.0,0.0,0.0,0.0,0.0,142,146,160,167,180,192,83.0,0.0,0.0,0.0,0.0,0.0,124.30000000000001,169.5,203.4,237.3,271.2
7,7,1463744506.91,0,0,7,23.72,66.4,159.77,20.0,132.0,87.0,3.0,3.139,8,9.22,1.27,860.0,1900.0,0,48.2,75.3,105.0,66.4,3.1294986543155785,214.40420400000002,334.950966,4.0,6,261.0,132.0,0.0,0.0,0.0,0.0,0.0,142,146,160,167,180,192,87.0,0.0,0.0,0.0,0.0,0.0,124.30000000000001,169.5,203.4,237.3,271.2
8,8,1463744509.82,0,0,8,26.63,75.5,160.14,21.0,132.0,86.0,3.0,3.131,9,9.15,1.3,880.0,1860.0,0,48.4,75.9,105.0,75.5,3.1222680154864495,215.293848,337.61989800000003,4.0,7,245.71428571428572,132.0,0.0,0.0,0.0,0.0,0.0,142,146,160,167,180,192,86.0,0.0,0.0,0.0,0.0,0.0,124.30000000000001,169.5,203.4,237.3,271.2
9,9,1463744512.94,0,0,9,29.62,85.1,158.98,20.0,132.0,88.0,4.0,3.154,10,9.29,1.33,890.0,1810.0,0,52.8,85.8,105.0,85.1,3.1450496917851303,234.866016,381.65727599999997,4.0,9,264.0,132.0,0.0,0.0,0.0,0.0,0.0,142,146,160,167,180,192,88.0,0.0,0.0,0.0,0.0,0.0,124.30000000000001,169.5,203.4,237.3,271.2
10,10,1463744515.64,0,0,10,32.45,95.0,152.48,21.0,132.0,100.0,4.0,3.289,11,9.36,1.39,860.0,1780.0,0,73.0,119.6,105.0,95.0,3.2791185729275973,324.72006,532.007112,4.0,9,285.7142857142857,132.0,0.0,0.0,0.0,0.0,0.0,142,146,160,167,180,192,100.0,0.0,0.0,0.0,0.0,0.0,124.30000000000001,169.5,203.4,237.3,271.2
11,11,1463744518.37,0,0,11,35.19,105.0,140.88,22.0,133.0,127.0,5.0,3.561,12,9.92,1.42,820.0,1780.0,0,70.6,117.2,105.0,105.0,3.5491198182850656,314.044332,521.3313840000001,4.0,10,346.3636363636364,133.0,0.0,0.0,0.0,0.0,0.0,142,146,160,167,180,192,0.0,127.0,0.0,0.0,0.0,0.0,124.30000000000001,169.5,203.4,237.3,271.2
12,12,1463744521.19,0,0,12,38.01,115.3,137.94,21.0,134.0,135.0,5.0,3.637,13,10.28,1.39,790.0,1840.0,0,70.3,119.1,105.0,115.3,3.62476439031463,312.709866,529.783002,4.0,11,385.7142857142857,134.0,0.0,0.0,0.0,0.0,0.0,142,146,160,167,180,192,0.0,135.0,0.0,0.0,0.0,0.0,124.30000000000001,169.5,203.4,237.3,271.2
13,13,1463744524.01,0,0,13,40.82,125.8,136.53,21.0,135.0,139.0,6.0,3.675,14,10.28,1.39,780.0,1820.0,0,76.0,136.9,105.0,125.8,3.6621987841500037,338.06472,608.961318,4.0,12,397.14285714285717,135.0,0.0,0.0,0.0,0.0,0.0,142,146,160,167,180,192,0.0,139.0,0.0,0.0,0.0,0.0,124.30000000000001,169.5,203.4,237.3,271.2
14,14,1463744526.89,0,0,14,43.7,136.6,134.22,21.0,136.0,146.0,6.0,3.739,15,10.49,1.39,770.0,1810.0,0,75.4,129.5,105.0,136.6,3.7252272388615704,335.39578800000004,576.04449,4.0,13,417.14285714285717,136.0,0.0,0.0,0.0,0.0,0.0,142,146,160,167,180,192,0.0,146.0,0.0,0.0,0.0,0.0,124.30000000000001,169.5,203.4,237.3,271.2
15,15,1463744529.68,0,0,15,46.5,147.2,133.17,22.0,137.0,150.0,7.0,3.768,16,10.49,1.42,780.0,1830.0,0,76.9,135.3,105.0,147.2,3.7545993842457013,342.068118,601.8441660000001,4.0,14,409.09090909090907,137.0,0.0,0.0,0.0,0.0,0.0,142,146,160,167,180,192,0.0,150.0,0.0,0.0,0.0,0.0,124.30000000000001,169.5,203.4,237.3,271.2
16,16,1463744532.47,0,0,16,49.29,157.6,132.44,22.0,139.0,152.0,7.0,3.789,17,10.49,1.36,750.0,1850.0,0,71.8,120.3,105.0,157.6,3.7752944729688918,319.38219599999996,535.120866,4.0,15,414.54545454545456,139.0,0.0,0.0,0.0,0.0,0.0,142,146,160,167,180,192,0.0,152.0,0.0,0.0,0.0,0.0,124.30000000000001,169.5,203.4,237.3,271.2
17,17,1463744535.2,0,0,17,51.99,167.8,134.47,21.0,140.0,146.0,8.0,3.732,18,10.41,1.36,750.0,1760.0,0,74.8,132.1,105.0,167.8,3.718301479883989,332.726856,587.609862,4.0,16,417.14285714285717,140.0,0.0,0.0,0.0,0.0,0.0,142,146,160,167,180,192,0.0,146.0,0.0,0.0,0.0,0.0,124.30000000000001,169.5,203.4,237.3,271.2
18,18,1463744537.96,0,0,18,54.79,178.5,133.24,22.0,140.0,150.0,9.0,3.766,19,10.19,1.39,760.0,1860.0,0,81.0,144.8,105.0,178.5,3.7526268387871506,360.30582,644.102256,4.0,17,409.09090909090907,140.0,0.0,0.0,0.0,0.0,0.0,142,146,160,167,180,192,0.0,150.0,0.0,0.0,0.0,0.0,124.30000000000001,169.5,203.4,237.3,271.2
19,19,1463744540.66,0,0,19,57.47,188.5,131.75,21.0,141.0,155.0,9.0,3.809,20,10.63,1.36,750.0,1860.0,0,72.1,123.9,105.0,188.5,3.795066413662239,320.716662,551.134458,4.0,18,442.85714285714283,141.0,0.0,0.0,0.0,0.0,0.0,142,146,160,167,180,192,0.0,155.0,0.0,0.0,0.0,0.0,124.30000000000001,169.5,203.4,237.3,271.2
20,20,1463744543.54,0,0,20,60.33,199.3,133.86,21.0,141.0,148.0,10.0,3.749,21,10.48,1.39,770.0,1810.0,0,76.0,132.0,105.0,199.3,3.7352457791722693,338.06472,587.16504,4.0,19,422.85714285714283,141.0,0.0,0.0,0.0,0.0,0.0,142,146,160,167,180,192,0.0,148.0,0.0,0.0,0.0,0.0,124.30000000000001,169.5,203.4,237.3,271.2
21,21,1463744546.27,0,0,21,63.01,209.4,132.89,22.0,142.0,151.0,11.0,3.776,22,10.34,1.36,740.0,1750.0,0,75.9,132.2,105.0,209.4,3.762510346903454,337.61989800000003,588.054684,4.0,20,411.8181818181818,142.0,142.0,0.0,0.0,0.0,0.0,142,146,160,167,180,192,0.0,151.0,0.0,0.0,0.0,0.0,124.30000000000001,169.5,203.4,237.3,271.2
22,22,1463744548.85,0,0,22,65.66,219.4,132.84,22.0,142.0,151.0,11.0,3.777,23,10.14,1.36,750.0,1750.0,0,73.7,120.8,105.0,219.4,3.7639265281541703,327.833814,537.344976,4.0,21,411.8181818181818,142.0,142.0,0.0,0.0,0.0,0.0,142,146,160,167,180,192,0.0,151.0,0.0,0.0,0.0,0.0,124.30000000000001,169.5,203.4,237.3,271.2
23,23,1463744551.73,0,0,23,68.55,230.2,133.71,22.0,143.0,148.0,12.0,3.753,24,10.34,1.36,750.0,1840.0,0,74.8,129.1,105.0,230.2,3.73943609303717,332.726856,574.2652019999999,4.0,22,403.6363636363636,0.0,143.0,0.0,0.0,0.0,0.0,142,146,160,167,180,192,0.0,148.0,0.0,0.0,0.0,0.0,124.30000000000001,169.5,203.4,237.3,271.2
24,24,1463744554.4,0,0,24,71.21,240.2,134.0,22.0,144.0,147.0,12.0,3.745,25,10.42,1.36,750.0,1710.0,0,75.7,128.7,105.0,240.2,3.7313432835820897,336.730254,572.485914,4.0,23,400.90909090909093,0.0,144.0,0.0,0.0,0.0,0.0,142,146,160,167,180,192,0.0,147.0,0.0,0.0,0.0,0.0,124.30000000000001,169.5,203.4,237.3,271.2
25,25,1463744557.04,0,0,25,73.84,250.1,133.1,23.0,145.0,150.0,13.0,3.77,26,9.93,1.33,730.0,1710.0,0,74.8,134.2,105.0,250.1,3.756574004507889,332.726856,596.9511239999999,4.0,24,391.30434782608694,0.0,145.0,0.0,0.0,0.0,0.0,142,146,160,167,180,192,0.0,150.0,0.0,0.0,0.0,0.0,124.30000000000001,169.5,203.4,237.3,271.2
26,26,1463744559.5,0,0,26,76.33,259.6,132.67,23.0,145.0,152.0,13.0,3.782,27,9.92,1.33,720.0,1710.0,0,76.6,132.2,105.0,259.6,3.768749528906309,340.733652,588.054684,4.0,25,396.5217391304348,0.0,145.0,0.0,0.0,0.0,0.0,142,146,160,167,180,192,0.0,152.0,0.0,0.0,0.0,0.0,124.30000000000001,169.5,203.4,237.3,271.2
27,27,1463744562.35,0,0,27,79.17,270.3,132.42,23.0,145.0,152.0,14.0,3.789,28,9.92,1.33,730.0,1800.0,0,73.2,127.3,105.0,270.3,3.7758646730101195,325.609704,566.258406,4.0,26,396.5217391304348,0.0,145.0,0.0,0.0,0.0,0.0,142,146,160,167,180,192,0.0,152.0,0.0,0.0,0.0,0.0,124.30000000000001,169.5,203.4,237.3,271.2
28,28,1463744565.08,0,0,28,81.91,280.6,133.29,22.0,145.0,149.0,15.0,3.765,29,10.27,1.36,740.0,1810.0,0,76.8,135.1,105.0,280.6,3.7512191462225224,341.623296,600.954522,4.0,27,406.3636363636364,0.0,145.0,0.0,0.0,0.0,0.0,142,146,160,167,180,192,0.0,149.0,0.0,0.0,0.0,0.0,124.30000000000001,169.5,203.4,237.3,271.2
29,29,1463744567.75,0,0,29,84.58,290.7,133.16,22.0,144.0,150.0,15.0,3.768,30,10.27,1.33,730.0,1740.0,0,74.7,133.4,105.0,290.7,3.7548813457494745,332.282034,593.392548,4.0,28,409.09090909090907,0.0,144.0,0.0,0.0,0.0,0.0,142,146,160,167,180,192,0.0,150.0,0.0,0.0,0.0,0.0,124.30000000000001,169.5,203.4,237.3,271.2
30,30,1463744570.45,0,0,30,87.27,300.8,133.33,23.0,145.0,149.0,16.0,3.764,31,9.99,1.33,730.0,1780.0,0,76.8,133.7,105.0,300.8,3.7500937523438083,341.623296,594.7270139999999,4.0,29,388.69565217391306,0.0,145.0,0.0,0.0,0.0,0.0,142,146,160,167,180,192,0.0,149.0,0.0,0.0,0.0,0.0,124.30000000000001,169.5,203.4,237.3,271.2
31,31,1463744573.18,0,0,31,89.95,311.1,132.5,22.0,145.0,152.0,17.0,3.787,32,10.27,1.36,740.0,1760.0,0,80.4,148.7,105.0,311.1,3.7735849056603774,357.63688800000006,661.4503139999999,4.0,30,414.54545454545456,0.0,145.0,0.0,0.0,0.0,0.0,142,146,160,167,180,192,0.0,152.0,0.0,0.0,0.0,0.0,124.30000000000001,169.5,203.4,237.3,271.2
32,32,1463744575.79,0,0,32,92.62,321.2,131.22,22.0,145.0,157.0,17.0,3.824,33,10.2,1.33,720.0,1760.0,0,75.7,132.3,105.0,321.2,3.8103947568968146,336.730254,588.4995060000001,4.0,31,428.1818181818182,0.0,145.0,0.0,0.0,0.0,0.0,142,146,160,167,180,192,0.0,157.0,0.0,0.0,0.0,0.0,124.30000000000001,169.5,203.4,237.3,271.2
33,33,1463744578.67,0,0,33,95.46,331.9,133.06,21.0,145.0,150.0,18.0,3.771,34,10.55,1.36,740.0,1800.0,0,76.5,137.6,105.0,331.9,3.7577032917480837,340.28883,612.075072,4.0,32,428.57142857142856,0.0,145.0,0.0,0.0,0.0,0.0,142,146,160,167,180,192,0.0,150.0,0.0,0.0,0.0,0.0,124.30000000000001,169.5,203.4,237.3,271.2
34,34,1463744581.34,0,0,34,98.15,342.0,132.83,22.0,146.0,151.0,18.0,3.778,35,10.34,1.36,740.0,1750.0,0,75.3,130.2,105.0,342.0,3.764209892343597,334.950966,579.158244,4.0,33,411.8181818181818,0.0,146.0,146.0,0.0,0.0,0.0,142,146,160,167,180,192,0.0,151.0,0.0,0.0,0.0,0.0,124.30000000000001,169.5,203.4,237.3,271.2
35,35,1463744584.07,0,0,35,100.88,352.4,132.86,22.0,146.0,151.0,19.0,3.777,36,10.13,1.36,740.0,1800.0,0,76.7,133.1,105.0,352.4,3.763359927743489,341.178474,592.058082,4.0,34,411.8181818181818,0.0,146.0,146.0,0.0,0.0,0.0,142,146,160,167,180,192,0.0,151.0,0.0,0.0,0.0,0.0,124.30000000000001,169.5,203.4,237.3,271.2
36,36,1463744586.86,0,0,36,103.66,363.0,132.14,22.0,146.0,153.0,20.0,3.798,37,10.34,1.36,740.0,1850.0,0,78.0,139.7,105.0,363.0,3.7838655970939916,346.96116,621.416334,4.0,35,417.27272727272725,0.0,146.0,146.0,0.0,0.0,0.0,142,146,160,167,180,192,0.0,153.0,0.0,0.0,0.0,0.0,124.30000000000001,169.5,203.4,237.3,271.2
37,37,1463744589.62,0,0,37,106.41,373.4,132.41,22.0,147.0,152.0,20.0,3.79,38,10.55,1.36,740.0,1820.0,0,78.1,133.2,105.0,373.4,3.776149837625557,347.405982,592.502904,4.0,36,414.54545454545456,0.0,0.0,147.0,0.0,0.0,0.0,142,146,160,167,180,192,0.0,152.0,0.0,0.0,0.0,0.0,124.30000000000001,169.5,203.4,237.3,271.2
38,38,1463744592.38,0,0,38,109.18,383.9,132.26,22.0,147.0,153.0,21.0,3.794,39,10.49,1.39,760.0,1820.0,0,75.9,139.2,105.0,383.9,3.780432481475881,337.61989800000003,619.192224,4.0,37,417.27272727272725,0.0,0.0,147.0,0.0,0.0,0.0,142,146,160,167,180,192,0.0,153.0,0.0,0.0,0.0,0.0,124.30000000000001,169.5,203.4,237.3,271.2
39,39,1463744595.23,0,0,39,112.05,394.6,132.68,22.0,147.0,152.0,21.0,3.782,40,10.42,1.36,750.0,1910.0,0,75.1,129.1,105.0,394.6,3.7684654808561953,334.06132199999996,574.2652019999999,4.0,39,414.54545454545456,0.0,0.0,147.0,0.0,0.0,0.0,142,146,160,167,180,192,0.0,152.0,0.0,0.0,0.0,0.0,124.30000000000001,169.5,203.4,237.3,271.2
40,40,1463744597.96,0,0,40,114.78,405.0,133.54,21.0,147.0,149.0,22.0,3.758,41,10.77,1.39,760.0,1800.0,0,78.8,141.1,105.0,405.0,3.7441964954320803,350.51973599999997,627.643842,4.0,39,425.7142857142857,0.0,0.0,147.0,0.0,0.0,0.0,142,146,160,167,180,192,0.0,149.0,0.0,0.0,0.0,0.0,124.30000000000001,169.5,203.4,237.3,271.2
41,41,1463744600.69,0,0,41,117.5,415.3,132.57,22.0,148.0,152.0,23.0,3.785,42,10.34,1.36,740.0,1790.0,0,75.1,131.8,105.0,415.3,3.771592366297051,334.06132199999996,586.2753960000001,4.0,40,414.54545454545456,0.0,0.0,148.0,0.0,0.0,0.0,142,146,160,167,180,192,0.0,152.0,0.0,0.0,0.0,0.0,124.30000000000001,169.5,203.4,237.3,271.2
42,42,1463744603.63,0,0,42,120.33,426.0,132.95,22.0,148.0,151.0,23.0,3.774,43,10.27,1.36,740.0,1900.0,0,77.2,132.8,105.0,426.0,3.7608123354644607,343.402584,590.7236160000001,4.0,42,411.8181818181818,0.0,0.0,148.0,0.0,0.0,0.0,142,146,160,167,180,192,0.0,151.0,0.0,0.0,0.0,0.0,124.30000000000001,169.5,203.4,237.3,271.2
43,43,1463744606.33,0,0,43,123.16,436.5,133.31,21.0,148.0,149.0,24.0,3.764,44,10.76,1.39,770.0,1840.0,0,73.3,128.7,105.0,436.5,3.750656364863851,326.054526,572.485914,4.0,42,425.7142857142857,0.0,0.0,148.0,0.0,0.0,0.0,142,146,160,167,180,192,0.0,149.0,0.0,0.0,0.0,0.0,124.30000000000001,169.5,203.4,237.3,271.2
44,44,1463744609.15,0,0,44,125.87,446.9,133.53,22.0,148.0,149.0,25.0,3.758,45,10.42,1.36,740.0,1800.0,0,82.2,141.0,105.0,446.9,3.744476896577548,365.643684,627.19902,4.0,44,406.3636363636364,0.0,0.0,148.0,0.0,0.0,0.0,142,146,160,167,180,192,0.0,149.0,0.0,0.0,0.0,0.0,124.30000000000001,169.5,203.4,237.3,271.2
45,45,1463744611.67,0,0,45,128.47,456.9,131.28,22.0,149.0,156.0,25.0,3.823,46,10.49,1.39,750.0,1800.0,0,76.3,143.2,105.0,456.9,3.8086532602071905,339.399186,636.985104,4.0,44,425.45454545454544,0.0,0.0,149.0,0.0,0.0,0.0,142,146,160,167,180,192,0.0,156.0,0.0,0.0,0.0,0.0,124.30000000000001,169.5,203.4,237.3,271.2
46,46,1463744614.49,0,0,46,131.31,467.6,131.6,22.0,149.0,155.0,26.0,3.813,47,10.26,1.36,740.0,1790.0,0,76.9,140.5,105.0,467.6,3.799392097264438,342.068118,624.97491,4.0,45,422.72727272727275,0.0,0.0,149.0,0.0,0.0,0.0,142,146,160,167,180,192,0.0,155.0,0.0,0.0,0.0,0.0,124.30000000000001,169.5,203.4,237.3,271.2
47,47,1463744617.37,0,0,47,134.17,478.5,131.52,22.0,150.0,156.0,26.0,3.816,48,10.48,1.42,770.0,1920.0,0,79.1,141.4,105.0,478.5,3.8017031630170313,351.854202,628.9783080000001,4.0,47,425.45454545454544,0.0,0.0,150.0,0.0,0.0,0.0,142,146,160,167,180,192,0.0,156.0,0.0,0.0,0.0,0.0,124.30000000000001,169.5,203.4,237.3,271.2
48,48,1463744620.19,0,0,48,136.96,489.0,131.86,21.0,150.0,154.0,27.0,3.806,49,10.84,1.36,750.0,1840.0,0,74.0,129.4,105.0,489.0,3.7919005005308657,329.16828,575.5996680000001,4.0,48,440.0,0.0,0.0,150.0,0.0,0.0,0.0,142,146,160,167,180,192,0.0,154.0,0.0,0.0,0.0,0.0,124.30000000000001,169.5,203.4,237.3,271.2
49,49,1463744622.8,0,0,49,139.6,499.1,133.6,21.0,150.0,148.0,28.0,3.756,50,10.49,1.39,770.0,1840.0,0,75.9,138.4,106.0,499.1,3.7425149700598803,337.61989800000003,615.633648,4.0,48,422.85714285714283,0.0,0.0,150.0,0.0,0.0,0.0,142,146,160,167,180,192,0.0,148.0,0.0,0.0,0.0,0.0,124.30000000000001,169.5,203.4,237.3,271.2
50,50,1463744625.71,0,0,50,142.51,510.0,132.9,22.0,150.0,151.0,28.0,3.776,51,10.43,1.36,740.0,1840.0,0,79.1,139.6,105.0,510.0,3.762227238525207,351.854202,620.971512,4.0,49,411.8181818181818,0.0,0.0,150.0,0.0,0.0,0.0,142,146,160,167,180,192,0.0,151.0,0.0,0.0,0.0,0.0,124.30000000000001,169.5,203.4,237.3,271.2
51,51,1463744628.32,0,1,0,145.1,519.9,132.3,22.0,149.0,153.0,29.0,3.793,52,10.41,1.33,720.0,1840.0,0,79.0,150.8,105.0,519.9,3.7792894935752077,351.40938,670.7915760000001,4.0,50,417.27272727272725,0.0,0.0,149.0,0.0,0.0,0.0,142,146,160,167,180,192,0.0,153.0,0.0,0.0,0.0,0.0,124.30000000000001,169.5,203.4,237.3,271.2
52,52,1463744631.2,0,1,1,147.97,530.6,132.75,22.0,149.0,151.0,30.0,3.78,53,10.34,1.33,730.0,1820.0,0,74.0,127.6,105.0,530.6,3.766478342749529,329.16828,567.5928719999999,4.0,52,411.8181818181818,0.0,0.0,149.0,0.0,0.0,0.0,142,146,160,167,180,192,0.0,151.0,0.0,0.0,0.0,0.0,124.30000000000001,169.5,203.4,237.3,271.2
53,53,1463744633.87,0,1,2,150.68,540.8,133.77,22.0,149.0,148.0,30.0,3.751,54,10.28,1.33,730.0,1790.0,0,78.1,137.3,106.0,540.8,3.737758839799656,347.405982,610.7406060000001,4.0,52,403.6363636363636,0.0,0.0,149.0,0.0,0.0,0.0,142,146,160,167,180,192,0.0,148.0,0.0,0.0,0.0,0.0,124.30000000000001,169.5,203.4,237.3,271.2
54,54,1463744636.57,0,1,3,153.35,550.8,133.47,22.0,148.0,149.0,31.0,3.76,55,10.22,1.33,740.0,1740.0,0,69.9,123.1,105.0,550.8,3.7461601858095452,310.930578,547.575882,4.0,53,406.3636363636364,0.0,0.0,148.0,0.0,0.0,0.0,142,146,160,167,180,192,0.0,149.0,0.0,0.0,0.0,0.0,124.30000000000001,169.5,203.4,237.3,271.2
55,55,1463744639.21,0,1,4,156.03,560.8,134.81,22.0,148.0,144.0,31.0,3.722,56,9.99,1.36,750.0,1740.0,0,76.0,129.1,105.0,560.8,3.708923670350864,338.06472,574.2652019999999,4.0,54,392.72727272727275,0.0,0.0,148.0,0.0,0.0,0.0,142,146,160,167,180,192,0.0,144.0,0.0,0.0,0.0,0.0,124.30000000000001,169.5,203.4,237.3,271.2
56,56,1463744641.91,0,1,5,158.72,571.0,133.39,22.0,147.0,149.0,32.0,3.762,57,10.06,1.36,750.0,1750.0,0,74.9,137.2,105.0,571.0,3.7484069270560014,333.17167800000004,610.2957839999999,4.0,55,406.3636363636364,0.0,0.0,147.0,0.0,0.0,0.0,142,146,160,167,180,192,0.0,149.0,0.0,0.0,0.0,0.0,124.30000000000001,169.5,203.4,237.3,271.2
57,57,1463744644.46,0,1,6,161.28,580.7,133.05,22.0,147.0,150.0,33.0,3.772,58,10.13,1.36,750.0,1750.0,0,74.3,136.5,105.0,580.7,3.757985719654265,330.502746,607.18203,4.0,56,409.09090909090907,0.0,0.0,147.0,0.0,0.0,0.0,142,146,160,167,180,192,0.0,150.0,0.0,0.0,0.0,0.0,124.30000000000001,169.5,203.4,237.3,271.2
58,58,1463744647.25,0,1,7,164.07,591.2,132.91,22.0,147.0,151.0,33.0,3.776,59,10.14,1.36,750.0,1730.0,0,73.1,126.8,105.0,591.2,3.7619441727484766,325.164882,564.034296,4.0,57,411.8181818181818,0.0,0.0,147.0,0.0,0.0,0.0,142,146,160,167,180,192,0.0,151.0,0.0,0.0,0.0,0.0,124.30000000000001,169.5,203.4,237.3,271.2
59,59,1463744649.95,0,1,8,166.76,601.4,133.04,22.0,147.0,150.0,34.0,3.772,60,10.13,1.39,760.0,1740.0,0,76.2,138.0,105.0,601.4,3.75826819001804,338.954364,613.85436,4.0,58,409.09090909090907,0.0,0.0,147.0,0.0,0.0,0.0,142,146,160,167,180,192,0.0,150.0,0.0,0.0,0.0,0.0,124.30000000000001,169.5,203.4,237.3,271.2
60,60,1463744652.62,0,1,9,169.41,611.4,132.15,23.0,147.0,153.0,34.0,3.797,61,10.06,1.33,730.0,1740.0,0,73.0,123.9,105.0,611.4,3.7835792659856224,324.72006,551.134458,4.0,59,399.1304347826087,0.0,0.0,147.0,0.0,0.0,0.0,142,146,160,167,180,192,0.0,153.0,0.0,0.0,0.0,0.0,124.30000000000001,169.5,203.4,237.3,271.2
61,61,1463744655.38,0,1,10,172.15,621.8,132.8,23.0,147.0,151.0,35.0,3.779,62,10.07,1.36,740.0,1810.0,0,79.3,132.7,105.0,621.8,3.765060240963855,352.743846,590.278794,4.0,60,393.9130434782609,0.0,0.0,147.0,0.0,0.0,0.0,142,146,160,167,180,192,0.0,151.0,0.0,0.0,0.0,0.0,124.30000000000001,169.5,203.4,237.3,271.2
62,62,1463744658.05,0,1,11,174.85,632.1,131.73,22.0,147.0,155.0,36.0,3.81,63,10.35,1.33,720.0,1790.0,0,78.8,131.0,105.0,632.1,3.7956426022925682,350.51973599999997,582.71682,4.0,61,422.72727272727275,0.0,0.0,147.0,0.0,0.0,0.0,142,146,160,167,180,192,0.0,155.0,0.0,0.0,0.0,0.0,124.30000000000001,169.5,203.4,237.3,271.2
63,63,1463744660.72,0,1,12,177.52,642.3,131.93,22.0,147.0,154.0,36.0,3.804,64,10.34,1.36,740.0,1750.0,0,78.5,136.6,105.0,642.3,3.789888577275828,349.18527,607.626852,4.0,62,420.0,0.0,0.0,147.0,0.0,0.0,0.0,142,146,160,167,180,192,0.0,154.0,0.0,0.0,0.0,0.0,124.30000000000001,169.5,203.4,237.3,271.2
64,64,1463744663.3,0,1,13,180.02,652.0,131.02,23.0,148.0,157.0,37.0,3.83,65,10.13,1.33,710.0,1750.0,0,82.3,139.5,105.0,652.0,3.8162112654556553,366.088506,620.52669,4.0,63,409.5652173913044,0.0,0.0,148.0,0.0,0.0,0.0,142,146,160,167,180,192,0.0,157.0,0.0,0.0,0.0,0.0,124.30000000000001,169.5,203.4,237.3,271.2
65,65,1463744666.18,0,1,14,182.81,662.7,129.7,23.0,148.0,162.0,38.0,3.869,66,10.19,1.36,720.0,1760.0,0,80.4,136.5,105.0,662.7,3.855050115651504,357.63688800000006,607.18203,4.0,65,422.60869565217394,0.0,0.0,148.0,0.0,0.0,0.0,142,146,160,167,180,192,0.0,162.0,0.0,0.0,0.0,0.0,124.30000000000001,169.5,203.4,237.3,271.2
66,66,1463744668.67,0,1,15,185.49,673.1,129.62,23.0,148.0,163.0,38.0,3.872,67,10.27,1.33,710.0,1780.0,0,81.5,139.8,105.0,673.1,3.8574294090418144,362.52993,621.861156,4.0,65,425.2173913043478,0.0,0.0,148.0,0.0,0.0,0.0,142,146,160,167,180,192,0.0,163.0,0.0,0.0,0.0,0.0,124.30000000000001,169.5,203.4,237.3,271.2
67,67,1463744671.43,0,1,16,188.19,683.6,129.53,22.0,149.0,163.0,39.0,3.874,68,10.42,1.36,720.0,1780.0,0,81.0,139.9,105.0,683.6,3.86010962711341,360.30582,622.305978,4.0,66,444.54545454545456,0.0,0.0,149.0,0.0,0.0,0.0,142,146,160,167,180,192,0.0,163.0,0.0,0.0,0.0,0.0,124.30000000000001,169.5,203.4,237.3,271.2
68,68,1463744674.04,0,1,17,190.84,693.8,129.72,22.0,149.0,162.0,39.0,3.869,69,10.33,1.33,710.0,1770.0,0,82.3,140.9,105.0,693.8,3.8544557508479804,366.088506,626.7541980000001,4.0,67,441.8181818181818,0.0,0.0,149.0,0.0,0.0,0.0,142,146,160,167,180,192,0.0,162.0,0.0,0.0,0.0,0.0,124.30000000000001,169.5,203.4,237.3,271.2
69,69,1463744676.59,0,1,18,193.38,703.8,129.24,22.0,149.0,164.0,40.0,3.883,70,10.41,1.36,720.0,1770.0,0,79.9,142.6,104.0,703.8,3.86877127824203,355.412778,634.3161719999999,4.0,68,447.27272727272725,0.0,0.0,149.0,0.0,0.0,0.0,142,146,160,167,180,192,0.0,164.0,0.0,0.0,0.0,0.0,124.30000000000001,169.5,203.4,237.3,271.2
70,70,1463744679.41,0,1,19,196.21,714.7,129.72,23.0,150.0,162.0,41.0,3.869,71,10.19,1.3,690.0,1830.0,0,83.5,144.1,105.0,714.7,3.8544557508479804,371.42637,640.988502,4.0,69,422.60869565217394,0.0,0.0,150.0,0.0,0.0,0.0,142,146,160,167,180,192,0.0,162.0,0.0,0.0,0.0,0.0,124.30000000000001,169.5,203.4,237.3,271.2
71,71,1463744682.08,0,1,20,198.87,724.9,129.66,22.0,150.0,162.0,41.0,3.871,72,10.62,1.36,730.0,1740.0,0,77.9,132.4,105.0,724.9,3.856239395341663,346.516338,588.944328,4.0,70,441.8181818181818,0.0,0.0,150.0,0.0,0.0,0.0,142,146,160,167,180,192,0.0,162.0,0.0,0.0,0.0,0.0,124.30000000000001,169.5,203.4,237.3,271.2
72,72,1463744684.78,0,1,21,201.55,735.2,130.6,23.0,151.0,159.0,42.0,3.842,73,10.2,1.36,730.0,1760.0,0,77.5,139.3,105.0,735.2,3.8284839203675345,344.73705,619.637046,4.0,71,414.7826086956522,0.0,0.0,151.0,0.0,0.0,0.0,142,146,160,167,180,192,0.0,159.0,0.0,0.0,0.0,0.0,124.30000000000001,169.5,203.4,237.3,271.2
73,73,1463744687.45,0,1,22,204.2,745.4,130.73,22.0,151.0,158.0,43.0,3.839,74,10.28,1.36,730.0,1740.0,0,82.6,147.9,105.0,745.4,3.824676814809149,367.42297199999996,657.891738,4.0,72,430.90909090909093,0.0,0.0,151.0,0.0,0.0,0.0,142,146,160,167,180,192,0.0,158.0,0.0,0.0,0.0,0.0,124.30000000000001,169.5,203.4,237.3,271.2
74,74,1463744690.15,0,1,23,206.92,756.0,129.16,23.0,151.0,164.0,43.0,3.886,75,10.28,1.36,720.0,1810.0,0,81.5,142.0,105.0,756.0,3.87116754413131,362.52993,631.64724,4.0,73,427.82608695652175,0.0,0.0,151.0,0.0,0.0,0.0,142,146,160,167,180,192,0.0,164.0,0.0,0.0,0.0,0.0,124.30000000000001,169.5,203.4,237.3,271.2
75,75,1463744692.79,0,1,24,209.59,766.3,129.43,22.0,150.0,163.0,44.0,3.877,76,10.56,1.36,730.0,1750.0,0,77.9,136.6,105.0,766.3,3.863092018851889,346.516338,607.626852,4.0,74,444.54545454545456,0.0,0.0,150.0,0.0,0.0,0.0,142,146,160,167,180,192,0.0,163.0,0.0,0.0,0.0,0.0,124.30000000000001,169.5,203.4,237.3,271.2
76,76,1463744695.43,0,1,25,212.22,776.5,130.05,22.0,150.0,161.0,45.0,3.859,77,10.35,1.39,740.0,1710.0,0,78.6,139.7,105.0,776.5,3.8446751249519413,349.630092,621.416334,4.0,75,439.09090909090907,0.0,0.0,150.0,0.0,0.0,0.0,142,146,160,167,180,192,0.0,161.0,0.0,0.0,0.0,0.0,124.30000000000001,169.5,203.4,237.3,271.2
77,77,1463744698.07,0,1,26,214.89,786.9,129.53,23.0,150.0,163.0,45.0,3.875,78,10.13,1.36,720.0,1750.0,0,81.3,145.7,105.0,786.9,3.86010962711341,361.640286,648.105654,4.0,76,425.2173913043478,0.0,0.0,150.0,0.0,0.0,0.0,142,146,160,167,180,192,0.0,163.0,0.0,0.0,0.0,0.0,124.30000000000001,169.5,203.4,237.3,271.2
78,78,1463744700.74,0,1,27,217.55,797.2,129.08,22.0,150.0,165.0,46.0,3.888,79,10.42,1.39,740.0,1730.0,0,79.6,144.0,105.0,797.2,3.873566780291292,354.078312,640.54368,4.0,77,450.0,0.0,0.0,150.0,0.0,0.0,0.0,142,146,160,167,180,192,0.0,165.0,0.0,0.0,0.0,0.0,124.30000000000001,169.5,203.4,237.3,271.2
79,79,1463744703.44,0,1,28,220.25,807.8,128.8,23.0,150.0,166.0,46.0,3.896,80,10.34,1.39,740.0,1770.0,0,80.8,139.1,105.0,807.8,3.881987577639751,359.416176,618.747402,4.0,78,433.04347826086956,0.0,0.0,150.0,0.0,0.0,0.0,142,146,160,167,180,192,0.0,166.0,0.0,0.0,0.0,0.0,124.30000000000001,169.5,203.4,237.3,271.2
80,80,1463744706.14,0,1,29,222.93,818.2,128.68,23.0,150.0,166.0,47.0,3.9,81,10.34,1.33,700.0,1820.0,0,85.1,145.4,105.0,818.2,3.8856077090456944,378.543522,646.771188,4.0,79,433.04347826086956,0.0,0.0,150.0,0.0,0.0,0.0,142,146,160,167,180,192,0.0,166.0,0.0,0.0,0.0,0.0,124.30000000000001,169.5,203.4,237.3,271.2
81,81,1463744708.69,0,1,30,225.5,828.4,128.24,22.0,150.0,168.0,48.0,3.914,82,10.69,1.39,730.0,1820.0,0,84.0,147.0,105.0,828.4,3.898939488459139,373.65048,653.88834,4.0,80,458.1818181818182,0.0,0.0,150.0,0.0,0.0,0.0,142,146,160,167,180,192,0.0,168.0,0.0,0.0,0.0,0.0,124.30000000000001,169.5,203.4,237.3,271.2
82,82,1463744711.48,0,1,31,228.29,839.2,127.93,23.0,150.0,169.0,48.0,3.923,83,10.4,1.36,720.0,1770.0,0,79.7,144.0,105.0,839.2,3.9083873993590244,354.523134,640.54368,4.0,81,440.8695652173913,0.0,0.0,150.0,0.0,0.0,0.0,142,146,160,167,180,192,0.0,169.0,0.0,0.0,0.0,0.0,124.30000000000001,169.5,203.4,237.3,271.2
83,83,1463744714.12,0,1,32,230.94,849.6,128.83,23.0,151.0,166.0,49.0,3.896,84,10.26,1.3,680.0,1780.0,0,88.8,158.7,105.0,849.6,3.8810835985407124,395.001936,705.932514,4.0,82,433.04347826086956,0.0,0.0,151.0,0.0,0.0,0.0,142,146,160,167,180,192,0.0,166.0,0.0,0.0,0.0,0.0,124.30000000000001,169.5,203.4,237.3,271.2
84,84,1463744716.79,0,1,33,233.59,860.1,127.25,22.0,151.0,172.0,50.0,3.944,85,10.56,1.36,710.0,1780.0,0,85.6,154.7,105.0,860.1,3.9292730844793713,380.767632,688.139634,4.0,83,469.09090909090907,0.0,0.0,151.0,0.0,0.0,0.0,142,146,160,167,180,192,0.0,0.0,172.0,0.0,0.0,0.0,124.30000000000001,169.5,203.4,237.3,271.2
85,85,1463744719.37,0,1,34,236.17,870.3,127.25,22.0,152.0,172.0,50.0,3.944,86,10.56,1.36,720.0,1780.0,0,81.9,141.0,105.0,870.3,3.9292730844793713,364.30921800000004,627.19902,4.0,84,469.09090909090907,0.0,0.0,152.0,0.0,0.0,0.0,142,146,160,167,180,192,0.0,0.0,172.0,0.0,0.0,0.0,124.30000000000001,169.5,203.4,237.3,271.2
86,86,1463744722.16,0,1,35,238.95,881.1,128.02,22.0,152.0,169.0,51.0,3.92,87,10.49,1.36,720.0,1780.0,0,82.6,142.2,105.0,881.1,3.9056397437900325,367.42297199999996,632.536884,4.0,85,460.90909090909093,0.0,0.0,152.0,0.0,0.0,0.0,142,146,160,167,180,192,0.0,169.0,0.0,0.0,0.0,0.0,124.30000000000001,169.5,203.4,237.3,271.2
87,87,1463744724.89,0,1,36,241.69,891.7,128.47,23.0,152.0,167.0,52.0,3.906,88,10.41,1.33,700.0,1850.0,0,81.5,134.0,105.0,891.7,3.8919592122674556,362.52993,596.06148,4.0,86,435.6521739130435,0.0,0.0,152.0,0.0,0.0,0.0,142,146,160,167,180,192,0.0,167.0,0.0,0.0,0.0,0.0,124.30000000000001,169.5,203.4,237.3,271.2
88,88,1463744727.56,0,1,37,244.36,902.1,129.31,22.0,152.0,164.0,52.0,3.881,89,10.63,1.33,700.0,1850.0,0,85.0,148.5,105.0,902.1,3.866676977805274,378.0987,660.56067,4.0,87,447.27272727272725,0.0,0.0,152.0,0.0,0.0,0.0,142,146,160,167,180,192,0.0,164.0,0.0,0.0,0.0,0.0,124.30000000000001,169.5,203.4,237.3,271.2
89,89,1463744730.47,0,1,38,247.24,913.1,129.97,22.0,152.0,161.0,53.0,3.861,90,10.75,1.33,710.0,1870.0,0,80.8,142.4,105.0,913.1,3.8470416249903825,359.416176,633.4265280000001,4.0,89,439.09090909090907,0.0,0.0,152.0,0.0,0.0,0.0,142,146,160,167,180,192,0.0,161.0,0.0,0.0,0.0,0.0,124.30000000000001,169.5,203.4,237.3,271.2
90,90,1463744733.26,0,1,39,250.04,923.9,130.9,22.0,153.0,158.0,54.0,3.834,91,10.69,1.36,730.0,1880.0,0,82.1,139.9,105.0,923.9,3.819709702062643,365.19886199999996,622.305978,4.0,90,430.90909090909093,0.0,0.0,153.0,0.0,0.0,0.0,142,146,160,167,180,192,0.0,158.0,0.0,0.0,0.0,0.0,124.30000000000001,169.5,203.4,237.3,271.2
91,91,1463744736.08,0,1,40,252.87,934.6,130.75,21.0,154.0,158.0,54.0,3.838,92,10.83,1.39,750.0,1890.0,0,76.4,137.2,105.0,934.6,3.8240917782026767,339.84400800000003,610.2957839999999,4.0,91,451.42857142857144,0.0,0.0,154.0,0.0,0.0,0.0,142,146,160,167,180,192,0.0,158.0,0.0,0.0,0.0,0.0,124.30000000000001,169.5,203.4,237.3,271.2
92,92,1463744738.9,0,1,41,255.69,945.4,132.0,21.0,154.0,154.0,55.0,3.802,93,10.68,1.36,730.0,1900.0,0,81.5,138.3,105.0,945.4,3.787878787878788,362.52993,615.1888260000001,4.0,92,440.0,0.0,0.0,154.0,0.0,0.0,0.0,142,146,160,167,180,192,0.0,154.0,0.0,0.0,0.0,0.0,124.30000000000001,169.5,203.4,237.3,271.2
93,93,1463744741.69,0,1,42,258.49,956.0,131.82,21.0,155.0,155.0,56.0,3.807,94,10.76,1.36,740.0,1870.0,0,78.9,130.3,105.0,956.0,3.793051130329237,350.964558,579.603066,4.0,93,442.85714285714283,0.0,0.0,155.0,0.0,0.0,0.0,142,146,160,167,180,192,0.0,155.0,0.0,0.0,0.0,0.0,124.30000000000001,169.5,203.4,237.3,271.2
94,94,1463744744.57,0,1,43,261.32,966.7,132.61,21.0,155.0,152.0,56.0,3.784,95,10.62,1.36,750.0,1890.0,0,74.9,122.8,105.0,966.7,3.7704547168388505,333.17167800000004,546.241416,4.0,94,434.2857142857143,0.0,0.0,155.0,0.0,0.0,0.0,142,146,160,167,180,192,0.0,152.0,0.0,0.0,0.0,0.0,124.30000000000001,169.5,203.4,237.3,271.2
95,95,1463744747.33,0,1,44,264.12,977.4,133.01,21.0,156.0,150.0,57.0,3.773,96,10.56,1.33,720.0,1890.0,0,85.5,153.3,105.0,977.4,3.7591158559506805,380.32281,681.9121260000001,4.0,94,428.57142857142856,0.0,0.0,156.0,0.0,0.0,0.0,142,146,160,167,180,192,0.0,150.0,0.0,0.0,0.0,0.0,124.30000000000001,169.5,203.4,237.3,271.2
96,96,1463744750.15,0,1,45,266.94,988.1,131.08,21.0,156.0,157.0,58.0,3.828,97,10.78,1.36,730.0,1900.0,0,80.4,143.2,105.0,988.1,3.814464449191333,357.63688800000006,636.985104,4.0,95,448.57142857142856,0.0,0.0,156.0,0.0,0.0,0.0,142,146,160,167,180,192,0.0,157.0,0.0,0.0,0.0,0.0,124.30000000000001,169.5,203.4,237.3,271.2
97,97,1463744752.97,0,1,46,269.76,998.8,131.61,21.0,156.0,155.0,58.0,3.813,98,10.78,1.36,740.0,1890.0,0,78.7,146.2,105.0,998.8,3.799103411594863,350.07491400000004,650.329764,4.0,96,442.85714285714283,0.0,0.0,156.0,0.0,0.0,0.0,142,146,160,167,180,192,0.0,155.0,0.0,0.0,0.0,0.0,124.30000000000001,169.5,203.4,237.3,271.2
98,98,1463744755.88,0,1,47,272.64,1009.6,132.75,21.0,156.0,151.0,59.0,3.78,99,10.7,1.36,750.0,1930.0,0,76.0,127.5,105.0,1009.6,3.766478342749529,338.06472,567.14805,4.0,97,431.42857142857144,0.0,0.0,156.0,0.0,0.0,0.0,142,146,160,167,180,192,0.0,151.0,0.0,0.0,0.0,0.0,124.30000000000001,169.5,203.4,237.3,271.2
99,99,1463744758.79,0,2,0,275.58,1020.6,133.89,21.0,156.0,147.0,59.0,3.748,100,10.77,1.36,750.0,2000.0,0,78.1,131.1,105.0,1020.6,3.734408843080141,347.405982,583.161642,4.0,98,420.0,0.0,0.0,156.0,0.0,0.0,0.0,142,146,160,167,180,192,0.0,147.0,0.0,0.0,0.0,0.0,124.30000000000001,169.5,203.4,237.3,271.2
100,100,1463744761.73,0,2,1,278.49,1031.5,134.57,20.0,156.0,145.0,60.0,3.729,101,11.05,1.39,770.0,1950.0,0,76.1,133.0,105.0,1031.5,3.715538381511481,338.50954199999995,591.61326,4.0,99,435.0,0.0,0.0,156.0,0.0,0.0,0.0,142,146,160,167,180,192,0.0,145.0,0.0,0.0,0.0,0.0,124.30000000000001,169.5,203.4,237.3,271.2
101,101,1463744764.67,0,2,2,281.45,1042.5,134.79,21.0,156.0,144.0,61.0,3.723,102,10.78,1.36,750.0,2000.0,0,78.5,147.8,105.0,1042.5,3.7094739965872843,349.18527,657.4469160000001,4.0,101,411.42857142857144,0.0,0.0,156.0,0.0,0.0,0.0,142,146,160,167,180,192,0.0,144.0,0.0,0.0,0.0,0.0,124.30000000000001,169.5,203.4,237.3,271.2
102,102,1463744767.55,0,2,3,284.34,1053.3,134.74,20.0,155.0,145.0,61.0,3.724,103,10.97,1.36,750.0,1950.0,0,80.2,142.5,105.0,1053.3,3.7108505269407748,356.747244,633.87135,4.0,101,435.0,0.0,0.0,155.0,0.0,0.0,0.0,142,146,160,167,180,192,0.0,145.0,0.0,0.0,0.0,0.0,124.30000000000001,169.5,203.4,237.3,271.2
103,103,1463744770.46,0,2,4,287.24,1064.1,133.93,21.0,155.0,147.0,62.0,3.747,104,10.9,1.39,770.0,1950.0,0,77.5,132.8,105.0,1064.1,3.733293511535877,344.73705,590.7236160000001,4.0,102,420.0,0.0,0.0,155.0,0.0,0.0,0.0,142,146,160,167,180,192,0.0,147.0,0.0,0.0,0.0,0.0,124.30000000000001,169.5,203.4,237.3,271.2
104,104,1463744773.49,0,2,5,290.29,1075.3,135.48,20.0,155.0,142.0,63.0,3.704,105,11.13,1.33,750.0,2060.0,0,74.3,119.4,105.0,1075.3,3.6905816356657812,330.502746,531.117468,4.0,103,426.0,0.0,0.0,155.0,0.0,0.0,0.0,142,146,160,167,180,192,0.0,142.0,0.0,0.0,0.0,0.0,124.30000000000001,169.5,203.4,237.3,271.2
105,105,1463744776.43,0,2,6,293.22,1086.1,137.54,20.0,155.0,136.0,63.0,3.648,106,11.06,1.33,750.0,2090.0,0,80.2,136.2,105.0,1086.1,3.635306092773012,356.747244,605.8475639999999,4.0,104,408.0,0.0,0.0,155.0,0.0,0.0,0.0,142,146,160,167,180,192,0.0,136.0,0.0,0.0,0.0,0.0,124.30000000000001,169.5,203.4,237.3,271.2
106,106,1463744779.52,0,2,7,296.31,1097.5,135.9,21.0,155.0,141.0,64.0,3.692,107,10.78,1.33,740.0,2060.0,0,83.4,139.7,105.0,1097.5,3.679175864606328,370.98154800000003,621.416334,4.0,106,402.85714285714283,0.0,0.0,155.0,0.0,0.0,0.0,142,146,160,167,180,192,0.0,141.0,0.0,0.0,0.0,0.0,124.30000000000001,169.5,203.4,237.3,271.2
107,107,1463744782.46,0,2,8,299.27,1108.5,134.4,20.0,155.0,146.0,65.0,3.733,108,11.19,1.36,750.0,2010.0,0,78.0,134.6,105.0,1108.5,3.720238095238095,346.96116,598.730412,4.0,107,438.0,0.0,0.0,155.0,0.0,0.0,0.0,142,146,160,167,180,192,0.0,146.0,0.0,0.0,0.0,0.0,124.30000000000001,169.5,203.4,237.3,271.2
108,108,1463744785.34,0,2,9,302.13,1119.2,135.34,20.0,155.0,143.0,65.0,3.707,109,10.98,1.36,750.0,2010.0,0,78.1,137.1,105.0,1119.2,3.694399290675336,347.405982,609.850962,4.0,107,429.0,0.0,0.0,155.0,0.0,0.0,0.0,142,146,160,167,180,192,0.0,143.0,0.0,0.0,0.0,0.0,124.30000000000001,169.5,203.4,237.3,271.2
109,109,1463744788.46,0,2,10,305.24,1130.6,135.35,20.0,155.0,143.0,66.0,3.707,110,10.99,1.36,760.0,2050.0,0,79.5,135.4,105.0,1130.6,3.694126339120798,353.63349,602.288988,4.0,109,429.0,0.0,0.0,155.0,0.0,0.0,0.0,142,146,160,167,180,192,0.0,143.0,0.0,0.0,0.0,0.0,124.30000000000001,169.5,203.4,237.3,271.2
110,110,1463744791.4,0,2,11,308.12,1141.3,135.34,20.0,155.0,143.0,67.0,3.707,111,11.05,1.33,740.0,1960.0,0,78.7,138.3,105.0,1141.3,3.694399290675336,350.07491400000004,615.1888260000001,4.0,110,429.0,0.0,0.0,155.0,0.0,0.0,0.0,142,146,160,167,180,192,0.0,143.0,0.0,0.0,0.0,0.0,124.30000000000001,169.5,203.4,237.3,271.2
111,111,1463744794.34,0,2,12,311.13,1152.4,135.46,21.0,155.0,142.0,67.0,3.704,112,10.69,1.33,740.0,2070.0,0,77.0,131.4,105.0,1152.4,3.6911265318175106,342.51294,584.496108,4.0,111,405.7142857142857,0.0,0.0,155.0,0.0,0.0,0.0,142,146,160,167,180,192,0.0,142.0,0.0,0.0,0.0,0.0,124.30000000000001,169.5,203.4,237.3,271.2
112,112,1463744797.31,0,2,13,314.09,1163.3,136.71,20.0,155.0,138.0,68.0,3.67,113,11.04,1.33,740.0,2030.0,0,78.8,138.7,105.0,1163.3,3.65737692926633,350.51973599999997,616.968114,4.0,112,414.0,0.0,0.0,155.0,0.0,0.0,0.0,142,146,160,167,180,192,0.0,138.0,0.0,0.0,0.0,0.0,124.30000000000001,169.5,203.4,237.3,271.2
113,113,1463744800.1,0,2,14,316.89,1173.8,136.0,20.0,154.0,141.0,69.0,3.69,114,10.98,1.36,750.0,2030.0,0,81.2,146.7,105.0,1173.8,3.676470588235294,361.195464,652.553874,4.0,112,423.0,0.0,0.0,154.0,0.0,0.0,0.0,142,146,160,167,180,192,0.0,141.0,0.0,0.0,0.0,0.0,124.30000000000001,169.5,203.4,237.3,271.2
114,114,1463744803.04,0,2,15,319.82,1184.8,134.28,21.0,154.0,146.0,69.0,3.737,115,10.83,1.36,750.0,1960.0,0,80.1,141.3,105.0,1184.8,3.7235627047959485,356.302422,628.533486,4.0,113,417.14285714285717,0.0,0.0,154.0,0.0,0.0,0.0,142,146,160,167,180,192,0.0,146.0,0.0,0.0,0.0,0.0,124.30000000000001,169.5,203.4,237.3,271.2
115,115,1463744806.04,0,2,16,322.82,1195.8,134.32,21.0,153.0,146.0,70.0,3.736,116,10.9,1.33,740.0,1960.0,0,76.1,130.8,105.0,1195.8,3.7224538415723645,338.50954199999995,581.827176,4.0,115,417.14285714285717,0.0,0.0,153.0,0.0,0.0,0.0,142,146,160,167,180,192,0.0,146.0,0.0,0.0,0.0,0.0,124.30000000000001,169.5,203.4,237.3,271.2
116,116,1463744808.98,0,2,17,325.73,1206.6,135.75,21.0,152.0,141.0,70.0,3.696,117,10.76,1.36,760.0,1960.0,0,76.0,134.0,105.0,1206.6,3.6832412523020257,338.06472,596.06148,4.0,116,402.85714285714283,0.0,0.0,152.0,0.0,0.0,0.0,142,146,160,167,180,192,0.0,141.0,0.0,0.0,0.0,0.0,124.30000000000001,169.5,203.4,237.3,271.2
117,117,1463744811.95,0,2,18,328.64,1217.3,135.86,21.0,153.0,141.0,71.0,3.693,118,10.76,1.36,760.0,1950.0,0,74.5,138.6,105.0,1217.3,3.6802590902399523,331.39239,616.523292,4.0,117,402.85714285714283,0.0,0.0,153.0,0.0,0.0,0.0,142,146,160,167,180,192,0.0,141.0,0.0,0.0,0.0,0.0,124.30000000000001,169.5,203.4,237.3,271.2
118,118,1463744814.71,0,2,19,331.5,1227.8,136.31,21.0,152.0,140.0,72.0,3.681,119,10.7,1.36,760.0,1910.0,0,74.9,134.9,105.0,1227.8,3.6681094563861785,333.17167800000004,600.064878,4.0,118,400.0,0.0,0.0,152.0,0.0,0.0,0.0,142,146,160,167,180,192,0.0,140.0,0.0,0.0,0.0,0.0,124.30000000000001,169.5,203.4,237.3,271.2
119,119,1463744817.59,0,2,20,334.38,1238.7,135.4,21.0,152.0,143.0,72.0,3.706,120,10.55,1.36,740.0,1940.0,0,83.9,150.0,105.0,1238.7,3.692762186115214,373.205658,667.2330000000001,4.0,119,408.57142857142856,0.0,0.0,152.0,0.0,0.0,0.0,142,146,160,167,180,192,0.0,143.0,0.0,0.0,0.0,0.0,124.30000000000001,169.5,203.4,237.3,271.2
120,120,1463744820.5,0,2,21,337.31,1249.5,133.47,21.0,151.0,149.0,73.0,3.759,121,10.76,1.33,740.0,1980.0,0,73.8,133.9,105.0,1249.5,3.7461601858095452,328.278636,595.616658,4.0,120,425.7142857142857,0.0,0.0,151.0,0.0,0.0,0.0,142,146,160,167,180,192,0.0,149.0,0.0,0.0,0.0,0.0,124.30000000000001,169.5,203.4,237.3,271.2
121,121,1463744823.41,0,2,22,340.19,1260.1,135.95,20.0,151.0,141.0,74.0,3.691,122,10.84,1.36,760.0,1950.0,0,75.7,145.7,105.0,1260.1,3.677822728944465,336.730254,648.105654,4.0,121,423.0,0.0,0.0,151.0,0.0,0.0,0.0,142,146,160,167,180,192,0.0,141.0,0.0,0.0,0.0,0.0,124.30000000000001,169.5,203.4,237.3,271.2
122,122,1463744826.32,0,2,23,343.09,1270.9,135.78,21.0,151.0,141.0,74.0,3.695,123,10.7,1.36,750.0,1950.0,0,79.0,133.7,105.0,1270.9,3.6824274561791133,351.40938,594.7270139999999,4.0,122,402.85714285714283,0.0,0.0,151.0,0.0,0.0,0.0,142,146,160,167,180,192,0.0,141.0,0.0,0.0,0.0,0.0,124.30000000000001,169.5,203.4,237.3,271.2
123,123,1463744829.23,0,2,24,346.01,1281.8,134.69,21.0,150.0,145.0,75.0,3.725,124,10.7,1.33,730.0,2000.0,0,77.6,133.2,105.0,1281.8,3.7122280792931917,345.181872,592.502904,4.0,123,414.2857142857143,0.0,0.0,150.0,0.0,0.0,0.0,142,146,160,167,180,192,0.0,145.0,0.0,0.0,0.0,0.0,124.30000000000001,169.5,203.4,237.3,271.2
124,124,1463744832.2,0,2,25,348.98,1292.7,135.52,20.0,151.0,142.0,76.0,3.703,125,10.9,1.36,760.0,2000.0,0,76.9,138.0,105.0,1292.7,3.6894923258559618,342.068118,613.85436,4.0,124,426.0,0.0,0.0,151.0,0.0,0.0,0.0,142,146,160,167,180,192,0.0,142.0,0.0,0.0,0.0,0.0,124.30000000000001,169.5,203.4,237.3,271.2
125,125,1463744835.08,0,2,26,351.88,1303.4,135.89,20.0,151.0,141.0,76.0,3.692,126,10.97,1.39,780.0,1950.0,0,74.6,128.7,105.0,1303.4,3.6794466112296713,331.83721199999997,572.485914,4.0,125,423.0,0.0,0.0,151.0,0.0,0.0,0.0,142,146,160,167,180,192,0.0,141.0,0.0,0.0,0.0,0.0,124.30000000000001,169.5,203.4,237.3,271.2
126,126,1463744837.99,0,2,27,354.78,1314.3,135.79,21.0,151.0,141.0,77.0,3.695,127,10.7,1.36,760.0,1960.0,0,80.5,134.4,105.0,1314.3,3.682156270712129,358.08171,597.840768,4.0,126,402.85714285714283,0.0,0.0,151.0,0.0,0.0,0.0,142,146,160,167,180,192,0.0,141.0,0.0,0.0,0.0,0.0,124.30000000000001,169.5,203.4,237.3,271.2
127,127,1463744840.96,0,2,28,357.74,1325.2,134.32,21.0,151.0,146.0,78.0,3.736,128,10.76,1.33,740.0,2030.0,0,77.6,140.2,104.0,1325.2,3.7224538415723645,345.181872,623.640444,4.0,127,417.14285714285717,0.0,0.0,151.0,0.0,0.0,0.0,142,146,160,167,180,192,0.0,146.0,0.0,0.0,0.0,0.0,124.30000000000001,169.5,203.4,237.3,271.2
128,128,1463744843.87,0,2,29,360.65,1336.1,135.28,20.0,152.0,143.0,78.0,3.709,129,11.03,1.36,750.0,1950.0,0,78.3,136.7,105.0,1336.1,3.6960378474275575,348.29562599999997,608.0716739999999,4.0,128,429.0,0.0,0.0,152.0,0.0,0.0,0.0,142,146,160,167,180,192,0.0,143.0,0.0,0.0,0.0,0.0,124.30000000000001,169.5,203.4,237.3,271.2
129,129,1463744846.78,0,2,30,363.57,1346.9,134.82,21.0,152.0,144.0,79.0,3.722,130,10.84,1.39,770.0,1980.0,0,75.5,137.3,105.0,1346.9,3.7086485684616526,335.84061,610.7406060000001,4.0,129,411.42857142857144,0.0,0.0,152.0,0.0,0.0,0.0,142,146,160,167,180,192,0.0,144.0,0.0,0.0,0.0,0.0,124.30000000000001,169.5,203.4,237.3,271.2
130,130,1463744849.69,0,2,31,366.43,1357.4,135.8,20.0,152.0,141.0,79.0,3.695,131,10.84,1.36,760.0,1900.0,0,72.1,123.7,105.0,1357.4,3.681885125184094,320.716662,550.244814,4.0,130,423.0,0.0,0.0,152.0,0.0,0.0,0.0,142,146,160,167,180,192,0.0,141.0,0.0,0.0,0.0,0.0,124.30000000000001,169.5,203.4,237.3,271.2
131,131,1463744852.54,0,2,32,369.34,1368.1,136.8,21.0,152.0,138.0,80.0,3.668,132,10.42,1.33,750.0,1960.0,0,77.0,132.7,105.0,1368.1,3.6549707602339176,342.51294,590.278794,4.0,131,394.2857142857143,0.0,0.0,152.0,0.0,0.0,0.0,142,146,160,167,180,192,0.0,138.0,0.0,0.0,0.0,0.0,124.30000000000001,169.5,203.4,237.3,271.2
132,132,1463744855.45,0,2,33,372.25,1379.0,135.59,20.0,152.0,142.0,81.0,3.701,133,10.83,1.39,770.0,1930.0,0,79.2,137.2,105.0,1379.0,3.68758758020503,352.29902400000003,610.2957839999999,4.0,132,426.0,0.0,0.0,152.0,0.0,0.0,0.0,142,146,160,167,180,192,0.0,142.0,0.0,0.0,0.0,0.0,124.30000000000001,169.5,203.4,237.3,271.2
133,133,1463744858.33,0,2,34,375.11,1389.5,134.69,21.0,153.0,145.0,81.0,3.725,134,10.62,1.3,720.0,1960.0,0,72.7,127.2,105.0,1389.5,3.7122280792931917,323.385594,565.813584,4.0,133,414.2857142857143,0.0,0.0,153.0,0.0,0.0,0.0,142,146,160,167,180,192,0.0,145.0,0.0,0.0,0.0,0.0,124.30000000000001,169.5,203.4,237.3,271.2
134,134,1463744861.15,0,2,35,377.94,1399.9,136.99,21.0,152.0,138.0,82.0,3.663,135,10.62,1.33,750.0,1960.0,0,76.3,127.9,105.0,1399.9,3.649901452660778,339.399186,568.9273380000001,4.0,134,394.2857142857143,0.0,0.0,152.0,0.0,0.0,0.0,142,146,160,167,180,192,0.0,138.0,0.0,0.0,0.0,0.0,124.30000000000001,169.5,203.4,237.3,271.2
135,135,1463744864.09,0,2,36,380.87,1410.7,136.7,20.0,152.0,139.0,83.0,3.67,136,10.9,1.39,780.0,1990.0,0,74.4,133.8,105.0,1410.7,3.65764447695684,330.94756800000005,595.1718360000001,4.0,135,417.0,0.0,0.0,152.0,0.0,0.0,0.0,142,146,160,167,180,192,0.0,139.0,0.0,0.0,0.0,0.0,124.30000000000001,169.5,203.4,237.3,271.2
136,136,1463744867.15,0,2,37,383.95,1422.0,136.45,20.0,152.0,139.0,83.0,3.677,137,10.77,1.39,780.0,1990.0,0,75.3,131.3,105.0,1422.0,3.664345914254306,334.950966,584.051286,4.0,136,417.0,0.0,0.0,152.0,0.0,0.0,0.0,142,146,160,167,180,192,0.0,139.0,0.0,0.0,0.0,0.0,124.30000000000001,169.5,203.4,237.3,271.2
137,137,1463744870.03,0,2,38,386.83,1432.8,135.88,20.0,151.0,141.0,84.0,3.693,138,10.85,1.36,750.0,1940.0,0,80.9,140.3,105.0,1432.8,3.6797173977038566,359.86099800000005,624.085266,4.0,137,423.0,0.0,0.0,151.0,0.0,0.0,0.0,142,146,160,167,180,192,0.0,141.0,0.0,0.0,0.0,0.0,124.30000000000001,169.5,203.4,237.3,271.2
138,138,1463744873.0,0,2,39,389.75,1443.6,134.41,21.0,151.0,146.0,85.0,3.733,139,10.76,1.36,750.0,1970.0,0,75.4,128.0,105.0,1443.6,3.719961312402351,335.39578800000004,569.37216,4.0,138,417.14285714285717,0.0,0.0,151.0,0.0,0.0,0.0,142,146,160,167,180,192,0.0,146.0,0.0,0.0,0.0,0.0,124.30000000000001,169.5,203.4,237.3,271.2
139,139,1463744875.88,0,2,40,392.67,1454.4,135.31,20.0,152.0,143.0,85.0,3.708,140,10.9,1.39,770.0,1950.0,0,76.4,137.5,105.0,1454.4,3.6952183874066957,339.84400800000003,611.63025,4.0,139,429.0,0.0,0.0,152.0,0.0,0.0,0.0,142,146,160,167,180,192,0.0,143.0,0.0,0.0,0.0,0.0,124.30000000000001,169.5,203.4,237.3,271.2
140,140,1463744878.79,0,2,41,395.54,1465.1,135.13,21.0,151.0,143.0,86.0,3.713,141,10.62,1.3,720.0,1960.0,0,80.7,136.6,105.0,1465.1,3.700140605343003,358.971354,607.626852,4.0,140,408.57142857142856,0.0,0.0,151.0,0.0,0.0,0.0,142,146,160,167,180,192,0.0,143.0,0.0,0.0,0.0,0.0,124.30000000000001,169.5,203.4,237.3,271.2
141,141,1463744881.64,0,2,42,398.41,1475.9,134.54,21.0,152.0,145.0,86.0,3.73,142,10.76,1.33,730.0,1930.0,0,82.0,144.3,105.0,1475.9,3.716366879738368,364.75404000000003,641.878146,4.0,141,414.2857142857143,0.0,0.0,152.0,0.0,0.0,0.0,142,146,160,167,180,192,0.0,145.0,0.0,0.0,0.0,0.0,124.30000000000001,169.5,203.4,237.3,271.2
142,142,1463744884.49,0,2,43,401.29,1486.6,133.68,21.0,152.0,148.0,87.0,3.754,143,10.7,1.33,730.0,1970.0,0,76.4,132.0,105.0,1486.6,3.7402752842609215,339.84400800000003,587.16504,4.0,142,422.85714285714283,0.0,0.0,152.0,0.0,0.0,0.0,142,146,160,167,180,192,0.0,148.0,0.0,0.0,0.0,0.0,124.30000000000001,169.5,203.4,237.3,271.2
143,143,1463744887.43,0,2,44,404.22,1497.4,135.4,21.0,153.0,143.0,88.0,3.706,144,10.77,1.33,740.0,1990.0,0,75.1,129.2,105.0,1497.4,3.692762186115214,334.06132199999996,574.710024,4.0,143,408.57142857142856,0.0,0.0,153.0,0.0,0.0,0.0,142,146,160,167,180,192,0.0,143.0,0.0,0.0,0.0,0.0,124.30000000000001,169.5,203.4,237.3,271.2
144,144,1463744890.37,0,2,45,407.14,1508.2,136.38,20.0,153.0,140.0,88.0,3.679,145,10.85,1.36,760.0,1970.0,0,79.5,139.2,105.0,1508.2,3.6662267194603317,353.63349,619.192224,4.0,144,420.0,0.0,0.0,153.0,0.0,0.0,0.0,142,146,160,167,180,192,0.0,140.0,0.0,0.0,0.0,0.0,124.30000000000001,169.5,203.4,237.3,271.2
145,145,1463744893.31,0,3,0,410.1,1519.2,135.05,20.0,154.0,144.0,89.0,3.716,146,10.92,1.39,770.0,1990.0,0,76.7,135.2,105.0,1519.2,3.7023324694557567,341.178474,601.3993439999999,4.0,145,432.0,0.0,0.0,154.0,0.0,0.0,0.0,142,146,160,167,180,192,0.0,144.0,0.0,0.0,0.0,0.0,124.30000000000001,169.5,203.4,237.3,271.2
146,146,1463744896.28,0,3,1,413.03,1530.0,135.13,21.0,154.0,143.0,90.0,3.713,147,10.84,1.33,740.0,2000.0,0,77.2,133.0,105.0,1530.0,3.700140605343003,343.402584,591.61326,4.0,146,408.57142857142856,0.0,0.0,154.0,0.0,0.0,0.0,142,146,160,167,180,192,0.0,143.0,0.0,0.0,0.0,0.0,124.30000000000001,169.5,203.4,237.3,271.2
147,147,1463744899.16,0,3,2,415.96,1540.9,135.78,20.0,153.0,141.0,90.0,3.695,148,10.97,1.39,770.0,1960.0,0,76.2,127.5,105.0,1540.9,3.6824274561791133,338.954364,567.14805,4.0,147,423.0,0.0,0.0,153.0,0.0,0.0,0.0,142,146,160,167,180,192,0.0,141.0,0.0,0.0,0.0,0.0,124.30000000000001,169.5,203.4,237.3,271.2
148,148,1463744901.95,0,3,3,418.72,1551.3,135.13,21.0,153.0,143.0,91.0,3.713,149,10.76,1.36,750.0,1960.0,0,80.3,141.2,105.0,1551.3,3.700140605343003,357.192066,628.088664,4.0,147,408.57142857142856,0.0,0.0,153.0,0.0,0.0,0.0,142,146,160,167,180,192,0.0,143.0,0.0,0.0,0.0,0.0,124.30000000000001,169.5,203.4,237.3,271.2
149,149,1463744905.04,0,3,4,421.78,1562.6,134.35,21.0,153.0,146.0,92.0,3.735,150,10.76,1.36,760.0,2000.0,0,74.5,127.9,105.0,1562.6,3.721622627465575,331.39239,568.9273380000001,4.0,149,417.14285714285717,0.0,0.0,153.0,0.0,0.0,0.0,142,146,160,167,180,192,0.0,146.0,0.0,0.0,0.0,0.0,124.30000000000001,169.5,203.4,237.3,271.2
150,150,1463744907.95,0,3,5,424.71,1573.3,135.91,20.0,153.0,141.0,92.0,3.692,151,10.91,1.36,760.0,1980.0,0,74.1,128.4,105.0,1573.3,3.6789051578250316,329.61310199999997,571.1514480000001,4.0,150,423.0,0.0,0.0,153.0,0.0,0.0,0.0,142,146,160,167,180,192,0.0,141.0,0.0,0.0,0.0,0.0,124.30000000000001,169.5,203.4,237.3,271.2
151,151,1463744910.89,0,3,6,427.64,1584.2,136.45,20.0,152.0,139.0,93.0,3.677,152,10.77,1.36,760.0,1980.0,0,81.1,142.0,105.0,1584.2,3.664345914254306,360.75064199999997,631.64724,4.0,151,417.0,0.0,0.0,152.0,0.0,0.0,0.0,142,146,160,167,180,192,0.0,139.0,0.0,0.0,0.0,0.0,124.30000000000001,169.5,203.4,237.3,271.2
152,152,1463744913.65,0,3,7,430.42,1594.6,134.54,21.0,152.0,145.0,94.0,3.73,153,10.91,1.36,750.0,1980.0,0,77.7,137.1,105.0,1594.6,3.716366879738368,345.62669400000004,609.850962,4.0,151,414.2857142857143,0.0,0.0,152.0,0.0,0.0,0.0,142,146,160,167,180,192,0.0,145.0,0.0,0.0,0.0,0.0,124.30000000000001,169.5,203.4,237.3,271.2
153,153,1463744916.77,0,3,8,433.53,1606.0,135.12,21.0,152.0,143.0,94.0,3.713,154,10.83,1.36,760.0,2010.0,0,73.1,125.6,105.0,1606.0,3.700414446417999,325.164882,558.696432,4.0,153,408.57142857142856,0.0,0.0,152.0,0.0,0.0,0.0,142,146,160,167,180,192,0.0,143.0,0.0,0.0,0.0,0.0,124.30000000000001,169.5,203.4,237.3,271.2
154,154,1463744919.5,0,3,9,436.3,1616.2,136.93,20.0,152.0,138.0,95.0,3.664,155,10.84,1.33,750.0,2010.0,0,75.8,130.9,105.0,1616.2,3.6515007668151607,337.175076,582.271998,4.0,153,414.0,0.0,0.0,152.0,0.0,0.0,0.0,142,146,160,167,180,192,0.0,138.0,0.0,0.0,0.0,0.0,124.30000000000001,169.5,203.4,237.3,271.2
155,155,1463744922.56,0,3,10,439.32,1627.4,136.23,21.0,152.0,140.0,95.0,3.683,156,10.63,1.36,750.0,1970.0,0,80.1,143.6,105.0,1627.4,3.6702635249210895,356.302422,638.7643919999999,4.0,155,400.0,0.0,0.0,152.0,0.0,0.0,0.0,142,146,160,167,180,192,0.0,140.0,0.0,0.0,0.0,0.0,124.30000000000001,169.5,203.4,237.3,271.2
156,156,1463744925.44,0,3,11,442.16,1638.0,134.93,21.0,152.0,144.0,96.0,3.719,157,10.84,1.36,760.0,1970.0,0,76.8,136.7,105.0,1638.0,3.7056251389609427,341.623296,608.0716739999999,4.0,156,411.42857142857144,0.0,0.0,152.0,0.0,0.0,0.0,142,146,160,167,180,192,0.0,144.0,0.0,0.0,0.0,0.0,124.30000000000001,169.5,203.4,237.3,271.2
157,157,1463744928.44,0,3,12,445.21,1649.2,135.32,20.0,151.0,143.0,97.0,3.708,158,10.85,1.33,740.0,2020.0,0,78.9,135.8,105.0,1649.2,3.694945314809341,350.964558,604.0682760000001,4.0,157,429.0,0.0,0.0,151.0,0.0,0.0,0.0,142,146,160,167,180,192,0.0,143.0,0.0,0.0,0.0,0.0,124.30000000000001,169.5,203.4,237.3,271.2
158,158,1463744931.38,0,3,13,448.16,1660.2,135.38,20.0,152.0,143.0,97.0,3.706,159,10.92,1.33,740.0,2020.0,0,79.3,137.7,105.0,1660.2,3.693307726399764,352.743846,612.5198939999999,4.0,158,429.0,0.0,0.0,152.0,0.0,0.0,0.0,142,146,160,167,180,192,0.0,143.0,0.0,0.0,0.0,0.0,124.30000000000001,169.5,203.4,237.3,271.2
159,159,1463744934.26,0,3,14,451.04,1670.8,135.72,20.0,151.0,142.0,98.0,3.697,160,10.97,1.36,760.0,1910.0,0,74.8,131.4,105.0,1670.8,3.6840554081933394,332.726856,584.496108,4.0,158,426.0,0.0,0.0,151.0,0.0,0.0,0.0,142,146,160,167,180,192,0.0,142.0,0.0,0.0,0.0,0.0,124.30000000000001,169.5,203.4,237.3,271.2
160,160,1463744937.14,0,3,15,453.92,1681.4,136.14,21.0,151.0,140.0,99.0,3.686,161,10.55,1.36,760.0,1950.0,0,74.8,130.3,105.0,1681.4,3.6726898780666963,332.726856,579.603066,4.0,160,400.0,0.0,0.0,151.0,0.0,0.0,0.0,142,146,160,167,180,192,0.0,140.0,0.0,0.0,0.0,0.0,124.30000000000001,169.5,203.4,237.3,271.2
161,161,1463744940.05,0,3,16,456.82,1692.1,136.14,21.0,151.0,140.0,99.0,3.686,162,10.76,1.39,780.0,1930.0,0,74.5,134.6,105.0,1692.1,3.6726898780666963,331.39239,598.730412,4.0,161,400.0,0.0,0.0,151.0,0.0,0.0,0.0,142,146,160,167,180,192,0.0,140.0,0.0,0.0,0.0,0.0,124.30000000000001,169.5,203.4,237.3,271.2
162,162,1463744942.84,0,3,17,459.62,1702.5,135.8,21.0,150.0,141.0,100.0,3.695,163,10.63,1.36,760.0,1930.0,0,77.1,138.6,105.0,1702.5,3.681885125184094,342.957762,616.523292,4.0,162,402.85714285714283,0.0,0.0,150.0,0.0,0.0,0.0,142,146,160,167,180,192,0.0,141.0,0.0,0.0,0.0,0.0,124.30000000000001,169.5,203.4,237.3,271.2
163,163,1463744945.84,0,3,18,462.61,1713.7,134.96,21.0,150.0,144.0,101.0,3.718,164,10.77,1.36,750.0,1940.0,0,79.6,143.1,105.0,1713.7,3.704801422643746,354.078312,636.5402819999999,4.0,163,411.42857142857144,0.0,0.0,150.0,0.0,0.0,0.0,142,146,160,167,180,192,0.0,144.0,0.0,0.0,0.0,0.0,124.30000000000001,169.5,203.4,237.3,271.2
164,164,1463744948.75,0,3,19,465.52,1724.4,134.43,21.0,150.0,146.0,101.0,3.733,165,10.7,1.33,740.0,1980.0,0,75.8,129.0,105.0,1724.4,3.7194078702670534,337.175076,573.82038,4.0,164,417.14285714285717,0.0,0.0,150.0,0.0,0.0,0.0,142,146,160,167,180,192,0.0,146.0,0.0,0.0,0.0,0.0,124.30000000000001,169.5,203.4,237.3,271.2
165,165,1463744951.69,0,3,20,468.42,1735.1,135.86,20.0,150.0,141.0,102.0,3.693,166,10.85,1.36,760.0,1950.0,0,76.1,136.0,105.0,1735.1,3.6802590902399523,338.50954199999995,604.9579200000001,4.0,165,423.0,0.0,0.0,150.0,0.0,0.0,0.0,142,146,160,167,180,192,0.0,141.0,0.0,0.0,0.0,0.0,124.30000000000001,169.5,203.4,237.3,271.2
166,166,1463744954.54,0,3,21,471.27,1745.6,136.11,21.0,150.0,140.0,102.0,3.687,167,10.71,1.36,760.0,1890.0,0,74.0,130.6,105.0,1745.6,3.6734993755051057,329.16828,580.937532,4.0,166,400.0,0.0,0.0,150.0,0.0,0.0,0.0,142,146,160,167,180,192,0.0,140.0,0.0,0.0,0.0,0.0,124.30000000000001,169.5,203.4,237.3,271.2
167,167,1463744957.39,0,3,22,474.16,1756.3,135.87,21.0,150.0,141.0,103.0,3.693,168,10.42,1.33,740.0,1960.0,0,77.9,133.4,105.0,1756.3,3.679988224037683,346.516338,593.392548,4.0,167,402.85714285714283,0.0,0.0,150.0,0.0,0.0,0.0,142,146,160,167,180,192,0.0,141.0,0.0,0.0,0.0,0.0,124.30000000000001,169.5,203.4,237.3,271.2
168,168,1463744960.06,0,3,23,476.83,1766.2,135.73,20.0,151.0,142.0,104.0,3.697,169,10.84,1.39,780.0,1960.0,0,69.4,127.1,105.0,1766.2,3.6837839829072427,308.70646800000003,565.368762,4.0,167,426.0,0.0,0.0,151.0,0.0,0.0,0.0,142,146,160,167,180,192,0.0,142.0,0.0,0.0,0.0,0.0,124.30000000000001,169.5,203.4,237.3,271.2
169,169,1463744963.06,0,3,24,479.83,1777.1,136.94,22.0,150.0,138.0,104.0,3.664,170,10.2,1.36,760.0,1900.0,0,71.9,123.9,105.0,1777.1,3.6512341171315907,319.827018,551.134458,4.0,169,376.3636363636364,0.0,0.0,150.0,0.0,0.0,0.0,142,146,160,167,180,192,0.0,138.0,0.0,0.0,0.0,0.0,124.30000000000001,169.5,203.4,237.3,271.2
170,170,1463744965.88,0,3,25,482.66,1787.5,136.94,21.0,150.0,138.0,105.0,3.664,171,10.49,1.36,760.0,1850.0,0,74.2,132.3,105.0,1787.5,3.6512341171315907,330.057924,588.4995060000001,4.0,170,394.2857142857143,0.0,0.0,150.0,0.0,0.0,0.0,142,146,160,167,180,192,0.0,138.0,0.0,0.0,0.0,0.0,124.30000000000001,169.5,203.4,237.3,271.2
171,171,1463744968.61,0,3,26,485.39,1797.7,136.26,22.0,150.0,140.0,106.0,3.682,172,10.27,1.33,740.0,1850.0,0,75.7,138.2,105.0,1797.7,3.669455452810803,336.730254,614.7440039999999,4.0,171,381.8181818181818,0.0,0.0,150.0,0.0,0.0,0.0,142,146,160,167,180,192,0.0,140.0,0.0,0.0,0.0,0.0,124.30000000000001,169.5,203.4,237.3,271.2
172,172,1463744971.58,0,3,27,488.35,1808.4,136.14,21.0,150.0,140.0,106.0,3.686,173,10.56,1.33,750.0,1910.0,0,71.6,120.1,105.0,1808.4,3.6726898780666963,318.492552,534.231222,4.0,172,400.0,0.0,0.0,150.0,0.0,0.0,0.0,142,146,160,167,180,192,0.0,140.0,0.0,0.0,0.0,0.0,124.30000000000001,169.5,203.4,237.3,271.2
173,173,1463744974.28,0,3,28,491.01,1818.4,136.72,21.0,149.0,138.0,107.0,3.67,174,10.49,1.36,750.0,1910.0,0,80.1,139.4,105.0,1818.4,3.657109420713868,356.302422,620.081868,4.0,173,394.2857142857143,0.0,0.0,149.0,0.0,0.0,0.0,142,146,160,167,180,192,0.0,138.0,0.0,0.0,0.0,0.0,124.30000000000001,169.5,203.4,237.3,271.2
174,174,1463744977.07,0,3,29,493.82,1828.9,134.42,22.0,149.0,146.0,107.0,3.733,175,10.41,1.36,760.0,1840.0,0,71.9,131.8,105.0,1828.9,3.719684570748401,319.827018,586.2753960000001,4.0,174,398.1818181818182,0.0,0.0,149.0,0.0,0.0,0.0,142,146,160,167,180,192,0.0,146.0,0.0,0.0,0.0,0.0,124.30000000000001,169.5,203.4,237.3,271.2
175,175,1463744980.04,0,3,30,496.83,1839.9,135.64,21.0,149.0,142.0,108.0,3.699,176,10.41,1.36,760.0,1930.0,0,73.3,126.6,105.0,1839.9,3.686228251253318,326.054526,563.144652,4.0,175,405.7142857142857,0.0,0.0,149.0,0.0,0.0,0.0,142,146,160,167,180,192,0.0,142.0,0.0,0.0,0.0,0.0,124.30000000000001,169.5,203.4,237.3,271.2
176,176,1463744982.89,0,3,31,499.66,1850.5,135.73,21.0,148.0,142.0,109.0,3.697,177,10.63,1.36,750.0,1890.0,0,78.2,134.8,105.0,1850.5,3.6837839829072427,347.85080400000004,599.6200560000001,4.0,176,405.7142857142857,0.0,0.0,148.0,0.0,0.0,0.0,142,146,160,167,180,192,0.0,142.0,0.0,0.0,0.0,0.0,124.30000000000001,169.5,203.4,237.3,271.2
177,177,1463744985.77,0,3,32,502.54,1861.2,134.65,21.0,148.0,145.0,109.0,3.726,178,10.61,1.39,770.0,1910.0,0,74.3,129.2,105.0,1861.2,3.713330857779428,330.502746,574.710024,4.0,177,414.2857142857143,0.0,0.0,148.0,0.0,0.0,0.0,142,146,160,167,180,192,0.0,145.0,0.0,0.0,0.0,0.0,124.30000000000001,169.5,203.4,237.3,271.2
178,178,1463744988.71,0,3,33,505.47,1871.9,135.4,21.0,147.0,143.0,110.0,3.706,179,10.55,1.33,740.0,1990.0,0,74.4,131.4,105.0,1871.9,3.692762186115214,330.94756800000005,584.496108,4.0,178,408.57142857142856,0.0,0.0,147.0,0.0,0.0,0.0,142,146,160,167,180,192,0.0,143.0,0.0,0.0,0.0,0.0,124.30000000000001,169.5,203.4,237.3,271.2
179,179,1463744991.68,0,3,34,508.38,1882.6,136.69,20.0,147.0,139.0,111.0,3.671,180,10.78,1.33,750.0,1960.0,0,75.2,127.8,105.0,1882.6,3.6579120637939866,334.506144,568.482516,4.0,179,417.0,0.0,0.0,147.0,0.0,0.0,0.0,142,146,160,167,180,192,0.0,139.0,0.0,0.0,0.0,0.0,124.30000000000001,169.5,203.4,237.3,271.2
180,180,1463744994.5,0,3,35,511.26,1893.3,136.35,20.0,148.0,140.0,111.0,3.68,181,10.85,1.42,790.0,1900.0,0,75.4,132.7,105.0,1893.3,3.6670333700036672,335.39578800000004,590.278794,4.0,180,420.0,0.0,0.0,148.0,0.0,0.0,0.0,142,146,160,167,180,192,0.0,140.0,0.0,0.0,0.0,0.0,124.30000000000001,169.5,203.4,237.3,271.2
181,181,1463744997.41,0,3,36,514.19,1904.3,134.81,21.0,149.0,144.0,112.0,3.722,182,10.63,1.39,770.0,1980.0,0,80.7,143.4,105.0,1904.3,3.708923670350864,358.971354,637.8747480000001,4.0,181,411.42857142857144,0.0,0.0,149.0,0.0,0.0,0.0,142,146,160,167,180,192,0.0,144.0,0.0,0.0,0.0,0.0,124.30000000000001,169.5,203.4,237.3,271.2
182,182,1463745000.44,0,3,37,517.21,1915.4,133.66,20.0,149.0,148.0,112.0,3.754,183,11.05,1.39,770.0,2040.0,0,72.4,131.9,105.0,1915.4,3.7408349543618136,322.051128,586.720218,4.0,182,444.0,0.0,0.0,149.0,0.0,0.0,0.0,142,146,160,167,180,192,0.0,148.0,0.0,0.0,0.0,0.0,124.30000000000001,169.5,203.4,237.3,271.2
183,183,1463745003.41,0,3,38,520.14,1926.2,136.41,20.0,150.0,139.0,113.0,3.678,184,11.04,1.36,760.0,1970.0,0,75.6,130.5,105.0,1926.2,3.665420423722601,336.28543199999996,580.49271,4.0,183,417.0,0.0,0.0,150.0,0.0,0.0,0.0,142,146,160,167,180,192,0.0,139.0,0.0,0.0,0.0,0.0,124.30000000000001,169.5,203.4,237.3,271.2
184,184,1463745006.38,0,3,39,523.11,1937.3,136.1,20.0,151.0,140.0,114.0,3.687,185,10.83,1.39,770.0,1980.0,0,78.8,147.6,105.0,1937.3,3.6737692872887586,350.51973599999997,656.557272,4.0,184,420.0,0.0,0.0,151.0,0.0,0.0,0.0,142,146,160,167,180,192,0.0,140.0,0.0,0.0,0.0,0.0,124.30000000000001,169.5,203.4,237.3,271.2
185,185,1463745009.17,0,3,40,525.94,1947.8,134.89,20.0,152.0,144.0,114.0,3.72,186,10.97,1.39,770.0,1980.0,0,75.5,137.1,105.0,1947.8,3.706723997331159,335.84061,609.850962,4.0,184,432.0,0.0,0.0,152.0,0.0,0.0,0.0,142,146,160,167,180,192,0.0,144.0,0.0,0.0,0.0,0.0,124.30000000000001,169.5,203.4,237.3,271.2
186,186,1463745012.23,0,3,41,529.01,1959.1,135.58,20.0,152.0,142.0,115.0,3.701,187,10.9,1.36,760.0,1990.0,0,74.8,129.6,105.0,1959.1,3.6878595663077145,332.726856,576.4893119999999,4.0,185,426.0,0.0,0.0,152.0,0.0,0.0,0.0,142,146,160,167,180,192,0.0,142.0,0.0,0.0,0.0,0.0,124.30000000000001,169.5,203.4,237.3,271.2
187,187,1463745015.14,0,3,42,531.9,1969.8,136.18,20.0,153.0,140.0,116.0,3.685,188,10.83,1.36,760.0,1950.0,0,78.2,128.0,105.0,1969.8,3.6716111029519753,347.85080400000004,569.37216,4.0,186,420.0,0.0,0.0,153.0,0.0,0.0,0.0,142,146,160,167,180,192,0.0,140.0,0.0,0.0,0.0,0.0,124.30000000000001,169.5,203.4,237.3,271.2
188,188,1463745018.05,0,3,43,534.82,1980.6,135.35,21.0,153.0,143.0,116.0,3.707,189,10.76,1.36,760.0,1970.0,0,76.5,126.2,105.0,1980.6,3.694126339120798,340.28883,561.365364,4.0,187,408.57142857142856,0.0,0.0,153.0,0.0,0.0,0.0,142,146,160,167,180,192,0.0,143.0,0.0,0.0,0.0,0.0,124.30000000000001,169.5,203.4,237.3,271.2
189,189,1463745020.96,0,3,44,537.72,1991.4,135.36,21.0,153.0,143.0,117.0,3.707,190,10.82,1.36,750.0,1950.0,0,80.1,142.2,105.0,1991.4,3.6938534278959807,356.302422,632.536884,4.0,188,408.57142857142856,0.0,0.0,153.0,0.0,0.0,0.0,142,146,160,167,180,192,0.0,143.0,0.0,0.0,0.0,0.0,124.30000000000001,169.5,203.4,237.3,271.2
190,190,1463745023.24,0,3,45,539.94,2000.0,134.09,21.0,154.0,147.0,118.0,3.742,191,10.82,1.36,750.0,1950.0,0,80.1,133.9,105.0,2000.0,3.728838839585353,356.302422,595.616658,4.0,189,420.0,0.0,0.0,154.0,0.0,0.0,0.0,142,146,160,167,180,192,0.0,147.0,0.0,0.0,0.0,0.0,124.30000000000001,169.5,203.4,237.3,271.2
